2021-03-21T23:11:35.000Z	1373774319474462722	通勤で急行から乗り換える普通電車が座れなくなってきた。そろそろ人も戻りそうだし、次に緊急事態宣言が出ても、もう人手は減りそうに無いな。	{'place_id': '207e95d6143148a2'}
2021-03-21T21:48:58.000Z	1373753525893619714	おはようございます。今朝は曇り空。寒い。それでは出勤です。今日もよろしくお願いします。	{'place_id': '06dee0fd8a4d815c'}
2021-03-21T14:43:50.000Z	1373646539294265351	撃沈後、ビジネスの世界に身を投じた。起業を4社。上海に渡り中国ビジネスにも。名古屋に拠点を置き、九州や首都圏、関西と毎日の様に往来。飛行機や新幹線を通勤電車のように乗りこなし。全てをビジネスに賭けて再び撃沈。家族を失い不治の病に。余命宣告を受けドン底でキリストに出会った。	{'place_id': 'a29d2918916e6486'}
2021-03-21T14:21:25.000Z	1373640895648591882	筑前深江から浜崎まで快速電車とバトルしたいと思ってるけどなかなか叶わず。 https://t.co/NhPwrLVBh9	{'place_id': '6772c147e8066ea1'}
2021-03-21T13:44:44.000Z	1373631665617076230	まずは来週日曜のコンサートに集中します❗	{'place_id': '9a9414fd6ec311ca'}
2021-03-21T13:06:44.000Z	1373622104260812801	わあ旅行してるわボク (@ JR 博多駅 in Fukuoka, Fukuoka Prefecture) https://t.co/LxK6SIzfQb https://t.co/EY1L0skD4v	{'place_id': '83e30e314d0e5320', 'coordinates': {'type': 'Point', 'coordinates': [130.420685, 33.590138]}}
2021-03-21T13:04:34.000Z	1373621555532496899	博多はもう桜が咲いて春でした。デビュー当時、飲み方もわからず勇気を出して一人飲みに出てみた小僧に初来店なのに「一緒について来る？」ってハシゴさせてくれた、住吉のBARのマスターは変わらず男前で優しい人でした。２０年経って当時のお礼を伝えられただけでも今回博多に来た甲斐があったなぁ https://t.co/RHNqxLWDBs	{'place_id': '83e30e314d0e5320'}
2021-03-21T12:31:43.000Z	1373613289020608514	去年の今週に岩国まで新幹線に乗ったのが最後に電車に丸一年乗ってない	{'place_id': 'd86aacdaf45b3cbd'}
2021-03-21T12:08:11.000Z	1373607368785686534	@chocoareki arekiさんいつでもお触りしてネ・・・←変態っぽいじゃないかーねェ🤣🤣最近、我が家のふなちゃん達はほとんど外出してないので、淋しそうにしているヨ😂暖かくなったら連れ出したいネ💖	{'place_id': '19592724f6230037'}
2021-03-21T11:09:44.000Z	1373592657801347073	西鉄電車、大善寺行き普通列車は運転してるから大善寺までなら行けるのか	{'place_id': '1809b21424d0d7a1'}
2021-03-21T11:09:29.000Z	1373592594886782981	タンブラーとか貰っても電車で帰るんだけどなあ	{'place_id': '06dee0fd8a4d815c'}
2021-03-21T11:05:07.000Z	1373591498374057989	西鉄電車、蒲池駅でｸﾙﾙｧと事故とかで乗車電が花畑駅で運行取り止めだと	{'place_id': '1809b21424d0d7a1'}
2021-03-21T10:56:36.000Z	1373589354719813632	@torianai @sagan_pirori 電車でGOはいつでもお待ちしておりますよ🤣🤣🤣	{'place_id': '10399e3c0b1f3a07'}
2021-03-21T09:41:42.000Z	1373570504259436552	老体に鞭うって子供達と3人でお出かけいつのまにか洒落たもん飲むようになって洒落た店知っとる。成長しとるわ😁#子供はいつのまにか成長しとる#男一人じゃ来ない店#AfternoonTeaTEAROOM 場所: 博多駅　Hakata Sta. https://t.co/J6t9ZjdD3o	{'place_id': '83e30e314d0e5320', 'coordinates': {'type': 'Point', 'coordinates': [130.42014501, 33.59003322]}}
2021-03-21T09:37:55.000Z	1373569552160714752	本日の買い物〜　息子が来週末に黒髪山方面でアドベンチャー教室に参加するとのことで旅行バッグ＆背中＆腰が鉄塊の人用ゴロゴロ。どちらもいい感じ。 https://t.co/rgQooeWcQi	{'place_id': 'dca0d1073411f55e'}
2021-03-21T09:08:40.000Z	1373562192604192771	今回の旅行でもみんなの九州きっぷに活躍してもらいました。一部区間はグリーン券自腹でしたが😀 https://t.co/Va9MCyN53s	{'place_id': '83e30e314d0e5320'}
2021-03-21T08:16:11.000Z	1373548981297377280	こんばんは💕✨皆の衆💕✨お疲れ様ですにょ💕✨夜勤の人は側車付きで出勤ですかにょ💕きおつけて行ってらっしゃいにょ💕晩ご飯は何故か恵方巻きの様な海苔巻千兵衛？海苔巻アラレ？んちゃ❣️ https://t.co/jsCPkBSrhb	{'place_id': '1809b21424d0d7a1'}
2021-03-21T08:02:19.000Z	1373545494446698496	5万もあれば出雲旅行できそうな件。	{'place_id': '361d4120fc43007e'}
2021-03-21T07:41:03.000Z	1373540141466259459	鳥栖サポ電車 (@ 鳥栖駅 in 鳥栖市, 佐賀県) https://t.co/X9ixVoIp8Q	{'place_id': '10399e3c0b1f3a07', 'coordinates': {'type': 'Point', 'coordinates': [130.51966798, 33.37367567]}}
2021-03-21T07:33:57.000Z	1373538353459601411	@t_okazaki57 なんしに？もう電車乗るよ。	{'place_id': '10399e3c0b1f3a07'}
2021-03-21T06:59:28.000Z	1373529674668593152	@billy_yuki0626 朝のご飯の時には、ワンワン🐶たくさん食べているから、Jrもたくさん食べて、パパとお出かけするんだよ～🐶と見せてあげてね。朝ごはんpartⅠ https://t.co/i5vase7oOQ	{'place_id': '8d59909b600e0352'}
2021-03-21T06:11:32.000Z	1373517612240363525	3月29日の北九州スタジアムである、U24日本代表の試合を見に行きたい！	{'place_id': '361d4120fc43007e'}
2021-03-21T05:22:24.000Z	1373505246996045827	乗り換え余裕で間に合う。電車の中で一息いれます😊 https://t.co/0juRCk45eE	{'place_id': '0fc3a409ea94c000'}
2021-03-21T05:17:46.000Z	1373504081616982016	@billy_yuki0626 ワンワン🐶は見せてあげたの？楽しみだね～ジェニファーさんもお疲れ気味だろうから、男2人は外出して休ませてあげないとね😊 https://t.co/BTYWdg8yAM	{'place_id': '8d59909b600e0352'}
2021-03-21T05:14:08.000Z	1373503167632056325	西鉄電車で福岡天神へ。まずは二日市まで。乗り換え2分なのでダッシュ💡 https://t.co/oHexpGDHsm	{'place_id': '0fc34eb0b794f006'}
2021-03-21T05:06:42.000Z	1373501296427159552	このゴージャスな特急電車乗ってみたい‼️ https://t.co/zHrWfIIqx9	{'place_id': '83e30e314d0e5320'}
2021-03-21T04:59:25.000Z	1373499463075991554	電車で南下。二日市→久留米急行 花畑西鉄天神大牟田線#まるお周遊録撮影場所から二日市の間に商談が1つまとまるっていうね(笑)。 https://t.co/6vy0Mm1OMf	{'place_id': '0fc3a409ea94c000'}
2021-03-21T04:55:25.000Z	1373498458649157632	時短営業も本日まで☆24日(水)より従来通り21時営業、今月末までお得なプランを発動します‼️3/21(日)Bar Gothicは🈺15:30〜21:00福岡市中央区舞鶴1-8-30プリズモ21ビル8階やまちゃん近くドラムBe-1隣のビル#親不孝通り#カラオケ#バー#V系#バーゴシック#1人飲み#福岡#天神#博多#旅行#観光 https://t.co/E4k2aE1Zyd	{'place_id': '0fc38a738014f000'}
2021-03-21T04:51:57.000Z	1373497584921153537	現在外です。😃💦雨降ってるので電車で行きます。😄外寒いです。🥶 https://t.co/ER5VlGH7Vh	{'place_id': '01784c311a5312c7'}
2021-03-21T04:10:01.000Z	1373487032433971201	これはもしかしたらよすさんの乗ってる電車に折り返しで俺乗るんじゃないか(ｺｿｺｿ)	{'place_id': 'aa7c3ccdbb497079'}
2021-03-21T03:49:55.000Z	1373481976116617216	自転車で行きよったけど雨くらいすぎてもう無理。電車乗る。	{'place_id': '07d9f73aa6481001'}
2021-03-21T03:41:27.000Z	1373479845389287424	オブリサンクスマッチ！電車でGO！#アビスパ福岡 場所: 博多駅 https://t.co/4JOsThYYpX	{'place_id': '83e30e314d0e5320', 'coordinates': {'type': 'Point', 'coordinates': [130.42049741, 33.58999392]}}
2021-03-21T02:32:59.000Z	1373462614735470596	休日出勤 (@ 肉が一番 in 福岡市, 福岡県) https://t.co/3js9YD5Ohy	{'place_id': 'f62cf04248a8314b', 'coordinates': {'type': 'Point', 'coordinates': [130.406071, 33.58111]}}
2021-03-21T01:52:23.000Z	1373452398572662785	本日も12時から出勤します#福岡　#ニューハーフ　https://t.co/wVUdw5yQT4優しいお兄さんといちゃいちゃしたい😊 https://t.co/5qKui4990Z	{'place_id': '83e30e314d0e5320'}
2021-03-21T01:46:03.000Z	1373450800639275011	そろそろ鳥栖に向かおうと家を出て空港から地下鉄乗って気付いたけど、今年初めて電車乗る。	{'place_id': '0fc3a43f5a94d001'}
2021-03-21T01:32:50.000Z	1373447476011659264	@kenryu_ouka 落ち着いたら今度飲みに行きましょう！😁	{'place_id': 'b625c675c61c863b'}
2021-03-21T00:58:57.000Z	1373438951294341125	改めておはようございますとりあえず博多駅着いて電車待ち！昨日はいろんな人に会ったなーまっちゃさん、おつゆくん、トビさん、こーきさん、くろくん、たいとくん、こうしくん、りつせんせ、ヨミさん、こげぱんさん、うちわボーイズ兄、弟、Tくん、トカゲくん、じゅんくん、	{'place_id': '83e30e314d0e5320'}
2021-03-21T00:37:14.000Z	1373433485038260225	乗ってる電車がライブカメラに映る👀 https://t.co/KslhFYb792	{'place_id': '07d9c96ce6888001'}
2021-03-22T23:51:00.000Z	1374146624138616835	平日飲みに行くなら野外でサッカー見ながらどうよ？って感じになっていかないと広がらないだろうなあ。競技の中身も大事だけど、エンタメ性も大事。僕は音楽フェスと同じ感覚で参加できるといいなーと思ってます。ガチで応援する人、ゆるく音楽を楽しみたい人、それぞれ。 https://t.co/lEjWNU0SAS	{'place_id': 'ae083492b529328a'}
2021-03-22T23:23:46.000Z	1374139771052650499	@mako1221s おはようございます☀優ちゃん天気が優ちゃんを誘ってる。お出かけしようって誘ってる☺️楽しんで行ってらっしゃい〜😊	{'place_id': '83e30e314d0e5320'}
2021-03-22T23:00:49.000Z	1374133994552320001	朝早く起きて花見ライドしながら出勤すればいいんや！・・・・案の定起きれず(何ならやや寝坊して)ただの自転車通勤となりました。	{'place_id': '9d0651f2d83b1584'}
2021-03-22T22:53:05.000Z	1374132049922072576	【各位】元職場に復帰します　発令は5月1日付です　お仕事やだめう病なので延びる可能性はあります　またやらかしてるので復帰と同時に出勤停止です　結局働くのは5月15日くらいからです　憂鬱　じゃなくて　楽しみ😉☝️✨👏😊😃🤚	{'place_id': '83e30e314d0e5320'}
2021-03-22T22:20:27.000Z	1374123836979830786	昨日25%から飲みに出て、そのまま今まで保ってたので、大丈夫なのかな？	{'place_id': '83e30e314d0e5320'}
2021-03-22T21:46:40.000Z	1374115336581046272	おはようございます。今朝は青空広がってる。空気は冷たい。それでは出勤です。今日もよろしくお願いします。	{'place_id': '06dee0fd8a4d815c'}
2021-03-22T21:16:19.000Z	1374107698283773952	おはようございます😃今日は良い天気😄なので、トレーサーでお出かけします😁お仕事の方はぼちぼち頑張りましょう😄僕も気を付けてまいります😄👍	{'place_id': '67e8b450ce5fa959'}
2021-03-22T21:00:33.000Z	1374103731810168835	一方、カバティーナやフリアフロリダのおさらい、タンゴアンスカでの指のトレーニングも欠かせない。あー、いくら時間があっても足りない！今日一日の会社の時間が勿体ない。でも、通勤の電車で直木賞作品の「心淋し川」が読めるのは楽しみ。なんだかんだ言いながら、結構楽しんでいる人生かも？	{'place_id': 'd322b10e6a665c22'}
2021-03-22T15:20:36.000Z	1374018179563876359	明日の昼間新業務の予定だけど数揃ってないみたい🥺明日出勤しなきゃ分からんけど。無かったら応援先聞いて無ければ新卒の子教育やろうな。工具使った事無いみたいやし今日教えたけど締めた方緩い😨	{'place_id': '361d4120fc43007e'}
2021-03-22T14:13:36.000Z	1374001316461043713	出勤前に近所に咲いてた桜🌸 https://t.co/qjQg9zwDSx	{'place_id': '8d59909b600e0352'}
2021-03-22T14:11:16.000Z	1374000731116564487	@billy_yuki0626 Jrくらいの幼児の行動は見ていて飽きないよ😊日に日に賢く成るからね。休暇が取りにくくても、自宅から出勤できればJrもパパにワンワン🐶見せて貰えるから、素直にパパって言ってくれると思うなぁ… https://t.co/0ySRAT6cbg	{'place_id': '8d59909b600e0352'}
2021-03-22T12:29:43.000Z	1373975174006013955	旅行に行きたい！	{'place_id': '83e30e314d0e5320'}
2021-03-22T12:18:00.000Z	1373972224596643845	西鉄電車に乗換🚃 (@ 中央口改札 in Fukuoka, 福岡県) https://t.co/N1Flznd2FB https://t.co/VWdrIrpl8Q	{'coordinates': {'type': 'Point', 'coordinates': [130.39888139, 33.59125532]}, 'place_id': 'f62cf04248a8314b'}
2021-03-22T12:09:48.000Z	1373970163142324225	@a941028a そうやし、路面電車も低床車多いけどな～🚈	{'place_id': '19592724f6230037'}
2021-03-22T11:28:35.000Z	1373959790674681860	水卜ちゃんファンの旦那さん出勤した後だから録画してあげようっと🤭 https://t.co/mBxhRFyde8	{'place_id': '9a9414fd6ec311ca'}
2021-03-22T11:02:11.000Z	1373953145034797057	たぶん昨日10時には寝たのに今日朝出勤ギリギリの7時45分に起きてしまった。体大丈夫かいな俺	{'place_id': 'ae083492b529328a'}
2021-03-22T10:52:28.000Z	1373950701940838400	@toritetu7694 立野駅のところの桜めちゃくちゃキレイに咲いてたよー電車と一緒に撮るといい感じかも https://t.co/MMtrW6IGzs	{'place_id': '1809b21424d0d7a1'}
2021-03-22T10:00:54.000Z	1373937724235804672	気持ち早い電車に乗れた！二日市19:01→荒木4247M快速荒木行ｸﾊ816-3009	{'place_id': '9a9414fd6ec311ca'}
2021-03-22T09:53:42.000Z	1373935912640417792	福岡旅行楽しむわよーん	{'place_id': '83e30e314d0e5320'}
2021-03-22T09:52:45.000Z	1373935674676547587	161って阪堺電車？ https://t.co/Djt4z4qEKi	{'place_id': '1809b21424d0d7a1'}
2021-03-22T09:39:32.000Z	1373932344978014214	業務連絡。今週水曜から週末にかけて福岡旅行のご予定の方。舞鶴公園含め天神中央公園も桜の見頃です。初日まで時間あったら散策あれ🌸	{'place_id': '83e30e314d0e5320'}
2021-03-22T08:22:01.000Z	1373912837844729860	@M214plus 台北でそんな感じとは💦スコールにはあいましたが、台北もベトナムも、ずっと晴れていたので、頭痛持ちの旅行者として移動は助かりました。雨季も、少しでも土地勘があれば、leleleさんのように楽しめるかもしれません😊💡お話を伺うと、風情がありそうで良いかも、と😃💕	{'place_id': '684cc1cfd89cacef'}
2021-03-22T06:31:48.000Z	1373885102149734400	急な外出入って昼飯食えねぇ🤦ってなった目の前にこれ、1年早かったなぁ (@ 天神中央公園 in 福岡市, 福岡県) https://t.co/rxC19UDA2W https://t.co/KSETRliXy5	{'coordinates': {'type': 'Point', 'coordinates': [130.40276641, 33.5907838]}, 'place_id': 'f62cf04248a8314b'}
2021-03-22T06:15:07.000Z	1373880904616058880	基山で『或る電車』と並走 https://t.co/dgCfp2fEQQ	{'place_id': '83e30e314d0e5320'}
2021-03-22T05:44:07.000Z	1373873100203364359	出勤‼️ (@ 博多駅 in 福岡市, 福岡県) https://t.co/aMPBUxQZ5h	{'coordinates': {'type': 'Point', 'coordinates': [130.420687, 33.590112]}, 'place_id': '83e30e314d0e5320'}
2021-03-22T05:13:22.000Z	1373865365458059266	いい電車であ (@ 地下鉄 博多駅 in 福岡市, 福岡県 w/ @s_n_d_n_r_) https://t.co/HhGKXeFFUx https://t.co/UGRuXIgJHR	{'coordinates': {'type': 'Point', 'coordinates': [130.420689, 33.590108]}, 'place_id': '83e30e314d0e5320'}
2021-03-22T04:08:28.000Z	1373849031835717634	#平成筑豊鉄道 完乗&amp;乗り換えて #819系 の #DENCHA  に。非電化区間に入るまでは、至って普通の電車。 https://t.co/tbpigXGD3K	{'place_id': '07d9e3ad6b083004'}
2021-03-22T03:33:22.000Z	1373840195875835907	@cinnamon215 愛内里菜りん聴きながら軽快に出勤です☺️🎶今週も宜しくでっす(｀ー´ゞ-☆	{'place_id': 'ae083492b529328a'}
2021-03-22T03:18:10.000Z	1373836371983364101	出勤。寒い😵今日から1週間頑張ろう。	{'place_id': '66b3953bdc6122dd'}
2021-03-22T03:12:06.000Z	1373834845760057348	こんにちは😊今日もラストの時間までいたずらバニーちゃんでお待ちしております🙇🐇本日の出勤🐇https://t.co/ZnvsK6qW2I😊店長ブログ💓https://t.co/6ovNrM7Exv#中洲ソープ#中洲を盛り上げよう https://t.co/tsOsS8FVlv	{'place_id': '83e30e314d0e5320'}
2021-03-22T02:27:20.000Z	1373823579679191044	そろそろ夜勤出勤しますか。	{'place_id': '361d4120fc43007e'}
2021-03-22T00:50:49.000Z	1373799289978191872	@billy_yuki0626 パパの次の休暇の時も、外出できれば連れ出してあげると良いから、Jrが気に入ったみたいな絵本📚が有れば、2～3冊購入してあげると良いよ😊散歩partⅡ https://t.co/SWakYmDxUI	{'place_id': '8d59909b600e0352'}
2021-03-22T00:40:07.000Z	1373796597188890627	テレワークがもう一つ伸びないのは、推進している自治体職員もそうだが、自治体首長が出勤しまくりな面もあるかも？東京の小池おばちゃんにしても、当初は良くリモートで会見なんかしてたが、今では全然やもんな･･･https://t.co/bKW8SvatDU	{'place_id': '207e95d6143148a2'}
2021-03-22T00:16:29.000Z	1373790651121164288	洗濯物干したのに…雨降るなんて聞いてない…。出勤してもーた(;_;)	{'place_id': '4c6f6aa0ae926c41'}
2021-03-23T22:57:00.000Z	1374495425302908933	おはようございます😃new靴で出勤も快適👟さくら🌸とバス🚌 https://t.co/XTXR9qtNRO	{'place_id': '0fc2d6788d54d000'}
2021-03-23T22:50:19.000Z	1374493740052541447	おはようございます😊本日も8時よりOPENです❗特別割引料金継続中です⤴️今日は兎くじの抽選日ですよ💓本日の出勤https://t.co/ZnvsK6qW2I店長ブログhttps://t.co/6ovNrM7Exv https://t.co/8NQ9uzCtTH	{'place_id': '83e30e314d0e5320'}
2021-03-23T21:47:25.000Z	1374477914251485189	おはようございます。うっすら雲もあるけど青空。空気は冷たい。それでは出勤です。今日もよろしくお願いします。	{'place_id': '06dee0fd8a4d815c'}
2021-03-23T21:05:14.000Z	1374467298329731076	おはようございます😃昨日は沢山のいいね👍ありがとうございました😄本日は午後からの出勤ですが、嫁様は朝からお仕事なので、送ってからトレーサーのお掃除でもしようかと思います😄今日も一日頑張りましょう😄👍	{'place_id': '67e8b450ce5fa959'}
2021-03-23T18:17:32.000Z	1374425092814381056	緊急事態解除されて即、会社の人らと朝3時まで呑んだ笑    明日出勤なのに笑	{'place_id': 'f62cf04248a8314b'}
2021-03-23T14:22:08.000Z	1374365854666649606	帰宅。今日からの新しい仕事比較的やりやすいけど腕が疲れる🥺まだまだ数あるから大変や。明日も出勤したら今日の続きやし。	{'place_id': '361d4120fc43007e'}
2021-03-23T13:37:23.000Z	1374354590359973892	@______pe06 たぶんコレが最後やと思います！また飲みにイキたいですね(;´Д｀)ﾊｧﾊｧ https://t.co/CAXUpEGiFd	{'place_id': '0f026d7e49007a8d'}
2021-03-23T13:34:30.000Z	1374353865382957060	登録制の自由出勤、全額日払いのキャバクラ派遣！ 場所: 人材派遣　中洲ティアラ https://t.co/Xozxg2rYan	{'coordinates': {'type': 'Point', 'coordinates': [130.4095628, 33.5918464]}, 'place_id': '83e30e314d0e5320'}
2021-03-23T13:18:19.000Z	1374349792281731079	肉じゃが大成功でした‼︎‼︎‼︎‼︎‼︎次はまいちゃんラスト出勤になります‼︎衣装はフリーコス‼︎‼︎‼︎‼︎料理は『チーズたこ焼き』絶対来てね‼︎‼︎‼︎😭 https://t.co/S5gHQqzQ1t	{'place_id': 'f62cf04248a8314b'}
2021-03-23T13:08:02.000Z	1374347206409416707	今夜の出勤はゆっくり走ろうと思って、いつもよりゆっくり走っていた。先にあるカーブから飛ばして来てるライト見えた。その車とスライド、BRZか86だった。暫くしたら後ろにベタ付けにする車が。ゆっくり走ろう気分だし左に避けた。爆音鳴らして抜いて行った車はBRZか86だった。	{'place_id': '10399e3c0b1f3a07'}
2021-03-23T11:54:24.000Z	1374328675563282437	緊急事態宣言が明けたので、本日は博多でシーシャを吸ってます🥰旅行先でもchillすると落ち着くのでおすすめですよ🥳#春からシーシャ #春から早稲田 https://t.co/ikypOADDhy	{'place_id': 'f62cf04248a8314b'}
2021-03-23T11:07:39.000Z	1374316908380491780	今日の夕方から相棒さんと稽古するはずが、私が泊まりの仕事を明日と勘違いしていたため、稽古出来なくなった事を出勤して気付いた。昨夜からレンタルルームの料金が半額になるのを待って、今朝予約完了したのに…😓。仕事に身が入らず、魂の脱け殻のようだ(笑)😂	{'place_id': 'aa7c3ccdbb497079'}
2021-03-23T10:13:17.000Z	1374303229547216896	九州旅行楽しかった☺️1番遠い大村までわざわざ、まーこを見て、めっちゃ可愛くなったかえにゃんに久しぶりに会って、初めて見た..もっと早くに出会いたかった紗奈ちゃん見送って、あいちー好きになって推しを見つけ←🚣🏻‍♀️旅費は..回収できなかったけど←←また近いうちに九州に行くと思います✈️	{'place_id': '83e30e314d0e5320'}
2021-03-23T10:05:40.000Z	1374301312762867723	@billy_yuki0626 とにかく、今は外出自粛を繰り返しているから、庭でJrが遊べる家が１番だけど、脱走防止柵を取り付けるんだよ～🤣	{'place_id': '8d59909b600e0352'}
2021-03-23T09:54:11.000Z	1374298419834064899	乗ろうと思ってた電車が廃止されとったわーまた少しズレこみます	{'place_id': '83e30e314d0e5320'}
2021-03-23T08:54:48.000Z	1374283478196363264	電車の中でガムを噛むおっさんの口から漏れるスーッとする匂いは勘弁してほしい💦	{'place_id': 'dd7e627693cb9bea'}
2021-03-23T08:47:05.000Z	1374281533381513219	帰りの電車に乗車する前にJR九州のピクサー新幹線のPRの垂れ幕があったトイストーリーのウッディとバズライトイヤーやジェシーそしてあそボーイ#トイストーリー#あそボーイ https://t.co/7lTZzwoI23	{'place_id': '83e30e314d0e5320'}
2021-03-23T08:42:57.000Z	1374280493093425162	一昨年11月3日撮影の西鉄電車。2017年3月運用開始の9103Fと、2016年3月運用開始の3120F。どっちも2両編成。9000形から、西鉄電車では初となる日本語,英語,中国語,韓国語の4言語表示フルカラーLED表示器が採用されている。 https://t.co/M0edPIS0YC	{'place_id': 'da55dfd4e124ccb5'}
2021-03-23T07:42:52.000Z	1374265373835501582	＼皆さんご存知ですか？／甘木鉄道の松崎駅前には松崎花壇部さんがキレイなお花を植えてあります🌷通勤通学の方の癒しになるような、本当に可愛い花壇です💕たまには電車に揺られて松崎駅で下車してみませんか？😊この季節、松崎散策も素敵ですよ🌸#松崎花壇部 #甘鉄松崎駅 https://t.co/k8GaUwVNs3	{'place_id': 'deb3f9e0199e0633'}
2021-03-23T07:19:24.000Z	1374259470767771649	クルマと電車と寝そべりと桜を見る会。 https://t.co/pKlsUe10o4	{'place_id': '07d9e4b9ec881005'}
2021-03-23T07:19:21.000Z	1374259456452653057	本日の出勤‼︎‼︎‼︎18.00ー22.00本日は『フリーコスプレ』料理は肉じゃがつくります😀✨ https://t.co/9tafRyIqCG	{'place_id': 'f62cf04248a8314b'}
2021-03-23T06:42:35.000Z	1374250202865885185	何とか夢の世界から戻って来れたよ。ぼちぼち出勤しまーす。	{'place_id': 'f62cf04248a8314b'}
2021-03-23T06:08:49.000Z	1374241705965289472	@_teeeeest @oimo_thunder お出かけアイテム持って行けそうです✨ほんとにいい情報ありがとうございました🙏ブログ楽しみにしてます👍	{'place_id': '06dee0fd8a4d815c'}
2021-03-23T05:58:02.000Z	1374238993512947718	ペン入れ…下絵…テキトー(￣▽￣;)時短も解除されたので飲みに行きたいけど…締切の緊急事態(TдT)明けたら誰か…中洲で飲みませんか～🍺( =＾ω＾)#音速の美少女たち https://t.co/WZ4qF2kCrc	{'place_id': '06dee0fd8a4d815c'}
2021-03-23T05:09:38.000Z	1374226812339777537	博多駅の6番ホームにあるラーメン屋さん。時間がなくてもいける！12時32分にお店に着いて、12時45分の電車に乗れた！	{'place_id': '01784c311a5312c7'}
2021-03-23T04:36:13.000Z	1374218401371983872	@spitz30th_UM 見っけアリーナ公演で燃えた！なつぞらのスピッツの足跡を追って帯広まで旅行した	{'place_id': '83e30e314d0e5320'}
2021-03-23T03:09:43.000Z	1374196633634709510	出勤。暖かいけど風ある分寒い😨立ち上げの新業務用意はしてあった。今日も頑張ろう。	{'place_id': '66b3953bdc6122dd'}
2021-03-23T02:26:13.000Z	1374185686044004352	そろそろ夜勤出勤しますか。	{'place_id': '361d4120fc43007e'}
2021-03-23T02:13:14.000Z	1374182417582358529	元祖博多めんたい重で朝食。2000円弱という高単価(朝食)なのに、店内満席。ほぼ卒業旅行や出張のお客さん。あれが食べたい！という目的と、競合が少ない朝食で一人勝ち。 https://t.co/RedBvRxELW	{'place_id': '83e30e314d0e5320'}
2021-03-23T00:25:01.000Z	1374155184604020739	四日昼の会社休んでからの出勤会社休んでも別の仕事で全く休んでいないというオチはあるw年取ると移動だけでも疲労します	{'place_id': '0feb8e41f2b83801'}
2021-03-23T00:18:46.000Z	1374153614483021828	ネットニュース業界の片隅にいますが、旅行の時は絶対に地元紙を紙で読みます。いつもはウェブで拝読する #HKT48 の 月イチ活動報告、紙面ではこんな感じになるんですね。座談会より、森保まどかさんの卒業発表の記事の方が大きい。 https://t.co/ByYSh8bs9T	{'place_id': '10399e3c0b1f3a07'}
2021-03-24T22:05:00.000Z	1374844723748237312	電車で寝てたらコンタクトレンズが外れた！腹立つわぁ	{'place_id': '9a9414fd6ec311ca'}
2021-03-24T21:59:06.000Z	1374843242219364353	息子は出勤、自分のお弁当完成。SNSチェック終わり。さて、Chromebookを開けてみよーかな。	{'place_id': '19592724f6230037'}
2021-03-24T18:23:15.000Z	1374788920131547137	@acha_neko_ 中学校の時に卒業旅行で井手以外の皆んなでUSJ行ってたよ☺️	{'place_id': 'f62cf04248a8314b'}
2021-03-24T18:07:00.000Z	1374784828608933895	関西圏の電車の方向幕の普通や快速、新快速のあの文字が好きなんだが、分かってくれる人はいるのだろうか？	{'place_id': '361d4120fc43007e'}
2021-03-24T17:41:05.000Z	1374778308185841665	アメリカ旅行に行っていた先輩ディレクターが急に背の高い白人男性に話しかけられ「私日本であなたにインタビューされたことあります。覚えてますか？」って話しかけられた天文学的な確率の話をたまに思い出して笑う。しかもその場所がフロリダのディズニーランドだったってのもステキ。	{'place_id': 'ae083492b529328a'}
2021-03-24T17:29:51.000Z	1374775479761133570	真鯛祭り🐟🐠🐡〜玄海町〜週末は！『真鯛祭り』ドライブスル~🚗お天気が良い今日☀️漁師さんが焼く、炭火焼き真鯛が食べたくなりました✨地元人も大好き！真鯛✨ぜひ！お出かけくださいませ✨皆さまのお越しをお待ちいたしております😋#玄海町　#真鯛祭り　#漁師さん　#おもてなし　#海の幸	{'place_id': 'e68c2ee78835a354'}
2021-03-24T15:36:17.000Z	1374746899987668998	@runrunrunrun714 フロントに預けて外出ではないんだよね？	{'place_id': '83e30e314d0e5320'}
2021-03-24T14:54:37.000Z	1374736416710782978	そいやこの前の休み志摩までお出かけしたんだけど…ここの海鮮丼美味しいのよねぇ〜💕 場所: 志摩の海鮮丼屋 https://t.co/PBYBRE1Upx	{'place_id': '6772c147e8066ea1', 'coordinates': {'type': 'Point', 'coordinates': [130.18781307, 33.57825455]}}
2021-03-24T14:36:53.000Z	1374731952092155909	@nyaooon29 ほぅ…まさかのプリキュアとな？「その心は？」とか振ったら地獄ですか？(笑)公休出勤頑張ってください♪(←他人事)	{'place_id': 'f62cf04248a8314b'}
2021-03-24T13:49:54.000Z	1374720129263529989	出勤しているよ！！ツイートが遅くなったよ！SKPだよ！ https://t.co/hOAReKJekM	{'place_id': 'f62cf04248a8314b'}
2021-03-24T12:05:12.000Z	1374693779123281920	許せない。名前が出ないことも許せない。法律で罰せられないことも許せない。政府が法案出さないから？野党が反対しているから？宮城でホテル療養中のコロナ患者２人の無断外出が判明　「別のホテルに１泊」　説得も戻らず(仙台放送)#Yahooニュースhttps://t.co/jmVxT1WKgL	{'place_id': 'd322b10e6a665c22'}
2021-03-24T12:03:03.000Z	1374693239752560644	明日は夜のコンサートに行く予定なのに出張の仕事入れられた〜間に合うかな😫いや間に合わせる！	{'place_id': '207e95d6143148a2'}
2021-03-24T11:39:45.000Z	1374687374920146954	@natsumi_m8 お疲れ様でした☺️楽しい配信でしたね、電車の中でも観れてよかったです🚃なんとタワーが36本も🤩なつまど優勝で〜す🏆	{'place_id': '06dee0fd8a4d815c'}
2021-03-24T11:01:04.000Z	1374677642054529024	BROS.開けます。昼前目が覚めてすぐに古賀稔彦さんの訃報から出勤前には首都圏が4/21まで時短延長のニュース。嫌な事ばかり。 https://t.co/1wG7Ghuf5y	{'place_id': '10978112bb141000'}
2021-03-24T10:23:24.000Z	1374668160729632768	@hashidumemo @yukari_sai @mocchiyinc @keiko_716 @YukonHibibi @kenta_o358o @arc_shino 仕事帰りの電車の中で聞きまーす😊✨✨楽しみ💕	{'place_id': '83e30e314d0e5320'}
2021-03-24T09:05:58.000Z	1374648674769235969	現在場所借りでやっていた美容室ukaが急遽3月31日をもちまして閉店することとなりました！！今後はhair room GRinさんで場所をお借りして(今のとこから徒歩５分程度)やっていきます！出勤日4月9.10.13〜1721.22.23.27日住所　福岡市中央区大名1-3-7サウスステージ①4階になります！ https://t.co/xLlQKv4xEJ	{'place_id': 'f62cf04248a8314b'}
2021-03-24T08:21:32.000Z	1374637490942877696	バイトの最後の出勤日何か感じるのかな〜って思ってたけど、なんも感じないわ	{'place_id': '8d59909b600e0352'}
2021-03-24T06:57:09.000Z	1374616256372903940	@sahtaso 子育て大変そうだから甘くしてたら、どんどんつけあがって、遅刻するわ欠勤するわ、裏でダンナはごちゃごちゃクレームつけるわ、しまいには出勤時間遅らせてくれと💧他の女子に悪いので、断ったら辞めることになり、手前まで散々配慮したのに逆恨みされた上にセクハラの濡れ衣着せられ、殺意でした😅	{'place_id': 'f62cf04248a8314b'}
2021-03-24T06:29:56.000Z	1374609408534048768	限界をとうの昔に超えたバイト靴加水分解通り越して崩壊ソール取れそう靴ないし次からモアテンで出勤 https://t.co/GXBE7v9LDv	{'place_id': '10399e3c0b1f3a07'}
2021-03-24T05:37:47.000Z	1374596284703592448	今日は夜勤なので出勤してないからお昼は自腹(⑉･̆-･̆⑉)ロックハンバーグ300ｇ。溶岩チーズの量すげぇ( ᐛ )و https://t.co/6x0yjYrQeo	{'place_id': '10f7c90af316e002'}
2021-03-24T03:15:21.000Z	1374560440798248960	出勤。風ある分暑さはマシかな。今日も頑張ろう。	{'place_id': '66b3953bdc6122dd'}
2021-03-24T02:28:16.000Z	1374548591566413825	そろそろ夜勤出勤しますか。	{'place_id': '361d4120fc43007e'}
2021-03-24T02:27:55.000Z	1374548500806008834	いつもとは違う反対のホームからガラガラの電車に衝動的に乗った。終着駅には僕以外いなかった(STU48「独り言で語るくらいなら」) (@ 企救丘駅 in Kitakyūshū, Fukuoka-ken) https://t.co/kNorye7XNV https://t.co/exsjWmabez	{'place_id': '67e8b450ce5fa959', 'coordinates': {'type': 'Point', 'coordinates': [130.87755094, 33.81976257]}}
2021-03-24T01:49:16.000Z	1374538777213857794	もはや設計を聞くまでもないスタイルｗ太宰府きた。菊竹清訓の九州国立博物館、電車の時間せまってて遠くからしか見れなかった…存在感はすごかった https://t.co/hw5mkHfbxk	{'place_id': '4bda4536528abe8f'}
2021-03-24T01:47:07.000Z	1374538235959865349	朝のラッシュを終えて時間ができたので試合を見に。試合は撮影NGのようなので、ほぼ満開の会場の桜を。今日はいい天気、最高のコンディションです☀️ https://t.co/60QzKxZAK3	{'place_id': '0fc34ca5c7542000'}
2021-03-24T01:46:53.000Z	1374538176186871812	パスポート受け取り3分で完了、街に用事は無い、帰る( Ꙭ)電車ガラガラだw https://t.co/8KPEzu5jS4	{'place_id': 'f62cf04248a8314b'}
2021-03-24T01:12:50.000Z	1374529608263954435	@milen_memo 知らないメモラーが見たらみんな電車の中で吹いてるらしいです笑	{'place_id': 'd86aacdaf45b3cbd'}
2021-03-25T23:20:59.000Z	1375226232976011266	おはようございます😃今朝はビタミンゼミからスタート🍋イムズにもう出勤してます⭐️	{'place_id': 'f62cf04248a8314b'}
2021-03-25T23:08:19.000Z	1375223046986862595	-サロン今池IN 福岡店-        かおる٩( 'ω' )وhttps://t.co/R934DmFAQy　本日16:00から出勤致します(*⁰▿⁰*)お問い合わせの上ご来店をお待ちしてます♪#サロン今池IN福岡店  #売り専　#ゲイ#天神　#博多　#風俗　#ウリ専 https://t.co/sSRtBPz7fs	{'place_id': 'f62cf04248a8314b'}
2021-03-25T21:54:32.000Z	1375204478392012802	【ドラレコ映像】筑肥線 踏切に取り残された車と電車がぶつかる！ https://t.co/94a7OACXth @YouTubeより昨日の筑肥線の踏切事故。車の不具合かと思ったが、不注意で侵入し無理だと分かり遮断機を上げようとしてる。上がってもすぐに下がるので意味無し。列車の速度が遅かった為最小限の被害に収まる	{'place_id': '06dee0fd8a4d815c'}
2021-03-25T21:54:20.000Z	1375204427858997248	おはようございます⛅本日も8時～OPENです😊緊急事態宣言が解除されご来店が多くなってます🈵推しのバニー👯ちゃんとは予約して会うのが🉐本日出勤のバニー👯ちゃんhttps://t.co/ZnvsK6qW2I店長ブログhttps://t.co/6ovNrM7Exv https://t.co/n8RqJiFhgI	{'place_id': '83e30e314d0e5320'}
2021-03-25T21:35:39.000Z	1375199725947736068	@AnasfcGo 旅行関連の保険が自動付帯なところが良いですね☺️	{'place_id': '06dee0fd8a4d815c'}
2021-03-25T21:08:21.000Z	1375192854943784961	次男、無事出勤。シャキッと起きるの苦手な子。仕事スイッチがあるのかな？しっかり起床。頑張れ💪	{'place_id': '19592724f6230037'}
2021-03-25T19:43:31.000Z	1375171509103124482	4.前日は早く寝る。出発時間は200km圏内(廿日市、長崎、熊本くらい)なら9時まででもいいが、オールからの旅行とか論外であるし社会人目線から言うと社会人失格。有り得ない。	{'place_id': '361d4120fc43007e'}
2021-03-25T17:45:42.000Z	1375141858800660485	中学卒業以降、会ってもない連絡先も知らない同級生から「〇〇だけど覚えてる？元気？」的なDMが届いた。返事すると「久々に飲みに行かない？」的な流れになり宗教に勧誘されるとこまで想像した。本当にそうなのか確かめたい。返そうか悩んでる。もしや、楽に儲けるビジネスの話かもしれないし。	{'place_id': 'ae083492b529328a'}
2021-03-25T15:58:22.000Z	1375114845352128513	推し事アンケート完了✉️出勤前にポストに投函しますクオカードは郵便局で為替を買ってからなので後日投函📮@sinonome_umi #東雲うみ #週刊アサヒ芸能   #週刊誌初表紙#おめでとう https://t.co/HSi4yWceds	{'place_id': '4c6f6aa0ae926c41'}
2021-03-25T15:48:55.000Z	1375112469874536449	@sinonome_umi @AGeinou 首都圏の発売日から遅れましたが、推しのグラドルの週刊誌初表紙ということで出勤前と帰宅時にコンビニ寄って見つけて買いました😇巻頭グラビアは4thDVDでみた衣装でしたが紙媒体でも黄金は健在👍巻末のインタビュー内容はもちろんですが、ドレス姿の写真がゴージャスなのが印象的でした✨ https://t.co/YDbKukgdqL	{'place_id': '4c6f6aa0ae926c41'}
2021-03-25T15:41:05.000Z	1375110496966246401	うちも自己紹介😆生まれは長崎県佐世保生まれの福岡育ちです推し選手→ギータ・巨くんこれからも仲良くしてください。野球観戦以外は、EXILE・三代目JSB・ディズニー・旅行・ハリネズミグッズが大好き(⑉• •⑉)配信アプリPocochaで配信してます。 #プロ野球開幕	{'place_id': '684cc1cfd89cacef'}
2021-03-25T15:18:48.000Z	1375104889018191877	喫茶キャプテンにウインナーコーヒー飲みにきませんか？@福岡県那珂川市https://t.co/UOx4rTCVPe https://t.co/E2BjsxGsor	{'place_id': '90670800ee355ca4'}
2021-03-25T13:02:16.000Z	1375070529447632901	今日の夜の部。きしまゆ、「自宅」を「楽屋」って言ったな。外出先に楽屋はないぞ!って思わず突っ込みたくなったわ←w#うらがわの事件簿	{'place_id': '28d9f7c5865651ca'}
2021-03-25T11:18:24.000Z	1375044390968647685	（＾ｕ＾）恐るべきほどに見せ場がない。ただ、ジョン・ケイルほどに音楽を熟知している人はいないと再確認できただけでも収穫である。ケイルのコンサートには1度だけ行ったことがあるが素晴らしいものであった。横浜の赤レンガでのこと。 https://t.co/KiQAXqNvNZ	{'place_id': '4bda4536528abe8f'}
2021-03-25T11:03:39.000Z	1375040678892212230	用事じゃなくてお出かけってやっぱり別物だよね🥺✨めっちゃ楽しかったし、美味しかった←https://t.co/R9dFyo256B#今日のランチ #生パスタ https://t.co/icYdox6eHe	{'place_id': '0fc343fbfa146001'}
2021-03-25T10:40:50.000Z	1375034937435250691	結局のところ撮り鉄が線路立ち入りで電車止めて物理的に世間に迷惑かけた結果がこれなのよね。実際に電車止まっちゃったんだから。それを指摘したら裏切り者だの偽善者だの言うてたら周囲の人からますます鉄オタのイメージ悪くなるの気づいてないのがもう https://t.co/ptXeFAr9uz	{'place_id': 'a29d2918916e6486'}
2021-03-25T10:37:38.000Z	1375034132422479873	電車は不発弾騒ぎで遅れ、ライブは中断したまま。ようやく電車が来たか？ https://t.co/xhRHQV4Ngt	{'place_id': 'a29d2918916e6486'}
2021-03-25T10:31:33.000Z	1375032602457829379	電車にも高性能・高機能ドラレコを搭載して撮り鉄の違法行為を取り締まるべきでは？😑違法行為を働いた張本人らに正当に損害賠償請求を行う為に😤 https://t.co/uoq6rV2Tll	{'place_id': '67e8b450ce5fa959'}
2021-03-25T09:17:29.000Z	1375013961171488769	https://t.co/d7V5lDhlqX↑YouTubeアップしました😊今回は熊本へのグルメ旅です🚙阿蘇と言えば「あか牛」ですよね♪紹介するお店ではなんと🐂と🍛がまさかのコラボレーション😍阿蘇の新名物間違い無しです❗是非旅の参考に♪#熊本 #阿蘇 #グルメ#カレー #ステーキ#YouTube相互登録#旅 #旅行 https://t.co/49k2yiHFn5	{'place_id': '4c6f6aa0ae926c41'}
2021-03-25T09:04:52.000Z	1375010785441759233	桜🌸満開お昼にお出かけした帰りに近くの山王公園に寄り道したら満開の桜🌸でした。 場所: Fukuoka-shi, Fukuoka, Japan https://t.co/vkTo6r9MvR	{'coordinates': {'type': 'Point', 'coordinates': [130.3833, 33.5817]}, 'place_id': 'f62cf04248a8314b'}
2021-03-25T08:12:18.000Z	1374997555847651337	福岡の住みやすさの理由の一つだった100円バスの値上げ。そしてかしいかえん閉園。コロナの厳しさを感じる。コロナが収まったらバス旅、電車旅バブルを到来させて俺たちの100円バスを取り戻そうぜ。#西鉄	{'place_id': '83e30e314d0e5320'}
2021-03-25T08:06:59.000Z	1374996219685007364	早出出勤帰り。桜が綺麗だったから。#アウトランダー https://t.co/5rWGyHk6te	{'place_id': '4bda4536528abe8f'}
2021-03-25T05:32:34.000Z	1374957357675937796	@yucci1018 二胡とオカリナって相性が良さそう💕11年前に宗次郎さんのコンサートにフラッと行ったのを思い出しました😍 https://t.co/uCn1eHP0Dj	{'place_id': '361d4120fc43007e'}
2021-03-25T04:48:19.000Z	1374946223069618176	ARIAの社員旅行で福岡来てます🤪 https://t.co/E82bfacClW	{'place_id': 'f62cf04248a8314b'}
2021-03-25T04:27:05.000Z	1374940878725255169	こんにちは😊今日もラストの時間までいたずらバニーちゃんでお待ちしております🙇🐇本日の出勤🐇https://t.co/ZnvsK6qW2I😊店長ブログ💓https://t.co/6ovNrM7Exv#中洲ソープ#中洲を盛り上げよう https://t.co/tsOsS8FVlv	{'place_id': '83e30e314d0e5320'}
2021-03-25T03:45:23.000Z	1374930383398035456	あ、このコンサートに向けてです💡 https://t.co/Q6EDnyzNgf	{'place_id': '10399e3c0b1f3a07'}
2021-03-25T03:18:33.000Z	1374923631243841536	出勤。めっちゃ暑い🥺今日も新卒の子おらん。今日も頑張ろう。	{'place_id': '66b3953bdc6122dd'}
2021-03-25T02:49:59.000Z	1374916441800011778	渋滞してるやん🥺早よ出たのにギリギリ出勤や。	{'place_id': 'd458617907c51263'}
2021-03-25T02:46:20.000Z	1374915526481170436	馬鹿は黙ってろ←100ふぁぼ鳥栖駅で弾いたピアノ←1,600Ｋ再生馬鹿がバカラをプレイ←−1,000ＫJPY今日は怠くて午前中サボり鳩「ぽっぽ」電車「ウィーン」大衆「桜きれーい🌸」	{'place_id': '83e30e314d0e5320'}
2021-03-25T02:24:36.000Z	1374910054147649543	そろそろ夜勤出勤しますか。	{'place_id': '361d4120fc43007e'}
2021-03-25T01:55:10.000Z	1374902646713159681	最近気候も良くなってきたので、一個前のバス停で降りて出勤している。福岡市民の憩いの場で春の日差しに照らされて今日のタスクとスケジュールを整理する。街にも彩りと賑わいが戻ってきて、個人的に嬉しい。さて！今日も一日頑張りますか！… なんてつぶやき作ってたらマジで遅刻する５分前🤣👑（笑 https://t.co/z5B7bOHviN	{'place_id': '0fc3a39542146000'}
2021-03-26T23:27:44.000Z	1375590320730112004	@yatanatarou おはようございます☀半日出勤するので仕事	{'place_id': '67e8b450ce5fa959'}
2021-03-26T22:30:53.000Z	1375576013875240960	出勤前&amp;天気が悪くなる前に志賀島に来ました。海がおだやかライダーさん少ない。 https://t.co/ognCUiR9ZD	{'place_id': '0fc26a445554f008'}
2021-03-26T19:29:44.000Z	1375530428161871872	出勤時間間違えて早く家出てしまった😅	{'place_id': '207e95d6143148a2'}
2021-03-26T19:23:45.000Z	1375528919122739209	🚆近鉄グループ、8ホテルを売却へ近鉄グループホールディングス【9041】が、ホテル近鉄ユニバーサル・シティなど8物件を米投資ファンドに売却すると発表！今年度の業績は、新型コロナによる鉄道、旅行両事業へのダメージで赤字転落。『会社四季報』でも構造改革を断行していたことが分かります☔️	{'place_id': '83e30e314d0e5320'}
2021-03-26T18:20:44.000Z	1375513061172281346	返事を返したら「飲み行かない？昔の話もしたいし、なんなら昼飯でもいいよ」と帰ってきた。飲みに行くならまだしも、「昼飯でも」が匂う。10数年ぶりに会う同級生で小一時間の昼飯で話が済むか…。オセロが白から黒に変わりつつある。よし、この選択肢は本人に決めさせよう。 https://t.co/8cpsQbC3Op	{'place_id': 'ae083492b529328a'}
2021-03-26T16:50:58.000Z	1375490469942071296	@djkia 電車で10駅は乗らないと家系がない。羨ましい！	{'place_id': '6772c147e8066ea1'}
2021-03-26T14:26:12.000Z	1375454040067203077	この歌ってニジガサキの3rdでは歌うのかなぁ歌うなら栞子パートはカラオケになるのだろうけど今のところはあくまでも今のところは！！ #ラブライブANN	{'place_id': '90670800ee355ca4'}
2021-03-26T14:24:55.000Z	1375453719140044802	プロ野球開幕日に、プーさんの故郷に来ると言う偶然。プーさん母校から徒歩５分掛からない所に駅は在ります。偶然電車が来たので、つい撮ってしまいました。プーさんの活躍と、明日のベイスターズ勝利を祈っています。#厳木駅#横浜一心#プロ野球開幕#宮﨑敏郎#横浜DeNAベイスターズ https://t.co/r82dB0jSCk	{'place_id': 'a29d2918916e6486'}
2021-03-26T14:02:07.000Z	1375447981030305796	「ゆるキャン2」見てる。この作品、ありがちな別荘持った同級生とか出てこず、女子高生がキャンプするだけの話なんだけど、なんか「るるぶ」をアニメで分かりやすく見てる感じで自分も旅行してる気分になりなんか良い。キャンプの豆知識も地味に役だつ。ただ、キャンプしたいとは思わない。	{'place_id': '8d59909b600e0352'}
2021-03-26T13:32:29.000Z	1375440520541990912	体験入店  速報❗明日3/27（土)2名の新人バニーちゃんが出勤予定ですよ💓https://t.co/ZnvsK6qW2I#中洲ソープ#体験入店#いたずらバニーちゃん#新人なので優しくリードしてあげて下さいね https://t.co/fZARHWzqnX	{'place_id': '83e30e314d0e5320'}
2021-03-26T13:15:56.000Z	1375436357049323521	@hiyomama1975 @kyukyo_musician ご来場、また温かい言葉をありがとうございます😳響ホール、舞台との距離感、音の余韻など、新しい発見もあったのではないでしょうか^ ^ホールは楽器とも言われます！色々な所での九響公演にお越しいただいていることに感謝と共に🥲、九響&amp;お出かけ&amp;観光、今後更にお楽しみいただけますように🚃🚙	{'place_id': '0fc323dd4314c002'}
2021-03-26T13:13:15.000Z	1375435680373895168	剣道の稽古は小学校の体育館でしてるから黙想のとき桜の匂いと電車の音とで風情を感じるよね。	{'place_id': '9a9414fd6ec311ca'}
2021-03-26T12:30:34.000Z	1375424940950745096	#枝垂れ桜 昨日のお出かけついでに撮ったやつ。やっぱり写真楽しい😭✨✨少しでも撮りに行けたらいいな💓※アカウント名はインスタの写真垢 #スマホ写真    #iPhone越しの私の世界 https://t.co/BTWhYhWClJ	{'place_id': '07d9c96524482004'}
2021-03-26T11:32:53.000Z	1375410425374896130	《お出かけしてたので》夕食は #英ちゃんうどん で、ごぼう天うどんとかしわおにぎりの鉄板コンビ。 場所: 英ちゃんうどん https://t.co/6tOGnmw7CF	{'place_id': '19592724f6230037', 'coordinates': {'type': 'Point', 'coordinates': [130.58129097, 33.79716472]}}
2021-03-26T10:44:12.000Z	1375398170985787398	見たことあるなぁと思ったら、高校の電車通学で使ってた区間やん https://t.co/GhmVzpEQV3	{'place_id': '8d59909b600e0352'}
2021-03-26T10:39:59.000Z	1375397111315922945	本日まいちゃんラストDAY😭22:00まで営業です☕【出勤キャスト】まいのぞみココアふわりとあいつきデジショ付たこやき(¥1,000)ありますお待ちしております！ https://t.co/uh0lTw7uIo	{'place_id': '0fc2c2bfc6947000'}
2021-03-26T10:26:55.000Z	1375393822914478083	今日ぐらいからお花見🌸で郊外に旅行する人もいっぱいいるだろうな。４月にはおさまると思って出稼ぎ労働頑張ったのに一か月遊んじまってお金がなくなってきたので、また三か月くらい出稼ぎに行こうかと迷ってます。それにしても働き盛りの人がまた一人また一人とあっけなく死んでるがホント大丈夫？ https://t.co/h064EU7kZV	{'place_id': '8d59909b600e0352'}
2021-03-26T09:52:59.000Z	1375385284611739648	電車だと、気付いたら長崎とか佐世保まで行っちゃいそうなので高速バスに乗っていこう	{'place_id': '0fc2ea8faf146000'}
2021-03-26T08:20:39.000Z	1375362046666022913	花見のシーズンに外出する人が増えるとトイレ🚽辺りが感染源になるんじゃない？何でも靴に付着して自動車の密室で感染する様な事を実際にトイレが原因でコロナの陽性反応がでた人から直接聞いた話だけどね。靴の裏消毒は結構大事かも。 https://t.co/3bY5gwU5Dr	{'place_id': '66b3953bdc6122dd'}
2021-03-26T05:35:37.000Z	1375320516047687681	入荷してます。#弓削信夫 著「#九州の鉄道おもしろ史」(#西日本新聞社) 元国鉄担当記者が明かす史実と滑稽話164本。ブラタモリで紹介された、ゆふいんの“一六曲がり“も掲載されています。#鈴木さちこ 著「#路面電車すごろく散歩」(#木楽舎) 全国の路面電車21路線。路線図とお散歩エッセイ収録。 https://t.co/gyFoiX1jWp	{'place_id': '12cd2b03ccd71007'}
2021-03-26T04:54:41.000Z	1375310211133636609	今日は16時出勤  昼ヨガ前に通勤路の山王公園にて  2～3分咲きの御衣黄桜と満開のソメイヨシノ見て、癒された(^o^)  #博多区#山王公園#御衣黄桜#ギョイコウサクラ 場所: 山王公園 https://t.co/S21snorXvy	{'place_id': '83e30e314d0e5320', 'coordinates': {'type': 'Point', 'coordinates': [130.43158177, 33.58201646]}}
2021-03-26T04:04:56.000Z	1375297692780261377	携帯電話する時にマスクずらすのやめろよ・・・なんなんだよ思わず電車でブチ切れちゃって怒鳴っちまったよ。電話もその人からかけた。周りには俺しか居ないし、走行音も煩い田舎電車だから俺が我慢すりゃいいやと思ったがマスクずらして長々とやられたら流石に(# ﾟДﾟ)	{'place_id': '6f8692fbabd23e62'}
2021-03-26T03:47:29.000Z	1375293300962258951	@minato_Shione エレガント出勤ヽ(*´▽)ノ♪	{'place_id': 'ae083492b529328a'}
2021-03-26T03:19:18.000Z	1375286207253336069	出勤。金曜日や。今週ラスト頑張ろう。	{'place_id': '66b3953bdc6122dd'}
2021-03-26T03:06:48.000Z	1375283062607544326	@minato_Shione こちらは今から出勤～🚐🎶	{'place_id': '28d9f7c5865651ca'}
2021-03-26T02:23:36.000Z	1375272193416777728	今日は暖かいので久しぶりに素足×ヒール👠でお出かけです。盗撮風になってもーた😂 https://t.co/LwTqin3Zx3	{'place_id': 'a29d2918916e6486'}
2021-03-26T02:14:48.000Z	1375269977264025600	ビールか美味しい季節となりました😊26日ディナー、週末営業いたします！#糸島#福岡旅行#タイ料理 https://t.co/9lB1L5Whm8	{'place_id': '0fc2c63abcd41000'}
2021-03-26T01:16:24.000Z	1375255279529390080	GoToトラベルは、ホテルや旅行会社だけが潤うのでは無く、地方経済が全体が活性化されるので、是非やって欲しい。所得が高い人がターゲットでは無く、所得の低い人でも、支援があると旅行に行けるので、ステージ2の地域は前倒ししてもやって欲しい！https://t.co/ca0rCJodwy	{'place_id': '207e95d6143148a2'}
2021-03-26T01:06:11.000Z	1375252709801041923	#バックルベルトサンダル#フラットサンダル大人見えなフラットサンダルで 高級感のあるバックルが魅力の一足👡安定感のあるヒールでちょっとしたお出かけに最適のサンダルです✨#madeinjapan #日本製 〈価格〉　￥４９９０(税込)〈ヒール〉３センチ#shoefantasy #シューファンタジー https://t.co/WEEmCTtZKv	{'place_id': '0fc396278fd5e002'}
2021-03-26T00:52:07.000Z	1375249168193581060	ブランコか電車内が出てきたらかなり警戒するね #シンエヴァ	{'place_id': 'f62cf04248a8314b'}
2021-03-26T00:50:29.000Z	1375248757713817603	日ハム・中田翔　緊急事態宣言解除前に後輩連れて堂々と深夜外出（NEWSポストセブン） https://t.co/50fHLuaGIg	{'place_id': '28d9f7c5865651ca'}
2021-03-26T00:49:56.000Z	1375248619033387009	現在福間駅予定より1本早い電車に乗り、鳥栖、佐賀、肥前山口経由で佐世保へ向かっていたが、現在鹿児島本線全線運転見合わせ既に25分の遅延。またしてもか…前回昨夏の台風といい、ここまでくると呪われているとしか思えないな。悪い流れは、なかなか断ち切れない。	{'place_id': '07d9e3e209486000'}
2021-03-26T00:45:47.000Z	1375247573414375426	春休みか…電車の乗客の感じが違う…	{'place_id': 'f62cf04248a8314b'}
2021-03-26T00:40:33.000Z	1375246256696623111	新商品【パウダーサンスクリーン SPF30/PA+++】予約販売スタート‼️4月から販売開始予定（入荷日未定）外出中の紫外線対策に最適な、携帯用日焼け止め余分な皮脂を抑え、テカリのない明るい輝きのある肌へ整えます✨内容量：3g税込 6,820円#ゼオスキン#パウダーサンスクリーンSPF30 https://t.co/pIqTDEvLSz	{'place_id': '0feb8e41f2b83801'}
2021-03-26T00:34:09.000Z	1375244649506373634	朝からホークスのTシャツ着て、バックパックにユニとアイブラックを仕込んで出勤。開幕セレモニーには間に合わないけど、🌰の第1打席には間に合いたいな。	{'place_id': '28d9f7c5865651ca'}
2021-03-27T23:45:20.000Z	1375957139672289280	いつかの旅行券10万円分プレゼントキャンペーン https://t.co/jnPuGt07nT #ミズノエナジーでどこ行こう #歩くってやっぱり長崎県長崎市、グラバー園。	{'place_id': 'f62cf04248a8314b'}
2021-03-27T23:33:13.000Z	1375954089742266374	今日はバナナスムージー🍌🥛飲んでイムズ出勤！	{'place_id': 'f62cf04248a8314b'}
2021-03-27T23:02:44.000Z	1375946419815641091	@yakiben 電車に持ち込めて、折り畳んで片手で移動、片手はお酒の紙袋が可能な機種を考えてみました。自宅保管も畳んで直立ならこんなタイプかな〜って。私はターン乗ってます https://t.co/9t7DLWgJ8s	{'place_id': '83e30e314d0e5320'}
2021-03-27T22:56:26.000Z	1375944831252324353	おはようございます⛅本日も8時～OPENです😊緊急事態宣言が解除されご来店が多くなってます🈵推しのバニー👯ちゃんとは予約して会うのが🉐本日出勤のバニー👯ちゃんhttps://t.co/ZnvsK6qW2I店長ブログhttps://t.co/6ovNrM7Exv https://t.co/n8RqJiFhgI	{'place_id': '83e30e314d0e5320'}
2021-03-27T22:20:28.000Z	1375935782783832068	傘持ちたくないけど、お出かけお出かけ。	{'place_id': '06dee0fd8a4d815c'}
2021-03-27T21:07:58.000Z	1375917534080212992	この時間の南福岡行き電車誰も乗ってない	{'place_id': '361d4120fc43007e'}
2021-03-27T14:21:42.000Z	1375815294338224135	30分待って西唐津行電車に乗車。この時間、本数少ないのを忘れてたわ(^_^;)まぁ最終に乗り遅れないから大丈夫ですけどね。	{'place_id': '83e30e314d0e5320'}
2021-03-27T13:43:55.000Z	1375805787382091780	出勤前に桜を見に行く。今日の雨風で散ってしまうだろうな。満開の桜、青空、きれいだね。#東長寺 #東長寺六角堂 場所: 東長寺 https://t.co/cl3a7fV7a0	{'place_id': '83e30e314d0e5320', 'coordinates': {'type': 'Point', 'coordinates': [130.41416667, 33.595]}}
2021-03-27T12:45:03.000Z	1375790974106935297	降りる人がいなくなったことを確認してから乗車したらぶつかることなくね、？電車乗ったことあるのかな🤔 https://t.co/P3V3QYqUUd	{'place_id': '361d4120fc43007e'}
2021-03-27T12:11:11.000Z	1375782448332644364	出勤してる！ https://t.co/cZinrU90HV	{'place_id': 'f62cf04248a8314b'}
2021-03-27T11:50:06.000Z	1375777143813255169	ジョギングに行ったら能古島行きのフェリーが出航するところでした。あ〜、どこか旅行に行きたい！iPhoneで撮影、編集しました。 場所: のこ渡船場 https://t.co/lmBeuYw8Co	{'place_id': '28d9f7c5865651ca', 'coordinates': {'type': 'Point', 'coordinates': [130.32730322, 33.59731137]}}
2021-03-27T10:34:28.000Z	1375758110325944323	今日は公休出勤…今週休み無し🥲💦まぁよくある話だがな😤セブンご飯で一杯やっとります🍺笑#セブンイレブン#コンビニ食#公休出勤#休み無し#一番搾り糖質0 場所: Fukuoka-shi, Fukuoka, Japan https://t.co/r5KpH6Q2Fh	{'place_id': 'f62cf04248a8314b', 'coordinates': {'type': 'Point', 'coordinates': [130.3833, 33.5817]}}
2021-03-27T10:02:44.000Z	1375750123058302976	電車でGO (@ 波多江駅 in 糸島市, 福岡県) https://t.co/Vfq7NWy8mw	{'place_id': '6772c147e8066ea1', 'coordinates': {'type': 'Point', 'coordinates': [130.22693982, 33.56411982]}}
2021-03-27T09:09:15.000Z	1375736663985451009	土曜出勤かえってきたーとらほーーですな。	{'place_id': '361d4120fc43007e'}
2021-03-27T08:47:05.000Z	1375731084302766082	今日も休日出勤でした…休みが1日潰れた😭 https://t.co/Sjg4eHpJ53	{'place_id': '0fc344f38e555001'}
2021-03-27T08:44:56.000Z	1375730545443758081	@fukuoka_twi 人が動けば感染が広がる。感染者で溢れる事になれば経済を止めなくても　経済が止まる。それなら　経済を止める覚悟で2週間程度外出禁止にするしかない。さて　どうする？	{'place_id': '8d59909b600e0352'}
2021-03-27T08:36:40.000Z	1375728462942584837	西鉄電車に乗換🚃 (@ 中央口改札 in Fukuoka, 福岡県) https://t.co/2dx9MLOhMc https://t.co/AOxCOyVUKa	{'place_id': 'f62cf04248a8314b', 'coordinates': {'type': 'Point', 'coordinates': [130.39888139, 33.59125532]}}
2021-03-27T08:12:36.000Z	1375722407508410369	電車🚈に乗って、筑豊・飯塚市の隣町、桂川に行きました。装飾古墳の王塚古墳に行きました。つくしを見つけました😁 場所: 王塚古墳 https://t.co/bavoqQ3Qbq	{'place_id': 'ff5c24510fd204f9', 'coordinates': {'type': 'Point', 'coordinates': [130.66394444, 33.58876389]}}
2021-03-27T07:50:47.000Z	1375716920024985601	「ルールを守らないからこうなる」“撮り鉄”の線路内進入で電車が急停止…運転士の叫び (ABEMA TIMES) - LINE NEWS https://t.co/puVippvxXz	{'place_id': 'dca0d1073411f55e'}
2021-03-27T06:30:28.000Z	1375696707132870658	市外県外ナンバーばかり！ミニキャンプ場もしかり！コロナ禍の外出規制  県を跨ぐ移動規制も自粛無し❗️田代公園は、花見客で混雑！皆さんコロナ疲れかな？！#花見客多数 #県外移動 https://t.co/a8fnbyF4nL	{'place_id': '07d9d32188081005'}
2021-03-27T05:45:44.000Z	1375685449188970496	シズの里帰り。来た電車のソレじゃない感w https://t.co/dciT1aITFt	{'place_id': '07d9c9724b082000'}
2021-03-27T04:57:35.000Z	1375673329432940544	大分旅行いってくる https://t.co/TNtefxa8oV	{'place_id': '00923ebbee79f2fd'}
2021-03-27T04:51:33.000Z	1375671812525158407	今日は一日僕が次女の面倒を見、妻と長女は二人でお出かけしてきたらと提案してみた。長女も次女が産まれてから、ママを独占する機会全然なかったし、妻も長女と2人になることなかったから、2人とも楽しそうに出かけていった。ご飯と温泉行くんだって。楽しんでおいで。	{'place_id': 'd322b10e6a665c22'}
2021-03-27T04:26:25.000Z	1375665488420761604	ホークス戦みたいけど15時30分から休日出勤ラジオを聴きながら飯塚市から須恵町へ	{'place_id': '8d59909b600e0352'}
2021-03-27T04:09:39.000Z	1375661268707672065	折尾駅にて途中下車。目的は折尾駅名物・かしわめし。一昨年の北九州巡回旅行でも立ち寄ったが、今回は何と立売りの現場と遭遇、その場で即買い&amp;撮影に応じて頂く。折尾駅も立体交差工事が進み、様相は一変。旅の景色も目当ても早さも…すべてが変わっていくなあそしてもちろんうめーよでした https://t.co/CVcHzyNFN9	{'place_id': '12aad56a65d5a000'}
2021-03-27T03:36:57.000Z	1375653040162709504	太宰府へはスイーツを楽しみながら、のんびり40分の電車の旅。とっても素敵な列車でした。空きがある際、当日券の販売があるそうです。#RailKitchenChikugo https://t.co/qGTnOOSzTL	{'place_id': '4bda4536528abe8f'}
2021-03-27T03:25:01.000Z	1375650035233300480	電車もう冷房使ってるよ…寒いって！	{'place_id': '9a9414fd6ec311ca'}
2021-03-27T02:13:14.000Z	1375631971443908611	一時間一件ペースです皆さん、外出を楽しんでるね🤣	{'place_id': '83e30e314d0e5320'}
2021-03-27T02:09:20.000Z	1375630990559772674	出勤2時間で昼飯は早すぎよ	{'place_id': '06dee0fd8a4d815c'}
2021-03-27T02:00:17.000Z	1375628710729015298	@pakupakumeshi 日本のよくスーパーやコンビニで売られてるお菓子は最強レベルです。海外に旅行されると実感できるはずです。	{'place_id': '10399e3c0b1f3a07'}
2021-03-27T00:56:33.000Z	1375612674747199488	おはようございます😊本日もラストのお時間までいたずらバニーちゃんでお待ちしております🙇🐇本日の出勤🐇https://t.co/ZnvsK6qW2I😊店長ブログ💓https://t.co/6ovNrM7Exv#中洲ソープ#体験入店#いたずらバニーちゃん#中洲を盛り上げよう https://t.co/tsOsS8FVlv	{'place_id': '83e30e314d0e5320'}
2021-03-27T00:43:30.000Z	1375609387423686658	お出かけ前に。ライチ🦜はお昼にトリミング。 https://t.co/lrMLn7oUj2	{'place_id': 'aa7c3ccdbb497079'}
2021-03-27T00:40:27.000Z	1375608620604219394	今日もツーリングに行くであろうライダーさん達を横目にバイク出勤しました。ツーリング日和ですね🌸	{'place_id': '10399e3c0b1f3a07'}
2021-03-27T00:03:16.000Z	1375599262206070787	俺2次元3次元問わずに夢の中で仲良くした異性を妙に意識してしまう症候群なんだけど、５つ子が今日夢に出てきてもちろん皆俺の事好きなわけよ。旅行、お笑いライブを楽しんで結局は三玖を選ぶんだけど、三玖が実在してほしくて堪んないツラいｗ春馬ねぎ先生は罪深いです本当にありがとう#五等分の花嫁	{'place_id': '28d9f7c5865651ca'}
