1396464421250080781	[CLS]【旅行[UNK]リハビリテーション】本格的に動いて行くので、プロフィール画像も変更しました[UNK]これは[UNK]年前にタイに行った時の写真です[UNK][UNK]！！早く海外いきたい！！＃新しいプロフィール画像[UNK]：／／ｔ．ｃｏ／[UNK][UNK][UNK]	0
1396615937508315137	[CLS]おはよう[UNK][UNK]右膝に[UNK][UNK]出勤です[UNK][UNK]も[UNK]お願いし[UNK][UNK][UNK]：／／ｔ．ｃｏ／[UNK][UNK][UNK]	0
1396613601843027970	[CLS]おはようこざいます。[UNK]月曜日です[UNK]。[UNK]の[UNK]は[UNK]通勤急行だけを[UNK]して出勤です[UNK][UNK][UNK]：／／ｔ．ｃｏ／[UNK]	2
1396613516493082625	[CLS]＠ｑ[UNK][UNK][UNK][UNK][UNK]さんおはよう[UNK][UNK]今風呂から上がった所ですよ[UNK][UNK]時半出勤して地場一発走ってからセットして群馬向けになります[UNK][UNK]も[UNK]お願いします[UNK][UNK]	0
1396611994677964802	[CLS]＠[UNK][UNK]思います、形だけの感染症対策。マスクして出勤して仕事してマスク外して休憩室で[UNK]ながら昼休憩そら広がるわって思いますね[UNK]	0
1396610956231266304	[CLS][UNK]し[UNK]！	0
1396608219691225089	[CLS]出勤[UNK]（＠自宅（新居）ｉｎ京都市，京都府）[UNK]：／／ｔ．ｃｏ／[UNK]	2
1396605406202384385	[CLS][UNK]出勤したら今日、[UNK]でした帰宅中[UNK]（[UNK]°[UNK][UNK][UNK][UNK][UNK][UNK][UNK][UNK]ω°[UNK][UNK][UNK][UNK][UNK][UNK][UNK][UNK][UNK]）	2
1396603105685368844	[CLS]＠[UNK]＿ｅｘやはり、関東の駅は他の地方とは[UNK]が違い、[UNK]。私が小学校の頃、藤沢駅の放送で、「まもなく上り東京行きが十五両の長い編成で[UNK]ます」と聴き、亡き父が「[UNK]関東の国鉄電車は[UNK]長いんか」と、感激していたのを[UNK]んです。[UNK]：／／ｔ．ｃｏ／[UNK][UNK][UNK]	0
1396601840305786880	[CLS]次男[UNK]歳の誕生日。本当なら一緒に飲みに行きたいけれど今は無理、本当なら一緒に稽古したいけれど今は自分の目指している道の応援を。いつかまた空手道に戻って[UNK][UNK]。[UNK]：／／ｔ．ｃｏ／[UNK]	1
1396600491207843841	[CLS]ゆっくり出勤[UNK]！！ハッピー！！とか思うて出て[UNK]自分ともう[UNK]台しか出勤してなくて（他は休み）急に気持ちが[UNK]してきた	0
1396599734270259202	[CLS]＠Ｇｅｏｒｇｅ＿Ｔｏｍ＿Ｙおはよう[UNK]。出勤の[UNK]があるので、願い事だけで[UNK][UNK]ます。[UNK][UNK][UNK]ＬＯＶＥ願い事今日も何事もなく、[UNK]と楽しく仕事ができますように。[UNK]も[UNK]お願い[UNK]ます[UNK]	0
1396589268043247617	[CLS]今日も今日[UNK][UNK][UNK][UNK]（[UNK]（バ出勤）（＠四条駅－＠[UNK]＿[UNK]京都市，京都府）[UNK]：／／ｔ．ｃｏ／[UNK][UNK]	0
1396588153041866756	[CLS][UNK]月全くからの[UNK]出勤…仕事行きたくないよりも新入社員の時のような緊張がすごい。あと朝から気持ち悪い…[UNK]週間耐えれるかな[UNK]	2
1396587069141491715	[CLS]＠[UNK][UNK][UNK]達だけ、電車で移動ですな[UNK][UNK]さんは車で[UNK]	0
1396574246369779713	[CLS]南海電車まつり[UNK]場所：[UNK]－[UNK]，[UNK]，[UNK]：／／ｔ．ｃｏ／[UNK]	0
1396571767976591363	[CLS]おはよう[UNK]（＾。＾）新しい週の始まり…お目覚めでしょうか？今日は[UNK]時前に目が[UNK]、起き出したのは[UNK]時[UNK]分頃…いつものラジオ[UNK]を聴きながらのツイートです。近畿の空は早い所では、午後から一時[UNK]になる予想も…[UNK]の方は、[UNK]傘をお持ち下さい。今日も楽しい一日を[UNK][UNK]	0
1396560066757627906	[CLS]電車で隣の[UNK]が[UNK]ガン見してくる……数駅隣に乗ってくる[UNK]の定位置だったらしい。[UNK]、知ら[UNK]よ[UNK]見んな	0
1396556152037548035	[CLS]＃[UNK]でアウトドア旅森の[UNK]で散策旅行[UNK][UNK]の前で子供たちとソロキャンプ[UNK]とか[UNK][UNK]：／／ｔ．ｃｏ／[UNK]	0
1396548048105328641	[CLS]＃[UNK][UNK]年[UNK]月[UNK]日＃月曜日＃東大阪文化創造館の＃朝おはよう[UNK]（＊[UNK][UNK][UNK]）[UNK]日の東大阪文化創造館の朝は[UNK]いました。[UNK][UNK]の事務所に出勤して安全第一で巡視点検業務に行ってきます[UNK][UNK][UNK]も[UNK][UNK]お願い[UNK]ますｍ（＿＿）[UNK]：／／ｔ．ｃｏ／[UNK][UNK]Ｂｌ	0
1396518297730883587	[CLS]＃[UNK][UNK]しすぎ何が休日出勤や[UNK]秒でも[UNK]お[UNK]なさい＃[UNK]＃一人親方[UNK]：／／ｔ．ｃｏ／[UNK][UNK][UNK][UNK]	0
1396510246546284547	[CLS]コーヒー飲みに琵琶湖行くかあ	1
1396506238855180299	[CLS]＠[UNK][UNK][UNK]意味が分からない今日は[UNK]書と[UNK][UNK]外出していったけどそれ以上に意味が分からない	2
1396497698992398336	[CLS]【[UNK]】京阪電車の大阪行きホームに撮り鉄が集合（笑）なんかのラストランかな？最近は危険行為も多いけどマナーは守って欲しいです場所：京阪丹波橋駅[UNK]：／／ｔ．ｃｏ／[UNK][UNK][UNK]	1
1396494442303868930	[CLS]＠[UNK]良いコンサートになりますように	0
1396493024952164353	[CLS][UNK][UNK]長堀鶴見緑地線京橋駅改札口最終電車の[UNK][UNK]表示と放送[UNK]：／／ｔ．ｃｏ／[UNK][UNK][UNK]	0
1396487256949485568	[CLS][UNK]の生涯を追って旅行したら[UNK]が伸びる。	0
1396485855661887493	[CLS]＠[UNK][UNK][UNK]デザイン趣味悪いし…[UNK]や[UNK][UNK]…[UNK]の「[UNK]」…路面電車を黒にするなんて信じられん！	2
1396481893516726286	[CLS][UNK]しました[UNK][UNK][UNK]週間ぶりの出勤[UNK][UNK]幸せ[UNK]気持ちになりました[UNK][UNK][UNK][UNK]コイン[UNK]まで[UNK]ありがとうござい[UNK]（[UNK][UNK][UNK][UNK][UNK][UNK]）[UNK]次は[UNK]（火）です！！お待ちしております[UNK][UNK]：／／ｔ．ｃｏ／[UNK][UNK][UNK][UNK]Ｇ	0
1396475069837156366	[CLS]＠[UNK][UNK]いろいろ旅行行ってるね[UNK]	0
1396474127213490183	[CLS]無限に金無くなるな後輩と飲みに行くと	2
1396467968482045952	[CLS]【旅行】って[UNK]深いよ[UNK]旅に行くと書いて、【旅行】その人にとっての旅ってなに？？旅と旅行の違いはなに？？そんなことを考え始める日曜日の夜[UNK]【旅行】が好き	0
1396354978067849217	[CLS]＠[UNK][UNK][UNK]発売当時はスーパーやコンビニで良く[UNK]いて、外出自粛から[UNK]らしいです[UNK][UNK][UNK]円近いのではないでしょうか…[UNK][UNK]公式では[UNK]個〜しか[UNK]なくて[UNK][UNK]で[UNK]個を見つけました[UNK][UNK]（[UNK]は[UNK]個売りあり）[UNK]の[UNK]が辛いので具は[UNK]入れても[UNK][UNK][UNK][UNK]	1
1396464047243993088	[CLS][UNK]圧倒的本担不在（長期出勤してないだけ）＃加藤猛＃[UNK]＃カフェ＃[UNK]＃[UNK][UNK]選手権[UNK]：／／ｔ．ｃｏ／[UNK][UNK][UNK]	0
1396463871754477570	[CLS]．．ハイライト×[UNK]．最強説．．[UNK]も[UNK]ありがとう[UNK]！！．[UNK]から[UNK]週間は堀江店の出勤になります！！木曜日は[UNK]も出勤するので[UNK]チャンスです！！．予約まだ少しだけ空きあります！！．．場所：[UNK][UNK]：／／ｔ．ｃｏ／[UNK][UNK][UNK]	0
1396462001694539778	[CLS]高校生の頃から「旅行」のお仕事に携わりたかった。ＰＴになって諦めかけていた部分もありましたが、社会人[UNK]年目の頃から[UNK]ご縁があり、今こうしてやっていこう！となりました。まずは自分の出来ることから始めて、地元島根にも少しでも貢献出来るよう走っていきます[UNK][UNK][UNK]：／／ｔ．ｃｏ／[UNK][UNK][UNK][UNK]ｇｌ	0
1396460020020121606	[CLS]【関西の旅行リハビリテーション】これから本気で[UNK]ます。多くの方と協力し、本物の旅行を届ける。今年は・総合旅行業務取扱管理者・第二種免許・[UNK]主任管理者・[UNK]三級取って、想いを[UNK]にしていきます[UNK]	0
1396455992259350530	[CLS]背番号[UNK]を、[UNK]に。ロッテ梶原[UNK]広報室長、[UNK]契約解除の理由を説明「不要不[UNK]外出を複数回…重く受け止めなければ」（[UNK]）＃Ｙａｈｏｏニュース[UNK]：／／ｔ．ｃｏ／[UNK][UNK][UNK]	2
1396453068888186881	[CLS][UNK]を投稿しました。『人気[UNK]出勤ご予約お待ちしております』＃[UNK]＃[UNK]女子[UNK]：／／ｔ．ｃｏ／[UNK][UNK][UNK]予約受付中移動時間で[UNK][UNK]ます	0
1396452959769096198	[CLS]コロナ明けに[UNK]と海外旅行行きたいね。特に南米。[UNK]塩湖・[UNK]・[UNK]の地上絵とか。アメリカでもいいかな。西海岸ならラスベガス東海岸ならニューヨーク。オーロラ観たさで[UNK]もアリ。でも現実的にはベトナムやカンボジアか[UNK]…と考える今日この頃でした。	1
1396444806155436037	[CLS]＃電車＃特急＃特急[UNK]＃[UNK]：／／ｔ．ｃｏ／[UNK][UNK][UNK][UNK][UNK]ｔ	0
1396444405406388225	[CLS]＠[UNK]＿[UNK]それはなんと[UNK][UNK][UNK][UNK]僕は地元奈良の日本酒中心に楽しんでますが、旅行で地方に[UNK]その土地の日本酒を必ず自分への[UNK]お土産に買って帰ります[UNK]	0
1396437981708251141	[CLS]元町付近まで戻ってきた。電車ならすぐの距離も[UNK]ならそれなりに時間かかる。[UNK]：／／ｔ．ｃｏ／[UNK][UNK][UNK][UNK]ｂ	1
1396431516104761345	[CLS]梅田から家に帰ってる[UNK]のに梅田戻ってきた！！！[UNK]！！電車[UNK]！！！	2
1396422829080420355	[CLS][UNK]もありがとう[UNK][UNK][UNK]コーヒーの話や旅行の話ができて[UNK][UNK][UNK]コーヒーに関しては実は店主はコーヒー[UNK]詳しいのと、旅行はもう行きたいところだらけで久々に[UNK]のコンセプトの旅カフェという本領を発揮した[UNK]日でした[UNK]明日[UNK]／[UNK]の営業時間→[UNK]：[UNK]〜[UNK]：[UNK]です[UNK][UNK]：／／ｔ．ｃｏ／[UNK][UNK]ｈ	0
1396421056294842369	[CLS]終わってしまった。古川さんの話に[UNK]ました。そして日曜日も終わり。明日は出勤。雨降るのか[UNK][UNK]＃[UNK]＃[UNK]	2
1396416426303385600	[CLS][UNK]娘連れて旅行した気分なれました。最＆[UNK]；高[UNK]：／／ｔ．ｃｏ／[UNK]	0
1396410063430975489	[CLS]＠[UNK][UNK]、[UNK]あおちゃ[UNK]。[UNK]とお馬[UNK]ながら公園で[UNK]してました[UNK]ｗ[UNK]旅行とか気兼ねなく行けるように[UNK]なってほし[UNK][UNK]	0
1396406371067645953	[CLS][UNK]日ぶりに外出。新拠点の工事状況を[UNK]あと、[UNK]さんの揚げたて[UNK][UNK]。お隣さんが「[UNK][UNK][UNK]」っていつも言ってくれるのも[UNK]。＃[UNK]＃あげたて＃[UNK][UNK]：／／ｔ．ｃｏ／[UNK][UNK]	0
1396404079828496389	[CLS]＠[UNK][UNK][UNK][UNK][UNK]電車とか飛行機とかバスとか公共やねんから他人に不快感さ[UNK][UNK][UNK][UNK][UNK]	2
1396396155647365124	[CLS]「度重なる不適切な行動」ロッテ・[UNK]外野手の契約解除…また女性に会うため外出：プロ野球：スポーツ：ニュース：読売新聞オンライン[UNK]：／／ｔ．ｃｏ／[UNK][UNK][UNK][UNK]	0
1396392348641218572	[CLS]＃[UNK]一先窯＃山口[UNK]の[UNK]展の実店舗での開催は[UNK]終了[UNK]ました。外出が難しい時期ではありましたが、ご[UNK][UNK]方には心よりの[UNK]と感染対策のご協力への感謝を[UNK]ます。[UNK]／[UNK]（木）までは[UNK]販売を行なっております！[UNK]ｈｔｔｐｓ：／／ｔ．ｃｏ／[UNK][UNK]	0
1396391687946084354	[CLS]喫茶店にコーヒーを飲みに行く感じて車買ってきたよ[UNK]同じ車種、同じグレード、同じ色のやつをね[UNK][UNK][UNK][UNK]こうなった[UNK]	0
1396388947245232128	[CLS][UNK]京都ＪＡＰＡＮ[UNK]円で[UNK]電車模型、[UNK][UNK][UNK][UNK]：／／ｔ．ｃｏ／[UNK][UNK][UNK]	0
1396388006727016448	[CLS]＠ｔ＿[UNK]おっ、[UNK]するか？[UNK]分後の南海電車で去るけど	2
1396378634085040128	[CLS][UNK]年前沖縄旅行した時に[UNK]を[UNK][UNK]を[UNK]し[UNK]に荷物を乗せる時に手伝ってくれたアルバイトの彼に[UNK]渡していた無意識の為、旅行終わるまで[UNK]で[UNK]か分からなかったホテルフロントにも[UNK]無かったあの彼、あの[UNK]どうしただろうか＃[UNK]	2
1396376842152513540	[CLS]旅行行きたいな。	1
1396374877074952192	[CLS]電車の時刻的に[UNK]時間耐久マンホール旅は終了ですがもう少し続けます	1
1396370583248461825	[CLS]＠[UNK][UNK]阪神電車の[UNK]駅は[UNK]し[UNK]	0
1396364888176414722	[CLS][UNK][UNK][UNK][UNK][UNK]阪急電車[UNK][UNK][UNK][UNK][UNK][UNK][UNK]：／／ｔ．ｃｏ／ＰＡ[UNK]Ｃ[UNK][UNK][UNK]Ｎ	0
1396362436467302403	[CLS]仕事[UNK]外[UNK][UNK]、暑いこと！[UNK][UNK]	0
1396356263479451650	[CLS]能勢電車[UNK]周年、[UNK][UNK][UNK]：／／ｔ．ｃｏ／[UNK][UNK]	2
1396355397078851588	[CLS]＠[UNK]＿[UNK][UNK]飲みに行きたいね[UNK]	0
1396355154195013636	[CLS][UNK]駅で、京阪電車の大阪[UNK]駅まで徒歩。始発駅からゆっくりし[UNK][UNK][UNK]。でも、これが今の現場で大阪から京都市伏見区に向かう最後っ[UNK]になると思うと、本当に[UNK]。[UNK]、良くやったと自分を[UNK]あげたい。	2
1396306175130472450	[CLS]休日出勤は[UNK]！いつも[UNK]！場所：[UNK][UNK][UNK]：／／ｔ．ｃｏ／Ｑ[UNK][UNK]	0
1396354173071859714	[CLS]アンチではない側からの助言です。緊急事態宣言下、皆が我慢して外出を控えている。マスクを強いられている中、政治家でもない貴君の「宣伝活動」に対して、県民感情は[UNK]されているのを、理解している？そこ、「[UNK]なくて」[UNK]、違う方法があると思うけど。[UNK]：／／ｔ．ｃｏ／[UNK]	1
1396354131409784839	[CLS]＠[UNK]アンチではない側からの助言です。緊急事態宣言下、皆が我慢して外出を控えている。マスクを強いられている中、政治家でもない貴君の「宣伝活動」に対して、県民感情は[UNK]されているのを、理解している？そこ、「[UNK]なくて」[UNK]、違う方法があると思うけど。	1
1396349389682053122	[CLS]なんばへ向けて近鉄電車が走っていきます[UNK]：／／ｔ．ｃｏ／[UNK][UNK][UNK][UNK][UNK][UNK]	1
1396347825642893315	[CLS]今日は休日出勤の日[UNK]〜[UNK]：／／ｔ．ｃｏ／[UNK]	2
1396346442667622403	[CLS]小田南公園にて。後方には近鉄電車[UNK]：／／ｔ．ｃｏ／[UNK][UNK][UNK][UNK][UNK]	1
1396345850285084672	[CLS][UNK][UNK][UNK]線[UNK]駅[UNK]。遅い昼食を食べて、これから京阪電車に乗り継いで京都市伏見区に向かいます。京都市伏見区、大阪の自宅[UNK]から通勤するのもコレが最後っ[UNK]。[UNK]ヶ月、本当に良くやった自分。	0
1396345243063160834	[CLS]不要不急”じゃない”外出[UNK]（＠[UNK]なんば[UNK]ルーム－＠[UNK]＿[UNK]大阪市，大阪府）[UNK]：／／ｔ．ｃｏ／[UNK]：／／ｔ．ｃｏ／[UNK][UNK][UNK]	2
1396344255602323458	[CLS]オリンピックできるくらいなんだから、緊急事態宣言で外出自粛って？東京ではスポーツイベントガンガン実施してるし。[UNK]：／／ｔ．ｃｏ／[UNK][UNK][UNK]	2
1396344011363848192	[CLS]出勤中場所：山科駅[UNK]：／／ｔ．ｃｏ／[UNK][UNK][UNK]	1
1396343624070098944	[CLS]どこだったか、旅行先で展望台のカフェがこんな多色展開だったな[UNK]何年前[UNK]？また行けるようになりますように。[UNK]：／／ｔ．ｃｏ／ｇ[UNK]Ｘ[UNK]ｃ[UNK][UNK][UNK]	0
1396342565356457991	[CLS][UNK]年[UNK]月[UNK]日の天皇杯準決勝で[UNK]神戸戦が[UNK]番の思い出です！初めてサッカー観戦＆[UNK]；初めてセレッソ大阪の試合を見に行った日で結果は[UNK]－[UNK]で勝利した試合です[UNK]選手の活躍が良かった記憶が残ってます！[UNK]スタジアム[UNK]、[UNK]思い出ありがとう！＃[UNK]に[UNK]スタジアム[UNK][UNK]：／／ｔ．ｃｏ／[UNK][UNK]ＩＮ	0
1396342133540286464	[CLS]天満の明石八はやってるらしい…飲みに行こうかな[UNK]	1
1396336405958184969	[CLS]電車は[UNK]なります故、車で[UNK][UNK]ソース食べ[UNK][UNK]：／／ｔ．ｃｏ／[UNK]	2
1396331807658823681	[CLS]招待券か何かもらって、父親と初めて見に行ったのが、[UNK]年[UNK]月[UNK]日[UNK]東京バックスタンドから見た、あの歓喜と衝撃の景色は、今でも[UNK]くる…幼い心も激しく[UNK]れた、あの試合を見に行っていなければ、今も応援に行っていないかもしれない。＃[UNK]に[UNK]スタジアム[UNK][UNK]：／／ｔ．ｃｏ／Ｅ[UNK][UNK]	0
1396331231151726592	[CLS]バナナホールっていつ行けんの[UNK][UNK]ジュース飲みにだけでも来訪したいねんが禁止[UNK]な（涙）	2
1396331128202547200	[CLS]招待券か何かもらって、父親と初めて見に行ったのが、[UNK]年[UNK]月[UNK]日[UNK]東京バックスタンドから見た、あの歓喜と衝撃の景色は、今でも[UNK]くる…幼い心も激しく[UNK]れた、あの試合を見に行っていなければ、今も応援に行っていないかもしれない。＃[UNK]に[UNK]スタジアム[UNK]：／／ｔ．ｃｏ／[UNK][UNK][UNK]ａｎ[UNK]Ａ	0
1396330103798263815	[CLS]アンチではない側からの助言です。緊急事態宣言下、皆が我慢して外出を控えている。マスクを強いられている中、政治家でもない貴君の「宣伝活動」に対して、県民感情は[UNK]されているのを、理解している？そこ、「[UNK]なくて」[UNK]、違う方法があると思うけど。[UNK]：／／ｔ．ｃｏ／[UNK][UNK]	1
1396328088007442439	[CLS][UNK]／[UNK]（日）Ｏｐｅｎ[UNK]：[UNK][UNK][UNK]：[UNK]出勤スタッフ[UNK][UNK]：[UNK]〜[UNK]：[UNK][UNK][UNK]：[UNK]〜[UNK]：[UNK][UNK][UNK]：[UNK]〜[UNK]：[UNK][UNK][UNK]：[UNK]〜[UNK]：[UNK]良いお天気で少し気温高[UNK]ね、店内冷房効かして[UNK]しながらお待ちしております[UNK]＃[UNK]＃大阪＃京橋＃[UNK]＃水タバコ[UNK]：／／ｔ．ｃｏ／[UNK][UNK]Ｋ	0
1396326722732126212	[CLS]ではでは、ちょっと外出！[UNK]ここに行く！[UNK]ｈｔｔｐｓ：／／ｔ．ｃｏ／[UNK][UNK][UNK][UNK]	1
1396323482447745025	[CLS][UNK][UNK]／[UNK]出勤予定[UNK][UNK][UNK][UNK]：[UNK]～[UNK]：[UNK][UNK][UNK]：[UNK]～[UNK]：[UNK]剣[UNK]：[UNK]～[UNK]：[UNK]お[UNK]可蒼斗[UNK]：[UNK]～[UNK]：[UNK]お[UNK]可[UNK]時間電話ライン予約[UNK]おります♪[UNK]月割引キャンペーン（[UNK]／[UNK]まで）詳しくわこちら[UNK][UNK][UNK]：／／ｔ．ｃｏ／[UNK][UNK][UNK][UNK]＃女性用風俗＃大阪＃女風[UNK]：／／ｔ．ｃｏ／[UNK][UNK][UNK]	0
1396322263222345735	[CLS]和歌山へ行くときに発見＃キティちゃん場所：[UNK]電車区[UNK]：／／ｔ．ｃｏ／[UNK]	0
1396321320225308672	[CLS]スタッフのプロフィール写真はどんなのがいいかを話をした。そもそも[UNK]のスタッフ[UNK]人は写真ではなく絵です。しかもパンと[UNK]です。プロフィールに絵が良いという人は京阪電車が[UNK]。信頼できる会社を目指してます。[UNK]：／／ｔ．ｃｏ／[UNK]	2
1396318820923412485	[CLS]濱文様お[UNK][UNK]カメラ－＃フォトスタジオ[UNK][UNK]：／／ｔ．ｃｏ／[UNK]サイズ：[UNK]ｘ[UNK]ｃｍ肩[UNK][UNK][UNK]綿[UNK]％携帯電話（[UNK]）や[UNK]を入れて使える[UNK]（[UNK]生地を使用）！留めボタン付きで[UNK]の際も[UNK]。数量限定！[UNK]オリジナル商品です！[UNK]：／／ｔ．ｃｏ／[UNK]	0
1396318394396250112	[CLS]一生座っていたけどお尻が[UNK][UNK]から[UNK][UNK]	2
1396314365054230528	[CLS][UNK]さん休日出勤お疲れ[UNK]	0
1396313067600838656	[CLS]＠[UNK][UNK]Ｆａｃｅｂｏｏｋで、過去の思い出を振り返ってみましょうって通知がきて、見て[UNK]この旅行の事を楽しそうに書いてる記事でしたそこから一年も経たずに妻がいなくなるなんて[UNK]も思わず、ただ[UNK]思い出[UNK]浮上しかけてたのに、また落ち込み[UNK]	0
1396311560503521280	[CLS][UNK]／[UNK][UNK][UNK][UNK]出勤[UNK][UNK][UNK][UNK]：[UNK]〜[UNK]：[UNK]迄お足元[UNK][UNK]お気をつけてから一転[UNK][UNK][UNK][UNK]なりましたね[UNK][UNK][UNK][UNK]に[UNK]いらしてくださいね[UNK]：／／ｔ．ｃｏ／[UNK][UNK][UNK]	2
1396310810071240709	[CLS][UNK][UNK]食べに休日出勤（笑これでハーフ[UNK]家人と二人で[UNK][UNK]最後は骨を[UNK][UNK][UNK]さまでした[UNK]：／／ｔ．ｃｏ／Ｏ[UNK]ｓｅ[UNK][UNK]	0
1396308470937264129	[CLS]飛行機降りる時に、クラス別に案内するから座って待ってろってやつ、東京の電車の[UNK]具合とか見てても何の意味も無いと思うの。感染症対策ではなくクレーム来ないようにする対策[UNK]？	2
1396306818750578697	[CLS]Ｔｈｅ地元。[UNK]線という路面電車が走ってます。東京行く迄は[UNK]景色で情景すら感じなかったけど、帰って来ると以前に増してこの風景が[UNK]心[UNK]場所だなと改めて感じる。[UNK]：／／ｔ．ｃｏ／[UNK][UNK][UNK]	0
1396306651322347520	[CLS][UNK][UNK]手で目を[UNK]しまって涙が止まらない。電車の中で[UNK]中	2
1396969472276144130	[CLS]＠[UNK][UNK]＠[UNK][UNK][UNK][UNK]休みで今日、出勤ですねん。今から[UNK]時間勤務〜[UNK]中（－．－；）ｙ－[UNK]	2
1396304647619432456	[CLS]＠[UNK][UNK][UNK][UNK][UNK]丸サン[UNK]お疲れ様[UNK]〜[UNK]（[UNK][UNK][UNK]＊）و♪[UNK]です[UNK]？[UNK][UNK]お気を付けてｄ（[UNK][UNK][UNK]。）デス！！	0
1396304042972774400	[CLS]なんかギャラリーに向かっててでも制作をし[UNK]電車の中で制作してたら[UNK][UNK]…[UNK]：／／ｔ．ｃｏ／[UNK]Ｑ[UNK][UNK][UNK]	1
1396303462678204427	[CLS]決戦に備えるはずが予期せぬ休日出勤。[UNK]仕事を[UNK]、エネルギー充電に来てます。[UNK]：／／ｔ．ｃｏ／[UNK][UNK][UNK][UNK][UNK]	1
1396296106410078209	[CLS]＠[UNK]＿[UNK]俺は雨が[UNK]が降るまいが、外出する時は[UNK][UNK]傘（[UNK]がさ：[UNK]式[UNK]）[UNK]をバッグの中に[UNK]せておるのだが何か[UNK]	1
1396295324059291655	[CLS]一体出勤だ（＠堺駅ｉｎ堺市，大阪府）[UNK]：／／ｔ．ｃｏ／[UNK]	2
1396294275923537921	[CLS]＠[UNK]電車のみなら尼からより行きやすいはず[UNK][UNK]この辺は車も駐車場安いから[UNK]	2
1396290148396982272	[CLS]日曜日ですが体験講座で出勤。どんな学生さんが来てくれるのか[UNK]。＃ｗｅｂデザイン	0
1396285959147200512	[CLS]アンチではない側からの助言です。緊急事態宣言下、皆が我慢して外出を控えている。マスクを強いられている中、政治家でもない貴君の「宣伝活動」に対して、県民感情は[UNK]されているのを、理解している？そこ、「[UNK]なくて」[UNK]、違う方法があると思うけど。[UNK]：／／ｔ．ｃｏ／[UNK][UNK]Ｙ[UNK][UNK][UNK]ｋ	1
1396285437937782785	[CLS]おはよう[UNK]。梅雨の間の……うん[UNK]〜！気温も[UNK]で外出時の水分補給、、、しっかりと！明日はお休みとなっていますので、[UNK]お願いします。今日も[UNK]日を、[UNK][UNK]！[UNK]：／／ｔ．ｃｏ／[UNK][UNK]	0
1396284829709176832	[CLS]＃神戸三宮＃出張[UNK]亭[UNK][UNK]／[UNK]～[UNK]／[UNK][UNK][UNK]もオープン[UNK]ました！営業時間は[UNK][UNK][UNK]時まで、阪神神戸三宮駅西改札口出てすぐです！梅雨の[UNK]の今日[UNK]三宮へ[UNK]の際は[UNK]お越しくださいね[UNK]日本全国[UNK]ご当地の[UNK]ラーメンをたくさんご用意して、お待ちしております[UNK][UNK]：／／ｔ．ｃｏ／[UNK][UNK]	0
1396284551584833538	[CLS]電車[UNK]ると、[UNK]症状出るんだよ[UNK]、早く目的地につかんかな？？	1
1396280130343895042	[CLS]京阪電車乗りました[UNK]行ってきます（′[UNK][UNK][UNK][UNK][UNK][UNK][UNK][UNK]）[UNK]：／／ｔ．ｃｏ／[UNK][UNK][UNK][UNK]	0
1396278911558840321	[CLS]＠[UNK]＿[UNK]おはよう[UNK]この[UNK]年大阪から出ていないわ[UNK]車が無いから遠くに行けないよ[UNK]バスでいいからどこか[UNK]したい[UNK]	2
1396278039546322945	[CLS]急を要する[UNK]で外出。の道中[UNK]公園散歩＆[UNK]；トイレ休憩[UNK][UNK][UNK]がるお友達いっぱいできました。場所：奈良公園〜東大寺〜興福寺〜ならまち[UNK]：／／ｔ．ｃｏ／[UNK][UNK]	0
1396277565254344704	[CLS][UNK]たか松四条店です！[UNK]は[UNK]青空♪気持ちいい風も[UNK]いい感じですね♪外出[UNK]是非お[UNK]下さい！[UNK][UNK]もお待ちしております[UNK]＃麺匠たか松＃[UNK]＃たか松＃つけ麺＃[UNK]＃ラーメン＃[UNK]＃[UNK]＃京都＃四条＃烏丸＃ランチ＃グルメ＃コロナに負けるな[UNK]：／／ｔ．ｃｏ／[UNK][UNK][UNK][UNK]ｗ	0
1396274651924369409	[CLS]大阪市の車に外出は[UNK]って[UNK]れた	2
1396273329057636357	[CLS]ＡＭ[UNK]：[UNK]出勤前の[UNK]と[UNK]さんで遭遇しました。貴重な朝[UNK]。＃[UNK]つね＃[UNK][UNK]＃朝[UNK]＃出勤前＃[UNK]正確にはまだ[UNK]になる前＃[UNK]聖子＃朝聖子[UNK]：／／ｔ．ｃｏ／[UNK][UNK][UNK]	0
1396270422023364610	[CLS][UNK]樽生「ヒール」解禁！ちょっと飲んでみましたが、[UNK][UNK]優しい[UNK]の泡と[UNK]が充分に感じられます。気になる方は、飲みにきてね[UNK]＃[UNK][UNK]＃ヒール＃[UNK]＠[UNK]場所：[UNK][UNK][UNK][UNK]：／／ｔ．ｃｏ／ｋ[UNK][UNK][UNK][UNK]	0
1396270036562563074	[CLS]おはよう[UNK][UNK]電車に乗る前のひと時を駅前広場で。太陽が背中に熱い。でも[UNK]お日[UNK]ね。この夏もいつも以上に天気には[UNK]かもですね。[UNK]が遠くから歩いて近づいて来ましたよ＃いまそら[UNK]：／／ｔ．ｃｏ／[UNK][UNK]	1
1396268805366505475	[CLS]＠[UNK][UNK]の那須の温泉旅行なのに…（[UNK]）御[UNK]傷様です[UNK][UNK]	2
1396268803588169728	[CLS]＠[UNK]＿[UNK][UNK]系の普通電車なのよ！	1
1396267939758698496	[CLS]阪急電車[UNK]かも[UNK][UNK][UNK][UNK][UNK]＃渡辺邦孝＃[UNK]＃[UNK]＃[UNK][UNK]＃山水館＃[UNK]：／／ｔ．ｃｏ／[UNK][UNK]ｉｍ	0
1396263942352035840	[CLS]＠[UNK]＿＿[UNK][UNK]くん、おはよう[UNK][UNK]貴重な梅雨の[UNK]の今日[UNK][UNK]したいけど、私も仕事で[UNK][UNK][UNK]くんも、レコーディング[UNK]下さいね！髭[UNK][UNK]亀が日光[UNK]たよ、[UNK]から（笑）近所の川です[UNK][UNK][UNK]：／／ｔ．ｃｏ／[UNK][UNK][UNK][UNK][UNK]	0
1396262786125246467	[CLS]今日は[UNK]技能士の試験なんかな北千里へ[UNK]電車内参考書を開けている同業者ぽ[UNK]たちがたくさん乗車してます[UNK]ください場所：淡路駅[UNK]：／／ｔ．ｃｏ／[UNK][UNK]ｘ[UNK][UNK][UNK]	2
1396257156052119557	[CLS]電車でドア挟んで横に座っている人がウマ娘やったはる[UNK]	2
1396977665920352256	[CLS]今日の[UNK]は巨大笑うセールスマン[UNK]系、[UNK]が来た。場所：[UNK]駅[UNK]：／／ｔ．ｃｏ／[UNK]	2
1396977495115636739	[CLS]電車遅れて[UNK]普通は落胆するところな[UNK][UNK]、今日に限って言えばこの時間[UNK]時過ぎの[UNK]でしか帰られんところ、[UNK]分も早く[UNK][UNK]アドでしかない。[UNK]：／／ｔ．ｃｏ／[UNK][UNK][UNK]	2
1396972996573769730	[CLS][UNK]日ぶりの出勤日（・ω・）ノ（＠ちょっとお堅めの職場[UNK][UNK]ｉｎ神戸市中央区，兵庫県）[UNK]：／／ｔ．ｃｏ／[UNK][UNK][UNK]：／／ｔ．ｃｏ／Ｈ[UNK][UNK][UNK][UNK]	0
1396971414016577538	[CLS]電車に乗って座っていたら[UNK]なってきた。[UNK]	2
1396971144465453056	[CLS]＠[UNK][UNK]出勤前にスカ[UNK]に挨拶[UNK]して来ました[UNK][UNK]	0
1396970557191725056	[CLS]出勤[UNK]（＠自宅（新居）ｉｎ京都市，京都府）[UNK]：／／ｔ．ｃｏ／[UNK]	2
1396801557342023688	[CLS]大阪府の緊急事態宣言解除が[UNK]月[UNK]日までにならないと[UNK]よ。カラオケに行けなくなるし、新星堂で予約したＣＤが取りに行けなくなるし。	2
1396968679560994820	[CLS]おはよう[UNK][UNK]、[UNK]火曜日の西宮市、青空の朝です〜[UNK]、日中[UNK]なり[UNK]、[UNK]予報もありです、お洗濯に[UNK]に要注意しましょう、[UNK]は[UNK]のお天気が続く[UNK]、[UNK][UNK]週間にしましょう〜[UNK][UNK][UNK][UNK][UNK]：／／ｔ．ｃｏ／[UNK]	0
1396966507175841794	[CLS]＠＿[UNK][UNK][UNK]晩寝て[UNK]は消えたけど、白目出勤（[UNK][UNK]ω[UNK]‘）[UNK]	0
1396964566827823105	[CLS]＠[UNK]＿[UNK]規制されていないのでマスクを着けてなくても公共施設の利用は自由。マスクせず、[UNK]をしながら電車に[UNK]くる人もいる。	2
1396963521166860288	[CLS]＠ｍｉ[UNK]＿[UNK]電車に乗ると、マスクをきちんと着けていない人は必ずいる。[UNK]マスクや鼻出しマスク。ひどいのはマスクを[UNK]電話。夕方にはビール[UNK]ながら。規制されていないので関西は自由。	2
1396961353663803395	[CLS]＠[UNK]＿ＪＡＰＡＮ＿[UNK]＠[UNK]＿ｎｅｔ[UNK]後で聴いてみ[UNK]電車乗り換え中、、、	0
1396961131688730625	[CLS][UNK]出勤準備をしよう。	1
1396960270480592900	[CLS]一応、ｉＰｈｏｎｅの修理に行ったので、[UNK][UNK]外出です（事前にチャットサポートで診断してもらって、予約もとりました）。	1
1396959015461167104	[CLS]乗車率[UNK]％、マスク率[UNK]％。青空のおかげで今日も[UNK]みようという気になって出勤。（＠[UNK]駅ｉｎ生駒市，奈良県）[UNK]：／／ｔ．ｃｏ／[UNK][UNK]ｆ	1
1396956024288940032	[CLS]おはよう[UNK]お得情報[UNK][UNK][UNK]日後のプレミア公開今から待つのは早すぎるよそこの一名様[UNK][UNK]どんだけ[UNK]たいねん[UNK]大阪で韓国旅行気分【[UNK]ので教えたくないお店】[UNK]：／／ｔ．ｃｏ／[UNK]＠ＹｏｕＴｕｂｅより[UNK]：／／ｔ．ｃｏ／[UNK][UNK][UNK]	2
1396955832605155342	[CLS][UNK]は薬を飲んで早く[UNK]けどまだ[UNK]が[UNK]ない[UNK][UNK]今日も出勤。季節の[UNK]で[UNK]の差が激しいですが、[UNK]もご[UNK]ください[UNK][UNK]おはよう[UNK]（・ω・）ノ[UNK]：／／ｔ．ｃｏ／[UNK][UNK][UNK]	0
1396954894523715584	[CLS]＠[UNK][UNK]＃[UNK]＃秋田[UNK]さんスタッフの[UNK]、お早[UNK][UNK]居[UNK][UNK][UNK]（[UNK]）ワクチン接種[UNK]れた[UNK]が口揃えて「安心して外出できる」と[UNK][UNK]ましたが、[UNK]が油[UNK]奴[UNK][UNK]接種後に陽性感染した[UNK][UNK]居は[UNK]から引き続き警戒して[UNK]願います[UNK][UNK]今日も[UNK]一日を[UNK][UNK]：／／ｔ．ｃｏ／[UNK]Ｙ[UNK][UNK]	0
1396951680437014529	[CLS]生き残るために、[UNK]の工夫をしてる旅行業者を笑って解説する＃野村[UNK]。高橋洋一氏の「[UNK]」を批判する資格はないよね。＃[UNK]	2
1396939484969590787	[CLS]海外旅行は＃北京に行きたいゾウ！／／／＠[UNK]＿ｊｐをフォロー＆[UNK]；投票ツイートで、[UNK]カード[UNK][UNK]円分が当たる[UNK][UNK][UNK]「オリンピック開催地に海外旅行で行きたい」投票ツイートキャンペーン実施中[UNK]！	0
1396927670894563331	[CLS]おはよう[UNK]（＾。＾）今日も[UNK]時前に目覚め…[UNK]降った[UNK]も上がり、[UNK]も出ています。今日明日は[UNK]・洗濯[UNK]になり[UNK]ね。ただ[UNK]には注意と伝えています。[UNK]今日も楽しい一日を過ごしましょう♪♪♪	0
1396918865339158528	[CLS]＃[UNK][UNK]＃[UNK][UNK][UNK]さん、[UNK]おはよう[UNK][UNK]いつもの時間に起こされてます[UNK]ワンコ達に、ご飯をやって、[UNK]、出勤準備しながら聞かせてもらいます[UNK]青空[UNK][UNK]：／／ｔ．ｃｏ／[UNK][UNK][UNK][UNK]	0
1396857101993988098	[CLS]松ちゃん、[UNK][UNK]どうやって帰るん？俺、ここどこや[UNK]？腹抱えてて叩いて爆笑。四国やぞ！阪神電車では[UNK][UNK]、、[UNK]くん、[UNK]、[UNK]の海で[UNK][UNK]！（笑）[UNK]高速バス高松→[UNK]神戸最終便で帰宅しました。濃い一日やったな。遠い目。	0
1396852186139619336	[CLS]旅行は紅葉の季節に行きたい。	1
1396850660738359299	[CLS]路面電車に乗る。	1
1396849971140317188	[CLS]短く[UNK]ない旅行がいい。	1
1396848970517737477	[CLS]今や「[UNK]」こと京阪電車。今は[UNK][UNK]にホテル[UNK]、分譲マンションを[UNK]しているけど、[UNK]昔、未だ[UNK]ダムが出来る前の時代、いまで言う[UNK]列車を宇治川沿いに電気機関車牽引で走らせて、観光客誘致していた[UNK]、今それらはダム湖の底に沈んでいるとか。	0
1396841692792229889	[CLS]＃[UNK]電車＃堺トラム＃堺＃[UNK]公園＃天王寺場所：[UNK]電車[UNK]：／／ｔ．ｃｏ／[UNK][UNK][UNK][UNK]	2
1396840677141516292	[CLS]＃[UNK]電車＃路面電車＃トラム＃鉄道場所：[UNK]電車[UNK]：／／ｔ．ｃｏ／[UNK][UNK][UNK][UNK][UNK][UNK]	2
1396839909206364162	[CLS]今日はライブからの初仕事だったけど、ちょっと[UNK]してて[UNK]はなかった。長時間運転の疲れがね。次ライブあるときはバスか電車で行きたいですね。もちろん、コロナ[UNK]ること前提ですけどね。	1
1396822819086893059	[CLS][UNK]日からの尿管[UNK]粉砕術の入院の為の[UNK]検査用の[UNK]（[UNK]）を届けに[UNK][UNK]で…その足で大阪を電撃訪問！不要不[UNK]はなく、重要特急で[UNK]ました[UNK][UNK]：／／ｔ．ｃｏ／[UNK]	0
1396822785616269319	[CLS][UNK]：[UNK]過ぎの電車にしては[UNK]るｗ（新大阪からで[UNK]とは…	2
1396821790165377026	[CLS]＠[UNK]また[UNK]ターンなんかしてたん[UNK][UNK]まだ[UNK]所残ってましたね[UNK]宇宙旅行にも行けますね[UNK][UNK]	1
1396820834308685824	[CLS]大阪府の緊急事態宣言を早く解除しないと、普通の生活に[UNK]なくなるよ。旅行にも行けなくなるので。	1
1396817047854583808	[CLS]電車[UNK][UNK][UNK][UNK][UNK][UNK][UNK]反対側の電車[UNK][UNK]も[UNK][UNK][UNK][UNK][UNK]ホームも[UNK][UNK][UNK][UNK][UNK][UNK][UNK][UNK]通過待ち[UNK][UNK][UNK][UNK][UNK][UNK][UNK][UNK]	0
1396814708246663168	[CLS]明日から撮影[UNK]為京都に来ました！いつ見ても可愛い阪急電車[UNK]宝塚へ[UNK]くれる夢の鉄道[UNK]笑このまま宝塚まで行って[UNK]か＃阪急電車＃阪急電鉄＃宝塚＃宝塚歌劇団＃京都河原町[UNK]：／／ｔ．ｃｏ／[UNK]	0
1396808184933740546	[CLS][UNK]もウマ娘も続々とカラオケに曲増えてきたし、早くカラオケ行き[UNK]	0
1396801732777189376	[CLS]旅行[UNK]リハビリテーションを実施していく上で一番必要なスキルって[UNK]ＰＴとしてのスキルと感じた！リスク管理、[UNK]理解、評価能力、環境調整能力、[UNK]能力などなどこれらがあって初めて旅行[UNK]リハビリテーションＰＴスキルが[UNK]ただの旅行目標のために臨床スキルアップ！！	0
1396669653183729664	[CLS]おはよう[UNK][UNK][UNK]出勤情報[UNK][UNK]／[UNK]（月）【[UNK][UNK][UNK]】[UNK]：[UNK]〜[UNK]：[UNK]モデル体系[UNK]出る[UNK]はしっかり出てＥます！[UNK]言って超絶美人[UNK]月曜日から現実[UNK][UNK]か。[UNK]：／／ｔ．ｃｏ／[UNK][UNK][UNK]	0
1396799735172780035	[CLS]飲食難民、飲み難民が増える今日この頃。気軽に食べに飲みに[UNK]あの頃が[UNK]、[UNK]ながらでも飲食店に[UNK]みを感じませんか？日常が戻った時、店がなくなってたら[UNK]ありませんか？無理のないレベルで[UNK]ません。[UNK]ご協力お願い[UNK]ます。[UNK]：／／ｔ．ｃｏ／ｊ[UNK][UNK][UNK]Ｋ[UNK][UNK]	2
1396797090240421890	[CLS]旅行リハビリの研修を経て思ったことは【お客様がどうすれば喜んでくれるのか】がとても[UNK]ということサービス提供する上で色々な方法があるけど、結局どんなサービスもここに[UNK]くると思う日々考えて行動！！	0
1396789444829540355	[CLS]そういえばぼくが初めて[UNK]の仕事に行ったのは大学時代に大量[UNK]で自殺して未遂に終わった人の施設からの外出だった。ぼく自身が[UNK]で死に切れなかった経験があったから、ぼくがこの人だったかも知れないんだ[UNK]って思いながら仕事にしてたかな。[UNK]：／／ｔ．ｃｏ／ａ[UNK][UNK]	1
1396786876325924866	[CLS]＠[UNK][UNK]は[UNK]。[UNK]停止して[UNK]緊急事態宣言が[UNK]たび発令されて[UNK]と、[UNK]には厳しい状況が続きますが、また[UNK]温泉宿で[UNK]したオフやりたいですね！[UNK]今年後半にはワクチン接種も[UNK]し、また何も気にせず楽しめる環境[UNK]に期待して！それまでは対策[UNK]。	0
1396784670189113344	[CLS]街路樹に[UNK]ピンクのリボン、何の印？熊本市中心部・電車通りの[UNK]割に（熊本[UNK]新聞）[UNK]：／／ｔ．ｃｏ／[UNK][UNK]	2
1396780889271508998	[CLS]結果[UNK]。明日から出勤します	1
1396774205450981376	[CLS]阪急電車の車内吊り広告、[UNK]替えされたのですか？そのうち週刊誌広告はじまり[UNK]。大阪地下鉄と[UNK]。にしたんクリニックの広告を見ての個人の意見です。	2
1396767498591109120	[CLS]＠[UNK][UNK][UNK]面白い。[UNK]、旅行先は[UNK][UNK]選びましたけど。今は海外行けないし	1
1396765060723134470	[CLS]仕事[UNK]を終えて、現場を完全に[UNK]。洗い物を[UNK]、京阪電車で大阪に向かってます[UNK][UNK][UNK][UNK]。母親からの呼び出し、「たばこ[UNK]代[UNK][UNK]」[UNK][UNK]。この状況下、ＡＴＭ[UNK]にも行けない。[UNK]。	2
1396763670714015745	[CLS]出勤早々、職場のお局と口論。[UNK]立てそうになったが、我慢した。	1
1396763166948806659	[CLS]＠[UNK]ポータブル電源は持っておくといいと思う。特に夏のキャンプでは熱中症対策で電気が必要だし、家庭でもタコ足配線を回避する事が可能。外出中に充電して[UNK]いいんだし。[UNK]ご縁がありますように[UNK]	0
1396761358742392836	[CLS]近鉄スタンプラリー台。場所：近鉄電車内[UNK]：／／ｔ．ｃｏ／[UNK]	0
1396740061304029189	[CLS]電車、運動部と思しき高校生に挟まれて座っている。[UNK]高い（物理的な意味で）。	1
1396739039269511169	[CLS]そんなわし昔、一回近鉄乗ってたらいきなり目の前暗くなって[UNK]って倒れたことある。意識はあって周りの人助けてくれた[UNK]がそれまで、似たようなことなってる人みたことあったけどわしに来た。良くあるのがホームで電車待ってたら貧血で線路[UNK][UNK]事故。	2
1396738141801705477	[CLS][UNK]おはよう[UNK][UNK][UNK]では[UNK]が高上りさせていただきます[UNK]で、[UNK]のお買い物だ[UNK]お後が[UNK]ようで[UNK]：／／ｔ．ｃｏ／[UNK][UNK]ｃ[UNK]Ｕ[UNK]Ｗ	0
1396732235982594050	[CLS]＠[UNK][UNK][UNK]阪神電車[UNK]甲子園です姫路で仕事完了して現地解散帰路です[UNK][UNK]は[UNK][UNK]でしたが今日は[UNK][UNK]ですね[UNK]お風呂でゆっくりできて何よりでした[UNK]	0
1396724518241017856	[CLS]阪神電車で立ち上がりやすく少し[UNK]の高い[UNK]乗りシートに遭遇。確かに、少しの事で立ち座りしやすい！＃[UNK]乗りシート＃阪神電車[UNK]：／／ｔ．ｃｏ／[UNK][UNK][UNK]	0
1396721908029161474	[CLS][UNK]、[UNK]を見せてもらえる機会があり、子どもと[UNK]牛を見ることができました。かなり大きく、うちの子は興奮してました[UNK][UNK]日常生活から少し離れて出かけると新鮮な発見がああり、[UNK]できますね[UNK][UNK]も無理のない範囲で外出されてみてくださいませ。[UNK]：／／ｔ．ｃｏ／[UNK][UNK]	0
1396711542515671052	[CLS][UNK][UNK]／[UNK]出勤予定[UNK][UNK][UNK]：[UNK]～[UNK]：[UNK]蒼斗[UNK]：[UNK]～[UNK]：[UNK]お[UNK]可剣[UNK]：[UNK]～[UNK]：[UNK]お[UNK]可[UNK][UNK]：[UNK]～[UNK]：[UNK]お[UNK]可[UNK]時間電話ライン予約[UNK]おります♪[UNK]月割引キャンペーン（[UNK]／[UNK]まで）詳しくわこちら[UNK][UNK][UNK]：／／ｔ．ｃｏ／[UNK][UNK][UNK][UNK]＃女性用風俗＃大阪＃女風[UNK]：／／ｔ．ｃｏ／[UNK][UNK][UNK]	0
1396711074578112516	[CLS][UNK][UNK]／[UNK]出勤予定[UNK][UNK]コウ[UNK]：[UNK]～[UNK]：[UNK][UNK][UNK][UNK]：[UNK]～[UNK]：[UNK][UNK]大輔[UNK]：[UNK]～[UNK]：[UNK][UNK][UNK][UNK]：[UNK]～[UNK]：[UNK]お[UNK]可[UNK]時間電話ライン予約[UNK]おります♪[UNK]月割引キャンペーン（[UNK]／[UNK]まで）詳しくわこちら[UNK][UNK][UNK]：／／ｔ．ｃｏ／[UNK][UNK][UNK][UNK]＃女性用風俗＃大阪＃女風[UNK]：／／ｔ．ｃｏ／[UNK][UNK]ｑ[UNK]ｕ	0
1396708651826438148	[CLS]お[UNK]より目覚め、出勤の[UNK]をば。	1
1396701448096780292	[CLS]＠[UNK]お疲れ[UNK][UNK]いつもツイートで[UNK]本教えて[UNK]、ありがとう[UNK][UNK]電車、[UNK]ね[UNK]	0
1396692657225621507	[CLS][UNK]って[UNK]が[UNK][UNK][UNK][UNK]これ[UNK]電車[UNK]なくては…[UNK]：／／ｔ．ｃｏ／[UNK][UNK][UNK]	2
1396689102787944449	[CLS][UNK]系か、[UNK]式電車新造（神戸なら[UNK]）か…衝撃の[UNK]行「やくも車両新製」最後の国鉄型特急[UNK]：／／ｔ．ｃｏ／[UNK][UNK]ｄ[UNK][UNK][UNK]Ｕ＠[UNK]＿[UNK]から	2
1396679303555784709	[CLS][UNK][UNK][UNK]。笑何故か[UNK]週間だけＨＰで働く夢。爆笑いきなり店長から電話きて[UNK]から[UNK]週間[UNK]で来れへん？って聞かれてて妊婦[UNK]行けます？と[UNK]何故か制服まだ持ってて出勤前に車動かん[UNK]原チャで出勤した爆笑	0
1396677906659610624	[CLS]あの、[UNK][UNK]と[UNK][UNK]！！って外[UNK]雨降ってくるのやめてもらっていいですか？	2
1396677303359328260	[CLS]京都駅に来る日ってなぜか[UNK][UNK]の確率が高い。水族館行きたいな[UNK]電車動いてくれてて[UNK][UNK][UNK]：／／ｔ．ｃｏ／[UNK][UNK][UNK][UNK]Ｄ	0
1396675206349955072	[CLS][UNK]でいいので旅行したい[UNK]	1
1396670065924218890	[CLS]今日は多分休み。休みじゃなく出勤で、[UNK]重なると[UNK]しそう。雨が降ると更に[UNK]！[UNK]：／／ｔ．ｃｏ／[UNK]	2
1396670021263265800	[CLS][UNK][UNK][UNK][UNK][UNK]も紙で説明されて[UNK]の状態で一人営業始まる[UNK]の前任は明日最終出勤で残り[UNK]	0
1396669947481268228	[CLS]＠[UNK][UNK]そんな電車あるんすか[UNK][UNK]あまり詳しくない[UNK][UNK]	2
1397316727499739139	[CLS]市内に[UNK]ました[UNK]次は[UNK][UNK]を聞きながら出勤[UNK]今から仕事に就きます[UNK][UNK]：／／ｔ．ｃｏ／ＧＮ[UNK]Ａ[UNK][UNK][UNK]ｘ	1
1396669318499213313	[CLS][UNK]オリンピックやるならやるで旅行しますが	1
1396666690411188226	[CLS]京阪電車事故で止まってるから大回りしないとです[UNK]	2
1396661168723218437	[CLS]雨の日を楽しく[UNK]！[UNK][UNK]雨が続く日々、[UNK]が[UNK]なることもあるのでは？少しでも楽しい気持ちになれる、シューズをご紹介！[UNK]：／／ｔ．ｃｏ／Ｚ[UNK][UNK]	0
1396658621937639427	[CLS]京阪電車は人身事故で止まってます。地下鉄[UNK]駅へ移動＿（[UNK]「ε：）＿	2
1396657768556163073	[CLS]＠[UNK][UNK]＿[UNK]休日出勤[UNK]（＊[UNK][UNK]‘＊）！！[UNK]我が子と[UNK]嫁様の為に今日も[UNK]日[UNK]ましょう（＊[UNK]ω‘＊）♪	0
1396657688776384514	[CLS]＠[UNK][UNK][UNK]それ夏の匂い！！！れ！！ビアガーデンとかする時の夜の匂いやから、飲みに行きたすぎて[UNK]るわ	2
1396656975987896328	[CLS]天満橋でダイビングは珍しいな（電車のスピードが低い）。[UNK][UNK]とは限らんが。	1
1396648846382432258	[CLS][UNK]出勤したらさ、店[UNK][UNK]！！！[UNK]が死んで[UNK]る[UNK][UNK]吐[UNK]	2
1396646644544794624	[CLS][UNK]は久々に[UNK]売り場が[UNK]。[UNK]ずっと雨やったから皆外出たかった[UNK]なと思うと店開け[UNK]良かったと感じる。	1
1396644912586579972	[CLS]＠[UNK][UNK]おはよう[UNK][UNK]、梅雨空です〜[UNK]、降ってます〜[UNK]、[UNK]は[UNK]日曜日で、[UNK][UNK]お買い物で楽しく[UNK][UNK]、今日は[UNK]〜[UNK][UNK]	0
1396644760488579073	[CLS]出勤途中で[UNK]人も頭おかしい奴らと[UNK]。	2
1396640768387805186	[CLS]おはよう[UNK]っ残り出勤日は今日入れて[UNK]日より早く感じますが…天気は[UNK]ですが今日も[UNK]遊び[UNK][UNK][UNK]：／／ｔ．ｃｏ／[UNK][UNK]ｆ[UNK][UNK]	1
1396635667854028801	[CLS]おはよう[UNK][UNK]、[UNK]の西宮市、[UNK]月曜日はお休みです、[UNK]は久々に[UNK]日曜日、[UNK]家族連れ、お[UNK]、若者カップル、大勢のお客様街中は[UNK]の人々に、緊急事態宣言中なのですが、ありがとう[UNK][UNK][UNK]、[UNK]も皆に[UNK]福あれです[UNK][UNK][UNK][UNK][UNK]：／／ｔ．ｃｏ／[UNK][UNK]ｕ[UNK][UNK]	0
1396617682816958465	[CLS]今日は[UNK][UNK]で出勤[UNK]：／／ｔ．ｃｏ／[UNK][UNK][UNK]	1
1397339359091695636	[CLS]＠[UNK]おはよう[UNK]万博記念公園駅[UNK][UNK]今から出勤です。	0
1397338118634704898	[CLS]＃オリンピック廃止を求めます外出は控え、放課後のクラブ活動は禁止、結婚式も葬式も[UNK]と、面会は禁止国民は、真剣に感染拡大防止に協力しています！それなのに、政府だけは、感染を拡大させる五輪を強行しようとしている！頭が[UNK]いるのですか？国民のことは、[UNK]いいのか？	2
1397335158248726528	[CLS][UNK]系電車の[UNK]みたいな車輛作って、食堂車も連結して、大阪発札幌行きの列車を走らせて欲しい。[UNK]：／／ｔ．ｃｏ／[UNK][UNK][UNK][UNK]	1
1397334632572461065	[CLS]＠ｄ＿[UNK][UNK]ｃ[UNK]駅で電車から黄色い気動車に乗り換えて、非電化の単線を[UNK]と[UNK]ですね[UNK]。[UNK]として繋がってたら歴史は変わってたかも[UNK]それは良き思い出[UNK]	0
1397333613553745920	[CLS]電車の中で世界塔なんてやるもんじゃない[UNK]	2
1397332975335972867	[CLS]出勤[UNK]（＠自宅（新居）ｉｎ京都市，京都府）[UNK]：／／ｔ．ｃｏ／[UNK]	2
1397332707256852480	[CLS][UNK]制限で[UNK]いるのは飲食店だけではありません緊急事態宣言することによって新幹線や[UNK]の交通往来は極端に少なくなりますうちら支援助成金なしの小さな旅行関係は[UNK]もんじゃない[UNK]：／／ｔ．ｃｏ／[UNK][UNK][UNK]	2
1397331660497035265	[CLS][UNK]の電車は人多い[UNK]明日、[UNK]消化することにしたあと[UNK]日は夏休みと秋かな	1
1397331476253790211	[CLS]＠[UNK][UNK]おはよう[UNK]！電車で[UNK]苦茶[UNK]してました笑	0
1397328550521294849	[CLS]真面目の塊。さすがに、これまでの「ミスター・タイガース」だけの事はある。【虎のソナタ】敵になっても[UNK]の“出勤”[UNK]ビジターで異例！午後[UNK]時には甲子園で準備（[UNK]スポーツ）[UNK]：／／ｔ．ｃｏ／[UNK][UNK]Ｚ[UNK][UNK]	0
1397327306096484352	[CLS]＠ｋ＿[UNK][UNK][UNK]もお聴きいただきありがとう[UNK][UNK]前半に出勤時に相応しいサウンドをご用意しました[UNK]	0
1397327255223750656	[CLS]＠[UNK][UNK]おはよう[UNK][UNK]緊急事態宣言の影響か、人は少なく、路上飲み多数、飲食店も[UNK]時には[UNK]ます…コロナ禍が収束したら[UNK]下さい[UNK]	0
1397324332695638017	[CLS]満員電車。絶対に動かん！奴が後ろにいる。駅に[UNK]、[UNK]人が乗ってきても、その場が自分の領地[UNK]絶対に[UNK]とせず、押し返す奴。電車通勤向いてないん[UNK]か？[UNK]	2
1397322412589416448	[CLS]バナナ食いながら出勤[UNK]：／／ｔ．ｃｏ／[UNK][UNK][UNK][UNK]	0
1397322406759309316	[CLS]最近、[UNK]の[UNK]、[UNK]時間前には目が[UNK][UNK]そして、職場に到着[UNK][UNK]仕事終わらせて[UNK][UNK][UNK][UNK]くんと一緒に出勤[UNK][UNK]：／／ｔ．ｃｏ／[UNK][UNK][UNK]	0
1397321830319357953	[CLS]おはよう[UNK][UNK][UNK][UNK]。[UNK]は、まだまだ[UNK]いたのか[UNK]時過ぎに目が[UNK]ました。通勤ラッシュ[UNK][UNK][UNK][UNK]の時間帯になりますが、[UNK]で京都の[UNK]に京阪電車で移動します[UNK][UNK][UNK]。水曜日も[UNK]お願いします[UNK][UNK][UNK]。[UNK]：／／ｔ．ｃｏ／[UNK][UNK][UNK][UNK]	0
1397321121662439424	[CLS]乗車率[UNK]％、マスク率[UNK]％。いろいろ考えるが[UNK]ないまま出勤。（＠[UNK]駅ｉｎ生駒市，奈良県）[UNK]：／／ｔ．ｃｏ／[UNK][UNK]ｔＱ[UNK]ｇ	2
1397157481718026240	[CLS]＠[UNK]＿[UNK][UNK]の前走ってる阪急電車。ブレーキ「キーキー」[UNK]か、[UNK]で掃除してやってください。費用はしらんけど。[UNK]：／／ｔ．ｃｏ／[UNK]	2
1397316618380660740	[CLS]おはよう[UNK]。[UNK]は大阪市内出勤。[UNK]：／／ｔ．ｃｏ／Ｎ[UNK][UNK][UNK]Ｘ	0
1397315872616710145	[CLS]＠[UNK]マカさん、ありがとう[UNK][UNK][UNK][UNK]、[UNK]と飲みに行きたいですね〜[UNK][UNK]	0
1397295752045465601	[CLS][UNK][UNK][UNK]地獄出勤後[UNK]回[UNK][UNK]るけど今日は[UNK][UNK][UNK]見れるのかな[UNK][UNK]時[UNK]～[UNK]分間だけらしいですけど[UNK]夕方から少し[UNK]は始まる[UNK]ね[UNK][UNK]中に弾丸ヤマトミュージアムへ行こうか悩む[UNK][UNK]片道[UNK]時間[UNK][UNK]こういう時しか行けないからね[UNK][UNK]の夢なのだ[UNK]	1
1397291316724178946	[CLS]おはよう[UNK][UNK]早朝の[UNK]です[UNK]今日は[UNK][UNK][UNK]を聞きながら出勤[UNK][UNK]：／／ｔ．ｃｏ／ｃ[UNK][UNK][UNK]	1
1397288973412691972	[CLS]＠[UNK]おはよう[UNK][UNK][UNK][UNK][UNK]今日は少し早めの出勤なのです[UNK]	1
1397268832536780802	[CLS]神戸市電平野線さよなら電車[UNK]年[UNK]：／／ｔ．ｃｏ／[UNK][UNK][UNK]	0
1397232935955312645	[CLS][UNK]：／／ｔ．ｃｏ／[UNK][UNK]緊急事態宣言延長で[UNK]こと。。。海外旅行が行けんくなる以外なんかある？？（’ω’）って[UNK]、お酒飲む人は外で酒が[UNK]ないとかそんなんかな？？	2
1397218226312986639	[CLS]電車を買いに行ってきなさい…[UNK][UNK]？[UNK]想像を[UNK]きた[UNK][UNK]：／／ｔ．ｃｏ／[UNK][UNK]ｋＷ[UNK]	2
1397210468880683011	[CLS]外務省によると感染症危険レベル[UNK]になると不要不[UNK]渡航は[UNK]レベル[UNK]になると渡航中止勧告なん[UNK]世界中の[UNK]割がレベル[UNK]なので基本的に海外旅行は不可。ちなみに米[UNK]によると日本はレベル[UNK]の警戒レベル最高ということで「ワクチン接種を完了した人でも変異ウイルスに感染する恐れがある」	2
1397209172769398788	[CLS][UNK][UNK]カラオケに行き[UNK]いきたい行き[UNK][UNK]してる。もう[UNK]ヶ月以上マイク持ってないよ？？[UNK]ストレス発散したいよ[UNK][UNK][UNK][UNK]したいよ[UNK]お[UNK][UNK]	2
1397208555007234054	[CLS]宿到着[UNK]タクシー[UNK]より電車[UNK]の方が圧倒的に早く着く今夜のご飯もローソンのお世話になる[UNK]も[UNK]も今夜もローソン大阪らしいもの食べてないや	0
1397202125885689863	[CLS]＠Ｓ[UNK][UNK]もう電車の[UNK]	2
1397195540643856389	[CLS][UNK]○○ロスでも自分はイベントロスかな。[UNK]の始めからコロナの影響を受けてたから[UNK]行きたい（それに初めての地域は旅行も出来る）。特にＡＫＢ[UNK]の握手会に行き始めてから毎回行くようになってたから楽しみの[UNK]つでもある。＃[UNK][UNK]	0
1397192774554955779	[CLS][UNK][UNK]やねん（笑）明日普通に出勤[UNK]言うとんねん	1
1397189428003672064	[CLS]＠[UNK][UNK]ところで貴方の部下の[UNK]処分どうなってんの？府民に不要不[UNK]外出のお願いしたりルールを守らない飲食店に怒りを露にする前に[UNK]ルールを[UNK]破る部下の処分を[UNK]するのが先[UNK][UNK]そんなの社会人として[UNK]事[UNK]の？感染率[UNK]％の飲食店[UNK]は止めてや[UNK][UNK][UNK]	2
1397183843279515649	[CLS]日曜日の昼に出勤してから今日の夜[UNK][UNK][UNK]するまでの間…[UNK]のガラス戸[UNK]ｃｍほど開け[UNK]やった[UNK]	2
1397177398940950538	[CLS]この日普通なら[UNK][UNK]に[UNK]って思ってた[UNK]大阪は宣言は出る会社からも不要不[UNK][UNK]は止めて欲しいという宣言[UNK][UNK][UNK][UNK][UNK][UNK][UNK]好きな数字[UNK]わかる[UNK][UNK]さすが神に[UNK]るだけにわかるのかな[UNK]いつ[UNK]のやら[UNK][UNK]：／／ｔ．ｃｏ／Ｓ[UNK][UNK][UNK][UNK]	2
1397175580676612099	[CLS][UNK]駅にある地図を見ますと、山陽電鉄が路面を走った＃西国街道が電車を走らせ易そうな線形だと感じます。私が生まれた時は既に＃神戸高速鉄道がありましたので、併用軌道を走る山陽電車は写真でしか見たことがありません。是非一度模型で見てみたいです。（モジュール[UNK]う？）[UNK]：／／ｔ．ｃｏ／ｘ[UNK][UNK][UNK]	0
1397175033131274246	[CLS]みんな[UNK]阪急電車[UNK]編成能勢口[UNK]号フル点灯入線。お[UNK]キットレンズで記録です。[UNK]：／／ｔ．ｃｏ／[UNK][UNK][UNK][UNK]	0
1397173350795907081	[CLS][UNK]のゼミ旅行で、外観が気になった岡山市民会館の[UNK]、中から見るとこんな感じらしい。[UNK]と[UNK]高いなと思ったのと、コンクリートブロックの彫りが深い分、色が[UNK]ず[UNK]見える[UNK]という印象。直接[UNK]印象変わるかもしれないし、今度[UNK]ついでに行ってみよう。[UNK]：／／ｔ．ｃｏ／[UNK][UNK][UNK][UNK]	1
1397169785473957892	[CLS]＠[UNK]＿[UNK][UNK]さんの店に飲みに行きたい（Ｔ＿Ｔ）宣言延長とか[UNK][UNK]ね＿（－ω－‘＿）[UNK]）＿	1
1397169154029883399	[CLS]黒髪ロングに[UNK]、いい[UNK]、、電車でたまに見ます。	1
1397168947171008513	[CLS][UNK]！今から出勤しますか[UNK]ところが…[UNK]の鍵が行方不明に[UNK]…地獄だな[UNK]帰って[UNK]部屋探[UNK]	2
1397167864075866112	[CLS]勝った勝ったまた勝った[UNK]阪神にまた勝った！阪神電車ではよ[UNK]！！！	0
1397166344366288896	[CLS]今日[UNK]時まで仕事で明日はいつも通りの時間に出勤という現実を受け入れたくない。	2
1397166076455112704	[CLS]オリンピックに向けて[UNK]いる選手は応援したいが、今の状況からみて開催については支持できない。海外の旅行を、規制している中、海外からの選手を受け入れることをどう[UNK]のか？日本人の犠牲を払って開催なんてありえない！	2
1397164880424181763	[CLS]＠[UNK]＿Ｌ[UNK]電車[UNK][UNK]	0
1397164862573215744	[CLS][UNK][UNK]部海岸伊藤ハム[UNK]宿吉田城跡路面電車嵩山の[UNK][UNK]卵生産日本一豊橋[UNK][UNK]書店本社人口[UNK]都市に四年制大学三つ「豊橋市に何もない」とは[UNK]うた。ちょっと責任者出てこい（[UNK]言[UNK]）明日仕事で[UNK][UNK]ねん。[UNK]：／／ｔ．ｃｏ／Ｃ[UNK][UNK][UNK]ｍ[UNK]Ｉ	2
1397161761220956165	[CLS]今日は会社帰りに＃阪急大阪梅田駅に。＃阪急千里線[UNK]周年の＃ヘッドマーク付き電車を撮影できました。＃阪急電車＃阪急京都線[UNK]：／／ｔ．ｃｏ／[UNK]	2
1397161425894723591	[CLS]殺人ツアーコナン[UNK]ツアー中にコロナに感染したら一時金として[UNK]円が支払われる保険がセットになっている安い！しかもツアー参加後のコロナの発症については旅行代金[UNK]なし病床の[UNK]はなしもはや「感染」ツアー？Ｊ死Ｂが販売（[UNK]．）＃Ｙａｈｏｏニュース[UNK]：／／ｔ．ｃｏ／[UNK][UNK]	2
1397158683419713539	[CLS]音楽聴きながら電車乗るのは好きだが、[UNK]ではあまり聞かない。	1
1397008875094564870	[CLS][UNK]のアラ焼いて天[UNK]キノコ[UNK]新[UNK][UNK]した今から[UNK]して夕方帰って[UNK]＃海なし県で魚料理[UNK]：／／ｔ．ｃｏ／[UNK][UNK][UNK]Ｓ[UNK][UNK]	0
1397157252306403329	[CLS]広瀬さん出勤しますよ〜[UNK]連日大人気大満足大好評[UNK]ます[UNK]ご予約はお早めに[UNK]です！！[UNK]：[UNK]〜[UNK]：[UNK][UNK]枠ありこれだけ[UNK]こ、、間違いない[UNK][UNK][UNK][UNK][UNK][UNK]：／／ｔ．ｃｏ／[UNK][UNK][UNK][UNK]	0
1397155787999387649	[CLS]＠[UNK]＿[UNK]友人と旅行行った時、赤いチームの本拠地に観戦行ったことありますが、そもそも野球のルールが分からなくて、一体なにやってんのか[UNK]分からなかった…	1
1397150809725444100	[CLS]みたか、これがパのホームラン王や！[UNK][UNK]！阪神電車ではよ[UNK]！（笑）	0
1397149769747689477	[CLS]出勤日更新しました[UNK][UNK]でお待ちしてます[UNK]＃[UNK]＃大阪＃京橋＃[UNK]：／／ｔ．ｃｏ／[UNK]	2
1397148045750325249	[CLS]＠[UNK]＿[UNK]お大事に薬がないんだよね。私は、[UNK]だと知らずに会社に出勤してました。	0
1397146783717892096	[CLS]＠[UNK]＿[UNK]月に[UNK]を兼ねて北海道に行ったことあるけど（社員旅行）、神戸より気温高かった[UNK][UNK][UNK]予報やから[UNK]よ、絶対[UNK]	2
1397143062367801349	[CLS]明日出勤になった[UNK]	2
1397139827854766092	[CLS]＃[UNK]駅かつて山陽電鉄の電鉄兵庫駅があった場所に兵庫勤労市民センター等が入るビルが建っております。ここから[UNK]の手前まで山陽電鉄は路面を走っていた[UNK]。この道を山陽電車が走っていたなんて、ちょっとロマンを感じました。電鉄[UNK][UNK][UNK][UNK]と言う響きも[UNK]ます♪[UNK]：／／ｔ．ｃｏ／[UNK]	0
1397130508929167363	[CLS]仕事をもらって、仕事に行って、交通費かけずに旅行や観光をして、また次の場所での仕事をもらって行って、また次の場所、、、[UNK]これでアドレス[UNK]の出来上がりですよ。	0
1397128479552901129	[CLS]息子氏が長期休暇中は[UNK]遠方仕事いけるので、遠方からのお仕事依頼お待ちしております！※交通費かけずに旅行がしたい	0
1397127766240239616	[CLS][UNK]月に沖縄ハウス[UNK]何件か仕事[UNK]絶対にいきます※交通費[UNK]で旅行がしたい	0
1397122304350461954	[CLS]緊急事態宣言中のイベントとしてはカラオケ歌い放題無料…（[UNK][UNK][UNK][UNK]政府に自治体の[UNK]！『[UNK][UNK]わ！あなたが思うより[UNK]♥』ワクチン接種を受けられた高齢者の[UNK]は[UNK]飲みに[UNK]！歌いに[UNK]！未接種の高齢者の方は、あと少し自粛をお願いします。＃カラオケ[UNK]：／／ｔ．ｃｏ／[UNK][UNK][UNK]：／／ｔ．ｃｏ／[UNK][UNK]ＥＧ	2
1397116449395658752	[CLS]日本政府のバカ者どもと、分科会の[UNK]達。お前達は一体この一年何を基準にコロナ対策をしてきたのだ[UNK][UNK]コロナ感染は飲食店から出ているとは言って飲食店を[UNK]して[UNK]扱いして[UNK]しろ[UNK][UNK]何故満員電車に乗り会社に通勤する奴らから感染者がいないと言えるのか国は事実を認め経済[UNK][UNK][UNK]	0
1397112536231673860	[CLS]（続）親や先生方が子供達に教えないのだろうか？見た目が自分達と異なっているとそのまま子供達は感じたことを面白がって揶揄う、それが、非常に[UNK]しまい，立ち[UNK]ない子もいる！大人でも電車内で彼等の[UNK]には、誰も[UNK]なかったり！（移民、難民[UNK]は[UNK]ない．．．．．）[UNK]：／／ｔ．ｃｏ／[UNK]	1
1397112460570550272	[CLS]少し時間が経つと、見た目が[UNK]変わってました。[UNK]買い物、[UNK]など[UNK]、[UNK]当社[UNK]をご利用ください！ご予約の際は、[UNK][UNK]ネット予約で！[UNK]：／／ｔ．ｃｏ／[UNK]＃[UNK][UNK]＃[UNK]＃空＃雲＃[UNK][UNK]：／／ｔ．ｃｏ／ｋ[UNK][UNK][UNK][UNK]	0
1397108532869099528	[CLS]＠[UNK][UNK][UNK]＠[UNK]電車[UNK][UNK][UNK]いい[UNK]	0
1397106062877134848	[CLS]帰宅ラッシュの[UNK]と同じ流れに乗って出勤である（＠大阪駅ｉｎ大阪市，大阪府）[UNK]：／／ｔ．ｃｏ／[UNK][UNK]ｓｐ	2
1397096944497950726	[CLS][UNK][UNK]／[UNK]出勤予定[UNK][UNK][UNK]：[UNK]～[UNK]：[UNK]蒼斗[UNK]：[UNK]～[UNK]：[UNK][UNK][UNK]：[UNK]～[UNK]：[UNK]お[UNK]可[UNK][UNK]：[UNK]～[UNK]：[UNK]お[UNK]可[UNK]時間電話ライン予約[UNK]おります♪[UNK]月割引キャンペーン（[UNK]／[UNK]まで）詳しくわこちら[UNK][UNK][UNK]：／／ｔ．ｃｏ／[UNK][UNK][UNK][UNK]＃女性用風俗＃大阪＃女風[UNK]：／／ｔ．ｃｏ／[UNK][UNK]ｅ[UNK]	0
1397096483736887299	[CLS][UNK][UNK]／[UNK]出勤予定[UNK][UNK][UNK][UNK]：[UNK]～[UNK]：[UNK][UNK][UNK][UNK]：[UNK]～[UNK]：[UNK]お[UNK]可[UNK][UNK][UNK]：[UNK]～[UNK]：[UNK]お[UNK]可剣[UNK]：[UNK]～[UNK]：[UNK]お[UNK]可[UNK]時間電話ライン予約[UNK]おります♪[UNK]月割引キャンペーン（[UNK]／[UNK]まで）詳しくわこちら[UNK][UNK][UNK]：／／ｔ．ｃｏ／[UNK][UNK][UNK][UNK]＃女性用風俗＃大阪＃女風[UNK]：／／ｔ．ｃｏ／[UNK][UNK][UNK][UNK]	0
1397095838329888770	[CLS]＠[UNK]裕ちゃん[UNK][UNK][UNK]仕事終わり〜帰宅途中の電車[UNK]ですマグロ丼[UNK]そう〜[UNK][UNK]小腹が空いた時間なので〜マグロ丼〜が食べたい笑＃[UNK]たにご出演[UNK][UNK][UNK][UNK][UNK]わたしもここにもリクエストメール送りしていましたよ〜[UNK]良かったですね[UNK][UNK][UNK][UNK]では〜した[UNK]ね[UNK]	0
1397081119107936261	[CLS]＃わん[UNK]お付き合いありがとう[UNK]。[UNK]の推しに私も気持ち新たに推し活[UNK][UNK][UNK]と思いつつ次の現場へ電車[UNK]	0
1397079886494265352	[CLS]＠[UNK]Ｅｎ[UNK][UNK][UNK][UNK]＠[UNK][UNK]ひと[UNK]つきながら愛なんていらない[UNK][UNK][UNK][UNK]ユニバース卒業旅行	2
1397072106135842816	[CLS]＠[UNK][UNK][UNK][UNK]日で[UNK]円？！毎日毎日電車に[UNK]る[UNK]の苦労をな[UNK]と思うとんねん[UNK]	2
1397039465378451456	[CLS]緊急事態宣言延長に伴い[UNK]の会場が閉館の場合[UNK]月[UNK]日土曜日の[UNK]会は場所を変更して開催します！【会場詳細】場所[UNK]居酒屋浜ちゃん住所[UNK]大阪市西区九条[UNK]－[UNK]－[UNK]阪神電車九条駅地下鉄中央線九条駅から各徒歩[UNK]分参加費[UNK][UNK]円（飲み物付き）時間[UNK][UNK]：[UNK]－[UNK]：[UNK][UNK]：／／ｔ．ｃｏ／[UNK]：／／ｔ．ｃｏ／[UNK]Ａ[UNK][UNK][UNK][UNK][UNK]	0
1397037234444849152	[CLS]電車で[UNK]と[UNK]ギャルが[UNK]してて（理由は知らない）、世の中捨てたもんじゃないって思った。	2
1397031077252780035	[CLS]おはよう[UNK][UNK][UNK]／[UNK]（火）出勤情報【[UNK][UNK]】[UNK]：[UNK]－[UNK]：[UNK][UNK]有り[UNK]にも[UNK]要素が加わり、成長スピードがすごいです！容姿、スタイル、トークどれをとっても[UNK][UNK]聞くところによると衣装も[UNK]がほとんどないとか[UNK]コスプレとか好きな方は相性いいかもな〜、、[UNK]ｈｔｔｐｓ：／／ｔ．ｃｏ／Ｅ[UNK][UNK][UNK][UNK][UNK]	0
1397030257597640704	[CLS][UNK]／[UNK]（火曜）[UNK]、[UNK]営業ａｍ[UNK]：[UNK]－[UNK][UNK]：[UNK]ランチのみ営業です[UNK]ちゃんは、出勤中[UNK]！カフェ[UNK]	0
1397027902118514690	[CLS]今日は昼出勤。[UNK]夜走るからね[UNK][UNK][UNK][UNK][UNK][UNK]	1
1397025995366961159	[CLS]＠[UNK][UNK]＿ｈ飲みに～（[UNK]）	0
1397023442105290757	[CLS][UNK]、あと[UNK]がんば[UNK]（[UNK]・ω・[UNK]）[UNK][UNK]明日は休みだぜ！正確には、明日は出勤の予定だったんですけど、[UNK]理由が重なって結局休みになりました！	0
1397017409295319042	[CLS]朝は[UNK]なくいい風[UNK][UNK]です。ＩＣＯＣＡも[UNK]も忘れ[UNK]切符買って出勤です笑＃山本会計事務所[UNK]：／／ｔ．ｃｏ／[UNK]ｌＱ[UNK][UNK][UNK]ａ[UNK]	0
1397679252154195970	[CLS]携帯電話ＧＢステージ[UNK]で、とどめたいから外出して[UNK][UNK]無くなるから、家帰るまでもう[UNK]つの携帯電話持って行く。基本[UNK]がメインな[UNK][UNK][UNK][UNK][UNK]：／／ｔ．ｃｏ／[UNK]ｄ[UNK]Ｆｅ[UNK]Ｕ[UNK]ｌＶ	1
1397008299808104452	[CLS]今日はお昼は商店街に[UNK][UNK]＃奈良＃奈良でカレー	0
1397005806206296067	[CLS]レター型マルチケースが再[UNK][UNK]ました[UNK]中は[UNK]タイプでカード入れや仕切りもたくさん[UNK]母子手帳ケースをはじめ、旅行時のパスポートやお[UNK]としても幅広く活用して[UNK]ます[UNK]レター型マルチケース税込[UNK]，[UNK]円[UNK]：／／ｔ．ｃｏ／[UNK][UNK][UNK][UNK]	0
1397005188372647936	[CLS]バスを乗り間違い、電車も乗り間違い、徒歩[UNK]分くらいで着く[UNK]屋に[UNK]分経っても[UNK]ない。[UNK]症だろうか？	2
1396997479409741826	[CLS]おはよう[UNK][UNK][UNK]神戸・元町丸太やさん最終日です！[UNK]も伊賀から出勤！尼崎にて特急待ち〜。[UNK]城はこちら。[UNK]：／／ｔ．ｃｏ／[UNK]	0
1396994476342603780	[CLS]電車で前に座ってる[UNK]男。マスク[UNK]モンスター飲むところまでは[UNK]、いいとして。[UNK][UNK]し[UNK]、目の前にいるんだから見もする[UNK]よ。しかも飲んでは[UNK]を[UNK]回も[UNK]、さすがに見るわな。…何を[UNK]きとんねん。バカかお前は…（怒）[UNK]：／／ｔ．ｃｏ／[UNK][UNK]	1
1396994218136981507	[CLS]おはようこざいます。[UNK]は出勤前に千里線開業[UNK]周年マークつきを狙うも[UNK][UNK]。人生そんなもんさ、と出勤するのでありました[UNK][UNK]：／／ｔ．ｃｏ／[UNK][UNK]	2
1396991225736032258	[CLS]ワクチン接種を終えられた[UNK]歳以上の高齢の方は、[UNK][UNK]ずに飲みに街に[UNK]ましょう[UNK]さすれば、重症化しにくい若者はワクチン接種を待たずとも街へ繰り出すことができます！＃ワクチン接種＃ワクチン[UNK]飲みに＃ウルトラの[UNK]＃コンカフェ[UNK]：／／ｔ．ｃｏ／[UNK]Ａｓ[UNK][UNK][UNK]	0
1396990237214081024	[CLS]長[UNK]Ｖｏｌ．[UNK]今日も嫁[UNK][UNK]前に[UNK][UNK]長[UNK][UNK][UNK]らへんはお金持ち多いのか[UNK]だらけ[UNK]駅前踏切が[UNK]連続という電車の通過でロスした[UNK][UNK]：／／ｔ．ｃｏ／[UNK][UNK][UNK]	2
1396989711474778118	[CLS]＠[UNK]＿[UNK]はじめましてです。天気のいい日は[UNK]したくなりますね。どこなく[UNK]とね♥	0
1396986532997652483	[CLS]＠[UNK]＿[UNK][UNK]出勤妨害行為[UNK]ずっと一緒にいたいという[UNK]の圧力ですね[UNK]	0
1396983752580997124	[CLS]おはよう[UNK][UNK][UNK]も[UNK]さんと[UNK][UNK]上海[UNK]です[UNK]今日は[UNK][UNK]ですね[UNK][UNK]の際は、感染予防対策[UNK][UNK][UNK]ランチやサービス、お弁当も好評です[UNK]ご家族でお[UNK]選べる[UNK]も[UNK]か？[UNK]：／／ｔ．ｃｏ／[UNK]ｍ[UNK][UNK]	0
1396982294410240002	[CLS][UNK]女子[UNK][UNK][UNK]みんな出勤しました[UNK]今日も[UNK][UNK]ます[UNK][UNK]最後の[UNK]姉[UNK]最高[UNK]見て下さいね[UNK]入場整理券はこの後朝[UNK]時[UNK]分配布開始[UNK][UNK]のご[UNK]をお待ちしてます[UNK][UNK]＃[UNK]＃大阪＃パチンコ＃スロット＃[UNK]女子[UNK]：／／ｔ．ｃｏ／[UNK][UNK][UNK]	0
1396981390063796225	[CLS]＠[UNK]＿[UNK][UNK]お[UNK][UNK]また早く[UNK]たい[UNK]（ノ＿＜）最近緊急事態宣言の影響で[UNK]カラオケに行けなく元気がなくなってる[UNK]です[UNK]画像のパン超絶お勧めです。神戸屋の[UNK]です。[UNK]とした食感で[UNK][UNK]なくミルククリームの甘さも[UNK]ボリュームもあり超絶お勧めです[UNK][UNK]：／／ｔ．ｃｏ／ＧＬ[UNK][UNK]	0
1396979700333907970	[CLS]自分の[UNK]月の出勤日です[UNK][UNK][UNK]月の[UNK]の営業時間は平日[UNK]：[UNK]〜[UNK]：[UNK]土日[UNK]：[UNK]〜[UNK]：[UNK]月曜日のみ[UNK]：[UNK]〜[UNK]：[UNK]となってます[UNK][UNK]匂いの強いもの、アルコール類以外の飲食物持ち込みＯＫ[UNK][UNK][UNK]のご[UNK]お待ちしてます[UNK]＃[UNK]＃大阪＃京橋＃[UNK]：／／ｔ．ｃｏ／[UNK][UNK][UNK][UNK]ｖ	0
1397702849308463105	[CLS]＠[UNK][UNK]おはよう[UNK][UNK]雨[UNK][UNK]の降り方が[UNK]なく[UNK]ので、外出を控える人が多いかと思いますが、昼からのスタートを予定してます。雨ですので、視界も悪くなりますので運転に気をつけて下さい。[UNK]も[UNK]お願いします[UNK]	0
1397702519489318916	[CLS][UNK][UNK][UNK]雨[UNK][UNK]の大阪[UNK]出勤前の朝風呂[UNK][UNK][UNK]します[UNK]	0
1397702460173606917	[CLS]これも電車？いま[UNK]ライナー＃[UNK]＃いま[UNK]ライナー＃地下鉄＃バス＃電車＃大阪＃大阪メトロ＃あべの橋＃[UNK]＃天王寺＃[UNK]＃[UNK]＃[UNK]＃[UNK]＃[UNK]場所：[UNK]駅（大阪市営地下鉄）[UNK]：／／ｔ．ｃｏ／[UNK][UNK]ｉ[UNK]ＵＲ[UNK]	2
1397700542332215297	[CLS]大雨の中での出勤[UNK]！気温も低く[UNK]ので[UNK]を着用[UNK]夕方には雨[UNK]みたいなので帰りは傘ささずに[UNK]な（＾－＾♪[UNK]：／／ｔ．ｃｏ／[UNK]	0
1397696403237867520	[CLS]今日は、近畿地方も昼前後に大雨が降る予報。外出はしませんけど。[UNK]の途中ですけど、少し横になります[UNK][UNK][UNK]。なかなか、平日の休み[UNK][UNK]に慣れてなくて。[UNK]：／／ｔ．ｃｏ／[UNK][UNK][UNK]	1
1397696366961299457	[CLS]音楽聞きながら歩いてる時も、ＹｏｕＴｕｂｅ見てる時も電車乗ってる時も、[UNK]「どんな仕組みにすれば、求めている中高生に[UNK]自分や社会を知る時間を作れるか？」のヒントを探している自分がいます[UNK][UNK]金の仕組みを学んでから、見えているもの全てが教科書になることを知りました[UNK]	0
1397696147867652100	[CLS]電車車内。[UNK]で電車止まった	1
1397695579145355269	[CLS]出勤[UNK]（＠自宅（新居）ｉｎ京都市，京都府）[UNK]：／／ｔ．ｃｏ／ｙ[UNK][UNK]	2
1397695352405299202	[CLS]気が向くまで[UNK]系電車の擬人化[UNK][UNK]に[UNK]わね	2
1397691304860033026	[CLS]おはよう[UNK][UNK][UNK]は夕方まで[UNK]予報の京都[UNK]足元に注意し[UNK]くださいね[UNK]＃京都＃雨＃[UNK]＃企業公式が[UNK]地元の天気を言い合う＃企業公式夏のフォロー祭り[UNK]：／／ｔ．ｃｏ／[UNK]Ｅ[UNK][UNK]	0
1397691233703653376	[CLS]電車通勤する[UNK]なったら思うことなん[UNK]、みんな椅子取りゲームぐらいの勢いで椅子座りに行くね。[UNK]も座りたいけど取り合ってまで座りたないわ。	2
1397690143939567618	[CLS]＠[UNK]＠[UNK]＿ｊｐ金子さまありがとう[UNK]。[UNK]は医療、福祉、就労支援などあらゆる制度から[UNK]疾病です。酷い痛みのため外出が叶わない方が多く、患者会にも入れない最重症患者が署名活動しています。[UNK]のご協力お願い[UNK]ます。ら	0
1397688856258912256	[CLS]お[UNK][UNK]雨が[UNK]降ってるので早めの出勤[UNK][UNK]＃[UNK]お[UNK][UNK]：／／ｔ．ｃｏ／[UNK]	0
1397688471125331970	[CLS]おはよう[UNK][UNK]京都は[UNK]雨です[UNK][UNK]なのに、今日は[UNK]、[UNK]入れて雨に負けないぞ（[UNK][UNK]）[UNK]：／／ｔ．ｃｏ／[UNK]ｆｔ[UNK]Ｃ[UNK]ｂ[UNK][UNK]	2
1397687386667061251	[CLS]雨、それは[UNK]出勤	0
1397685357596921856	[CLS][UNK]歳くらいで死んでもいいから、今子どもと旅行行きたいし、ワクチン受けたい[UNK]って思ってきた[UNK]友達[UNK]娘にとって、[UNK]学校中止は[UNK]過ぎるけど、その代わりの家族[UNK]でマスク無しで喘息持ちの娘と一緒に[UNK]のは、[UNK]すぎるしって[UNK]、難しい選択多いな[UNK]	1
1397682683862413315	[CLS]出勤時刻が近づくにつれ強くなる[UNK][UNK]はよ足元[UNK]ないスクーター欲しいですね[UNK][UNK]したスクーター最近気になります｜ω・）[UNK]：／／ｔ．ｃｏ／[UNK][UNK][UNK]	1
1397538912638181380	[CLS]今年の誕生記念旅行に”[UNK][UNK]銀河”に乗ったコロナ禍ゆえに良かった事も[UNK]事もそれもいい記念[UNK]：／／ｔ．ｃｏ／[UNK][UNK][UNK][UNK][UNK]	0
1397676856229330944	[CLS]【元気が出るスピード感の溢れる江原大介作品[UNK][UNK]】[UNK]月[UNK]日に発売される神戸女学院大学音楽学部ウインドオーケストラのＣＤには様々なタイプの作品を収録しましたが「[UNK]！」は学生たちも[UNK]ほど[UNK]作風[UNK][UNK]コンサートに[UNK]です[UNK][UNK][UNK]：／／ｔ．ｃｏ／ｋ[UNK][UNK]：／／ｔ．ｃｏ／[UNK][UNK][UNK][UNK]ｂ[UNK][UNK]	0
1397675902075510793	[CLS]中学まではユニフォームで家から出て行く野球部が、高校からはそうしないのは、[UNK]です。公共交通機関を利用することも増えるし、[UNK]臭いがするので。同じ[UNK]で、作業着の社会人も[UNK]を[UNK]して欲しい。生[UNK]＋タバコ臭で電車[UNK]れて、隣なんかに[UNK]れると．．．[UNK]	1
1397671814092886017	[CLS]＠[UNK]＿[UNK]ｃｍ外出中は水分補給代わりにコンビニでプライベートブランドの[UNK]を買って歩きながら飲むのよ	0
1397671202366259205	[CLS]大阪の路面電車である[UNK]電車の[UNK]駅辺り。路面電車と通常線路の[UNK]の踏切[UNK]なかなか絵になる[UNK]〜[UNK][UNK]普通の電車の線路の[UNK]動画[UNK]：／／ｔ．ｃｏ／[UNK][UNK][UNK][UNK][UNK]ｇ[UNK]＃[UNK]＃[UNK]電車＃路面電車＃大阪＃[UNK]停留場[UNK]：／／ｔ．ｃｏ／ＣＡ[UNK]ｐ[UNK]ｈ[UNK][UNK]	2
1397670604862464003	[CLS]＠[UNK]電車とバスですが、帰りはホンダの[UNK]で帰ります（＊＾＾＊）	0
1397665645840326663	[CLS]おはようこざいます。大雨が予想されるので、超[UNK]な出勤です〜[UNK]：／／ｔ．ｃｏ／Ｄ[UNK][UNK][UNK]Ｄ[UNK]ｗ	1
1397663892143104004	[CLS][UNK][UNK][UNK]出勤回数後[UNK]回となりました[UNK][UNK]トンワイドのバンパーとＬＥＤ[UNK]枠と[UNK]の処分がどうするかだな[UNK]バンパー以外は持って[UNK]けどさ[UNK]バンパーはキャリア無いから[UNK]に[UNK]ないもんな[UNK][UNK][UNK][UNK]：／／ｔ．ｃｏ／[UNK][UNK]	1
1397663698198532103	[CLS]＠[UNK][UNK]さんおはよう[UNK][UNK][UNK]（[UNK][UNK][UNK][UNK][UNK][UNK][UNK]）今日は梅雨らしく雨予報[UNK][UNK][UNK][UNK]そうなので[UNK]が[UNK]の際はお気をつけて今日も[UNK]です♪	0
1397663257989550084	[CLS]電車で前に座っていた男子が[UNK][UNK]	0
1397656497073446916	[CLS]おはよう[UNK][UNK][UNK]週後半の木曜日、雨が降ってるので乗り換えが面倒と思って、乗り換えが少ない電車に乗るため[UNK]分早く家を出ました[UNK][UNK]に人が少なく良い感じです[UNK][UNK][UNK][UNK][UNK]今日も[UNK]日[UNK][UNK]行きましょう[UNK][UNK]：／／ｔ．ｃｏ／[UNK][UNK]ｅ[UNK][UNK]	0
1397654795251421189	[CLS]おはよう[UNK][UNK][UNK][UNK]は久々に雨の朝になりました。けど昼過ぎには上がるの[UNK][UNK]いずれにせよ[UNK][UNK]日になる[UNK]ね。今日は珍しく外出の予定がないので一気に[UNK][UNK]たいですね。誰も電話等で邪魔[UNK]いて[UNK]・・・[UNK]ｈｔｔｐｓ：／／ｔ．ｃｏ／[UNK][UNK][UNK]	1
1397654158925172736	[CLS][UNK]の[UNK]…（＾。＾）今日は一旦[UNK]時前に目が[UNK]、少し[UNK]…[UNK]時頃に起きました。いつものラジオ[UNK]を聴きながらのツイート…今日は近畿全域で[UNK]〜強く降る地域もあります。[UNK]の方は、気をつけて下さい。午後からはだんだん回復する予想…今日も楽しい一日を過ごしましょう[UNK][UNK]	0
1397645951955652610	[CLS]＠ｔｏ＿[UNK]おはよう[UNK]、体調は回復傾向。[UNK]のツイートでも触れましたが、今後、[UNK]時の外出時に気をつけます。	1
1397645180988272643	[CLS]朝の早ようから[UNK]、今日の[UNK]は[UNK]系。雨降りの朝になりました。場所：[UNK]駅[UNK]：／／ｔ．ｃｏ／[UNK][UNK][UNK]	2
1397645102277820419	[CLS]おはよう[UNK]、[UNK]の無茶な外出行動が[UNK]帰宅途中、光線[UNK]伴う[UNK]、意識[UNK]状態になってしまい、[UNK]に心配とご迷惑掛けてしまいました。[UNK]の[UNK]にお[UNK][UNK]ますとともに、この場を借りて[UNK][UNK]ます。	1
1397630413753909248	[CLS]＠[UNK]＿[UNK]ゆり[UNK]さん、お[UNK][UNK][UNK][UNK]お願い[UNK]ます[UNK][UNK]さんのスタジオ生ライブ期待していますね[UNK]お二人のハーモニー是非とも聴きたいですね[UNK][UNK][UNK]曲など[UNK]良いですね。宇宙旅行については、月旅行など行って[UNK]ね[UNK][UNK]月の石とかお土産に[UNK]たいですね[UNK][UNK]＃[UNK][UNK]：／／ｔ．ｃｏ／ｔ[UNK][UNK][UNK]Ｕ	0
1397617692828311553	[CLS]■[UNK][UNK][UNK]．[UNK]，岡田[UNK][UNK]／松[UNK]■月旅行行けるなら、誰と？私は、最高の仲間と行く。＃[UNK][UNK]＃[UNK][UNK]	0
1397587229573148675	[CLS][UNK]歳の時に大金[UNK]、今は[UNK]塚本教習所に、働きながら[UNK]通って、苦労して免許取ったというのに、結局ペーパー。公道を走ったのは、沖縄旅行で[UNK]借りて運転した、ただ一回それだけ！[UNK]、ペーパーのまま片麻痺に（[UNK]；ω；[UNK]）	1
1397587220039573504	[CLS]＠[UNK]＿[UNK]世捨て人さんお疲れ[UNK]！ありがとう[UNK]！[UNK]時出勤の指定[UNK]疲れます[UNK][UNK]全線高速な[UNK][UNK]行ってきます[UNK]	0
1397579316213559301	[CLS]電車なくなりましたタクシーで帰ります（＠ＪＲ[UNK]駅ｉｎ神戸市，兵庫県）[UNK]：／／ｔ．ｃｏ／ｒ[UNK][UNK][UNK]	2
1397574381681876997	[CLS][UNK]一部[UNK]。空輸／旅行はまだいくだろうが次の業界に[UNK]目処にポジション比率変更する。[UNK]で最大限を狙わない、[UNK]に乗る方を優先。んじゃよく働いたご[UNK]にパン買ってくる[UNK]	1
1397573517843984388	[CLS]でも、今は、あれが正解や[UNK]と思えます。普通に[UNK]る電車、バス。営業してるスナック、バー。今は緊急事態宣言下ではもはや無いのです。補償なき自粛要請と言う[UNK]政府の言うことはもうだれも聞かない。けど私は個人として持病あるから感染しないようには気をつける。そのレベル。[UNK]：／／ｔ．ｃｏ／[UNK][UNK]Ｅ[UNK][UNK]	2
1397569719071170567	[CLS]中国でいいから旅行したい。	1
1397567439840309256	[CLS]＠[UNK]「今日はどんな景色に[UNK]かな」と[UNK]がありますが、この絵に描かれているモチーフは従来の宝塚”市”のＰＲポイントである、宝塚歌劇、手塚治虫、映画阪急電車の世界観、[UNK]など自社[UNK]くらいですまだ見ぬ景色はここに[UNK]れている[UNK]か？	0
1397564682098016256	[CLS]旅行リハビリ実施して行くに従って料金はどうしても高くなるだけど、高くなる要因は？[UNK]購入まで至らない原因は？これを深[UNK]考えると、やること[UNK]あるニーズはあるけど届けられないサービスにはしたくない[UNK][UNK]	2
1397561072219942912	[CLS]＠[UNK][UNK][UNK][UNK][UNK][UNK]＠[UNK]それで今空が[UNK]ん？？（[UNK]出勤中）あ、傘[UNK]。	2
1397557645892980741	[CLS]＠Ｎ＿＿[UNK][UNK][UNK]仕事[UNK]でした[UNK]気をつけて帰ってね．今日は[UNK]で外出してました。	0
1397557483430760450	[CLS]＠[UNK]＿[UNK]自分は少し旧い電車の台車から聞こえる[UNK]（両抱き）式ブレーキ[UNK]が[UNK]時に発する「[UNK]」「[UNK]」って言う音が[UNK]心地いいんよね。名古屋線、南大阪線、南海本線、能勢電で[UNK]んよ。	1
1397556465318055936	[CLS]＃美容＃[UNK]＃[UNK]止めの選び方[UNK]値は「[UNK]分、紫外線から守る」って目安。日常生活だと[UNK]～[UNK]でＯＫ。焼けやすい人、外出する人は[UNK]～[UNK]。ＰＡは[UNK]や[UNK]の原因の紫外線Ａの防止。＋＋＋を！	0
1397553415622778881	[CLS]【ひとり散歩】神戸／兵庫／旅行[UNK]：／／ｔ．ｃｏ／[UNK]＠ＹｏｕＴｕｂｅより＃旅＃旅の思い出＃旅の記録＃旅行＃プチ旅行＃小旅行＃家族旅行＃旅行好き＃旅行好きな人と繋がりたい＃国内旅行＃海外旅行＃京都旅行＃沖縄旅行＃温泉旅行＃日帰り旅行＃[UNK]＃[UNK]＃[UNK]＃[UNK]＃[UNK]	0
1397541410648121344	[CLS][UNK]を投稿しました。『人気[UNK]出勤ご予約お待ちしております』＃[UNK]＃大阪[UNK]：／／ｔ．ｃｏ／[UNK][UNK]ｃ[UNK][UNK]癒しの[UNK]庵で[UNK]女性[UNK]が[UNK][UNK]ますご利用お待ちしております	0
1397484278645096449	[CLS]マスクを[UNK]ずに[UNK]電車に乗って、大声で携帯で通話している、[UNK]がいたので、強制的に降りて[UNK]ました！駅員に引き渡し！	0
1397538189812719621	[CLS]今日は、[UNK]できなかったけど、マイバイクを、[UNK]ました。[UNK]細かい傷ある[UNK]。これ、使ってみました。ａーｚの自転車[UNK]。[UNK][UNK]気がする、、、[UNK]：／／ｔ．ｃｏ／Ｊ[UNK][UNK]	1
1397538060615577602	[CLS][UNK]月も[UNK]と飲みに行けないのか…ホテルディナーの予定やったのに…	2
1397537440399724553	[CLS]＃中華そば[UNK]折＃中華そば醤油阪神電車は任せてと[UNK]に行ったけど[UNK][UNK][UNK]奈良行き[UNK][UNK]席数も少なめで[UNK]空間変わったタイプの麺で[UNK]．[UNK]．次は塩かな[UNK]好きなやつで[UNK]いただきました[UNK]社内の[UNK]して私の周り[UNK]だらけ[UNK]：／／ｔ．ｃｏ／[UNK][UNK]ｊ	2
1397534643902025736	[CLS]＠[UNK]ありがとう[UNK][UNK]私も[UNK][UNK]した気分でした[UNK][UNK][UNK]：／／ｔ．ｃｏ／ｒ[UNK][UNK]	0
1397534242632966144	[CLS]ドアエンジンが[UNK]式やから電車と同じスローテンポの開閉やね。[UNK]：／／ｔ．ｃｏ／[UNK][UNK][UNK][UNK]ｈ[UNK]	0
1397527465107476484	[CLS]＠[UNK][UNK]、ご丁寧に[UNK]です。[UNK]の[UNK]タオル[UNK][UNK][UNK]。[UNK]年前に、[UNK][UNK]さんの大阪公演ザ・[UNK]ホールで結城さんのチェロを知り、以来何度かコンサートに。最近うたコンでのご活躍を知り、[UNK][UNK]しております。ますますのご活躍を。	0
1397524950106337280	[CLS]＠[UNK][UNK][UNK]とかは、[UNK]本おきに[UNK]とか来るけど[UNK]。[UNK]が住んでた頃は普通電車はダルマと呼ばれた[UNK]が多かったかな。	1
1397524456910643204	[CLS]晩[UNK][UNK][UNK]終わって[UNK][UNK]してます今夜日付変更線辺りから[UNK]マ―クが昼頃まで続いてる[UNK][UNK]大雨と強風らしい[UNK]梅雨や[UNK]ない[UNK]不要な外出は避けて[UNK]―ムしよう当該地域の[UNK]も気つけて[UNK]れ[UNK][UNK][UNK]：／／ｔ．ｃｏ／[UNK][UNK]	2
1397522561441755144	[CLS]＠[UNK]＿[UNK]また世の中[UNK]、食べに＆[UNK]；飲みに来てくださいね[UNK]	0
1397519973375901697	[CLS]＠[UNK]＿[UNK]後は[UNK][UNK]ボトルを購入して、[UNK]や[UNK]フォーム、[UNK]クリームを[UNK]してますね。[UNK]旅行[UNK]なりました♪[UNK]	0
1397518058831314954	[CLS][UNK]時から出勤します！[UNK]たい、歌いたいって方お待ちしております（[UNK][UNK][UNK]）．[UNK]．[UNK][UNK]ください！[UNK]：／／ｔ．ｃｏ／ｉ[UNK][UNK][UNK][UNK]	0
1397517360664248323	[CLS]＠[UNK][UNK]外出中は[UNK]の[UNK]飲む癖があるのよ[UNK]	0
1397517312954028034	[CLS]＠[UNK][UNK]今日も[UNK][UNK]。[UNK]、お[UNK]になりましたね。知事の体が[UNK]。[UNK]、[UNK]時間もお取りになっていてください。感染対策しっかりします。外出する前、帰宅した時は必ず[UNK]で[UNK]してます。ワクチンもスムーズに進むことを[UNK]います。	0
1397516906530152463	[CLS]＃電車京都駅にて、特急列車を見ると旅行に行きたくなりますよ。[UNK]：／／ｔ．ｃｏ／[UNK][UNK][UNK]	0
1397514749076594690	[CLS]＠[UNK][UNK]＿[UNK]岐阜県から、電車で移動して大阪で明日打ち合わせあるので、[UNK]大阪のホテルチェックインしました！お疲れ様で[UNK][UNK]	0
1397514248834584576	[CLS]＠[UNK][UNK]ありがとう[UNK]。この時間、電車が[UNK]て、ｄ（＾＿＾ｏ）[UNK]です（＾○＾）	0
1397514183021715464	[CLS]ＹｏｕＴｕｂｅ[UNK]チャンネルアップしました！今回は「横山[UNK]、旅行雑誌[UNK]に掲載されました！」の回です[UNK]是非観てくださいね。[UNK]：／／ｔ．ｃｏ／ＴＧ[UNK][UNK]：／／ｔ．ｃｏ／[UNK][UNK][UNK]	0
1397504055669256197	[CLS]京阪[UNK]形の石山坂本線での本格運用の時期に、京阪石山坂本線に、[UNK]形を[UNK]／[UNK]にカットしたような、幅が狭い電車が走る夢を見たよ。先頭の形が、京阪[UNK]形の左側に似てたよ。	1
1397502278425145346	[CLS]今帰りの電車の中[UNK]、皆[UNK]月見えてる？	2
1397499003793678336	[CLS]朝からっていうか、[UNK]から水だけ飲んで仕事中、訳ありで超超超超超超超超超[UNK]。もうすぐ終わり[UNK]誰か一緒に飲みに[UNK]！[UNK]あと、何日我慢したらええ[UNK]ね。[UNK]に良い水を見つけたから早く[UNK]みたい[UNK][UNK]	0
1397498465588899845	[CLS]＠[UNK][UNK]また[UNK]着て出勤かな…[UNK][UNK]わ[UNK]梅雨時期は精神的にも[UNK]わ[UNK]	1
1397496544757092354	[CLS]京阪電車乗って[UNK][UNK]市内ではこれほど[UNK][UNK]は[UNK][UNK][UNK][UNK][UNK][UNK][UNK][UNK][UNK][UNK][UNK][UNK][UNK][UNK][UNK][UNK][UNK][UNK][UNK][UNK][UNK]：／／ｔ．ｃｏ／ｑ[UNK][UNK][UNK][UNK]	2
1397496336598003714	[CLS]＠[UNK][UNK]コロナで専業主婦になってしまいました[UNK]収入減で、できるだけシールの[UNK]る商品探して買い物してます[UNK]外出は買い物だけ[UNK]コロナなったら死ぬと思うので[UNK]サラリーマンの[UNK]、学生の娘が通勤通学でコロナもらって[UNK]終わりです[UNK][UNK]円[UNK]、ちょっと豪華な食材を購入しようと思います[UNK]	0
1397495279700516865	[CLS]懸念されてる交直流電化方式の問題について[UNK][UNK]系電車を活用すれば解決できるんじゃね？[UNK]：／／ｔ．ｃｏ／[UNK]	1
1397493490712338434	[CLS]＠[UNK]＿[UNK][UNK]は休日出勤でした	0
1397488735936139267	[CLS][UNK]ずに電車乗ったの、何時ぶり[UNK]？	2
1397488181960843264	[CLS][UNK]を投稿しました。『人気[UNK]出勤ご予約お待ちしております』＃[UNK]＃エステ[UNK]：／／ｔ．ｃｏ／[UNK][UNK][UNK]予約受付中移動時間で[UNK][UNK]ます	0
1397486620245254147	[CLS]満員電車[UNK]コロナの[UNK]するけど[UNK]か？	2
1397486461310554112	[CLS]日曜日出勤になりました。[UNK]悲しいです。今夜はいっぱい走りたい。	0
1397485840989790211	[CLS][UNK][UNK]：[UNK]オープン[UNK]出勤スタッフ[UNK]＠[UNK]＿[UNK]＠[UNK]＿[UNK][UNK]人で[UNK]までお待ちしてます[UNK][UNK][UNK][UNK]＃[UNK]＃大阪＃京橋＃[UNK]＃水タバコ[UNK]：／／ｔ．ｃｏ／[UNK][UNK][UNK]	0
1397485799138988035	[CLS]＠[UNK]＠[UNK][UNK]、身体中に[UNK]渡るよ（笑）今度いつ飲みに行きますか？（はよ行きたい[UNK]）	2
1397355793037479937	[CLS]ちなみに＃楽天モバイルに変更して[UNK]ヶ月です。[UNK]ないだろうと予想は元々していましたが、[UNK]楽天回線エリアに[UNK]ない笑。どこにある[UNK]笑。ただパートナーエリア。[UNK]外出していない（半分以上[UNK]勤務だし）のに[UNK]Ｇも使ってないと思うけどなんか[UNK]多いな…[UNK]：／／ｔ．ｃｏ／[UNK][UNK][UNK]	1
1397479790223925249	[CLS]＠[UNK][UNK][UNK]か？阪急電車[UNK]。	2
1397472526377250818	[CLS]＠[UNK][UNK]ちょうど[UNK][UNK]か[UNK]同じ仲間の[UNK]でしょうね〜寝てて[UNK]電車[UNK]手前だったと言うのも時々あります。何事もない[UNK]して隣の車両に[UNK]ます！（笑）車掌に[UNK]る[UNK]	0
1397471510470676480	[CLS]コロナ変異株が日本中に蔓延している現在各地方自治体は、外出自粛を求めているが全く[UNK]がない。どうすればいいか[UNK]簡単な事で外出自粛ではなく、外出禁止にすればいいだけの事日本の今の法律で出来ないのであれば意味のない法律を簡単に決めるのであれば[UNK]法律を[UNK]。満員電車も感染理由だ	2
1397469747902517248	[CLS]これ[UNK]そう[UNK]まで飲みに[UNK][UNK]：／／ｔ．ｃｏ／[UNK][UNK]ＲＣ[UNK]ｍ	1
1397466901215805444	[CLS]転落防止なんだが、高速で通過する電車を目の前で見るのも[UNK]してくる。[UNK]：／／ｔ．ｃｏ／ｉ[UNK]Ｂ[UNK][UNK]	1
1397466666620002304	[CLS][UNK]、出勤時に乗ったタクシーの[UNK][UNK][UNK]わ[UNK]って[UNK][UNK][UNK]トーク…[UNK]するから[UNK]何でも良いから早よ目的地に向かって[UNK]いう…運転中は[UNK]はお控え下さイー[UNK][UNK]あ、[UNK]の鍵が見つかりました[UNK]ズボンのポケットの奥に…	1
1397463734180745216	[CLS][UNK]の[UNK]割近くが[UNK][UNK]長野電鉄の観光バスは[UNK]けど[UNK]系が悪すぎた？修学旅行の帰りの夜行列車の急行[UNK]の座席は[UNK]けど特急[UNK]よりは[UNK]。友達が南海電車のロングシートの方が良いと言っていた。	1
1397460441761148929	[CLS]＠[UNK]＿ＪＰ位置情報[UNK]をするために、電車代や宿泊費の支出を『リアル課金』と呼んでいたりする（私的	1
1397455762348122116	[CLS]＠[UNK][UNK]＿[UNK][UNK]今電車で向かって[UNK]！[UNK][UNK]	0
1397455445447495685	[CLS]一体、出勤だ。	1
1397455373854908416	[CLS]別に鉄道に差程関心が無い方でも[UNK]で乗った電車を普通に撮影する[UNK]で、それに[UNK][UNK]を付けて[UNK]する手合いはそういう普通の方より人格的に欠如してると思う。[UNK]：／／ｔ．ｃｏ／[UNK][UNK]Ｍｅ	2
1397449816314052608	[CLS][UNK]電車ですこのように間近に見たのは初めてでした[UNK]乗車してみたいです[UNK][UNK]電車はこの最新型や相当昔の味のある車輌など見れますので[UNK][UNK]があります[UNK][UNK]：／／ｔ．ｃｏ／[UNK][UNK][UNK]	0
1397448200949145608	[CLS]＠[UNK][UNK][UNK]お疲れ様でした[UNK]入れ代わりに[UNK]が出勤で[UNK]す	0
1397447279657685006	[CLS]＠Ｅ[UNK][UNK][UNK][UNK]いいですね！電車[UNK]！仙台市電のさよなら列車に乗った[UNK]	0
1397445732718706693	[CLS][UNK][UNK]／[UNK]出勤予定[UNK][UNK][UNK]：[UNK]～[UNK]：[UNK]蒼斗[UNK]：[UNK]～[UNK]：[UNK]お[UNK]可剣[UNK]：[UNK]～[UNK]：[UNK]お[UNK]可[UNK][UNK]：[UNK]～[UNK]：[UNK]お[UNK]可[UNK]時間電話ライン予約[UNK]おります♪[UNK]月割引キャンペーン（[UNK]／[UNK]まで）詳しくわこちら[UNK][UNK][UNK]：／／ｔ．ｃｏ／[UNK][UNK][UNK][UNK]＃女性用風俗＃大阪＃女風[UNK]：／／ｔ．ｃｏ／ｂ[UNK]Ｄ[UNK][UNK][UNK][UNK]	0
1397445039245053954	[CLS][UNK][UNK]／[UNK]出勤予定[UNK][UNK]コウ[UNK]：[UNK]～[UNK]：[UNK][UNK][UNK][UNK]：[UNK]～[UNK]：[UNK][UNK]大輔[UNK]：[UNK]～[UNK]：[UNK][UNK][UNK][UNK]：[UNK]～[UNK]：[UNK]お[UNK]可[UNK]時間電話ライン予約[UNK]おります♪[UNK]月割引キャンペーン（[UNK]／[UNK]まで）詳しくわこちら[UNK][UNK][UNK]：／／ｔ．ｃｏ／[UNK][UNK][UNK][UNK]＃女性用風俗＃大阪＃女風[UNK]：／／ｔ．ｃｏ／ｍ[UNK][UNK][UNK][UNK]	0
1397444507914833923	[CLS]最後の出勤終了。さよなら、くらさん（笑）明日から今研修中の職場で[UNK]ます。	0
1397438541244682245	[CLS]おはよう[UNK][UNK][UNK][UNK]／[UNK]（水）出勤情報【広瀬[UNK]】[UNK]：[UNK]〜[UNK]：[UNK]最短[UNK]：[UNK]〜ご案内[UNK][UNK]人気急上昇中[UNK][UNK]お会いになられたお客様ならわかるはず。今日からあなたも広瀬の[UNK]です。。[UNK]：／／ｔ．ｃｏ／Ｋ[UNK]ｃｃ[UNK][UNK]ｔ	0
1397436623705370624	[CLS]そして覚醒。出勤の[UNK]。	1
1397430316046770178	[CLS]＃[UNK][UNK]阪急十三駅の[UNK]洲の店舗の話がありましたが、僕は[UNK]に[UNK]られます[UNK][UNK]電車内で匂いテロ[UNK][UNK]のお客様にはご迷惑をおかけします[UNK][UNK][UNK]	0
1397421421224071174	[CLS]電車で足[UNK]薬[UNK]たら[UNK]どもドン引き[UNK][UNK]らやって顔に塗りよる[UNK]が！[UNK]ｈｔｔｐｓ：／／ｔ．ｃｏ／Ｈ[UNK][UNK]	0
1397413626961530887	[CLS]＠[UNK][UNK]辞めることを決めてからも出勤するのは普通[UNK]ということが判明した。オレは正社員[UNK]バイト[UNK]くらい転職はしてる。時には[UNK]内容はあるけど[UNK]人がいない時はあった。	1
1397405041946816513	[CLS]休日出勤して京都の物件の案内の帰りに[UNK]裏のお店でフルーツサンド購入[UNK][UNK]＃フルーツサンド＃ももの樹[UNK]：／／ｔ．ｃｏ／[UNK][UNK]	1
1397396621671890953	[CLS]＠[UNK]やつはた〜、ありがとう〜また[UNK]、飲みに[UNK]ぜ！	0
1397396293387841546	[CLS]＠[UNK]＿[UNK][UNK]くん、ありがとう！[UNK]また飲みに行きたいね〜	0
1397383868030717955	[CLS][UNK]／[UNK]（水曜）[UNK]、[UNK]営業ａｍ[UNK]：[UNK]－[UNK][UNK]：[UNK][UNK][UNK]：[UNK]－[UNK][UNK]：[UNK]（[UNK][UNK]：[UNK]）看板犬凛ちゃんは、出勤中[UNK]！カフェ[UNK]	0
1397382033618259969	[CLS]＠[UNK]＿[UNK]阪急電車の揺れは[UNK]ですよね＾＾	0
1397367616348381190	[CLS]＠Ｋ＿[UNK]＿Ｋ[UNK]、おはよう。[UNK]さんの、[UNK]ライブで、気が付きました。[UNK]、いい[UNK]。カキ、[UNK][UNK]そう。[UNK]のいる[UNK]、分かったよ。「道の駅舞鶴港[UNK]センター」[UNK]。そこ、友達が[UNK]良かったと、言っていたのを[UNK]。旅行、楽しんで下さいね。	0
1397360402984361988	[CLS]おはよう[UNK]。休日出勤の表情[UNK]：／／ｔ．ｃｏ／[UNK][UNK][UNK]	1
1397357367897976837	[CLS]京阪電車の上り、京都・[UNK]駅行き特急列車の先頭車。＃京阪電気鉄道＃[UNK]系特急＃京阪特急[UNK]代目[UNK]：／／ｔ．ｃｏ／ＮＥ[UNK][UNK]	0
1397356570120310786	[CLS]外出は昼前からなのでそれまでに[UNK]準備。	1
1397952999016656900	[CLS]日本は、個人の行動を制限できないから、ロックダウンできない。だから[UNK]が抑えられない！って言うけれど、簡単な方法があります。それは、電車などの運賃を、乗客数の半分に対して普段より[UNK]するのです。誰を[UNK]するのか？それは、政治が判断すれば良いのです。	2
1397354321746939904	[CLS][UNK][UNK][UNK][UNK]の[UNK]おはよう[UNK][UNK]日本の標準時明石の空は曇[UNK]夜天気[UNK]予報…傘持って[UNK]下さい！今日も笑顔で[UNK]＆[UNK]；[UNK][UNK][UNK][UNK][UNK][UNK][UNK][UNK][UNK]ＳＮＳを見て来て[UNK]お客様にサービスをさせて[UNK]ますお店のＨＰ→[UNK]：／／ｔ．ｃｏ／[UNK][UNK][UNK]＃[UNK]＃明石[UNK]：／／ｔ．ｃｏ／[UNK][UNK]Ｔ[UNK][UNK]	0
1397353669977198595	[CLS]おはよう[UNK][UNK][UNK]：[UNK]会社を脱獄して逃亡（帰路）中（笑）絵に描いた[UNK]言い過ぎだけど、雲[UNK]事務所出る直前には和歌山での地震速報入ってましたが現地で震度[UNK]だし。私も震度い[UNK]程度。電車で[UNK]しないよう注意[UNK]電車内は[UNK]告知掲示が（[UNK]枚目）（＾。＾）＃いまそら[UNK]：／／ｔ．ｃｏ／[UNK]	0
1397346680261935105	[CLS]おはよう（[UNK]ω[UNK]）今日は全く出勤しない、仕事の最終日です。また、これからは研修行っている[UNK]がメイン職場になります。[UNK]ます	0
1397344421838954503	[CLS]今日はちょっと電車に乗って。[UNK]：／／ｔ．ｃｏ／[UNK][UNK][UNK]	1
1397342257171243013	[CLS]＃[UNK]ゲスト＆[UNK]；また来てや〜[UNK]運動教室は体育系女子[UNK]元気もらえます（笑）－[UNK]たけすけ（大阪観光プロガイド）[UNK]：／／ｔ．ｃｏ／[UNK]＃[UNK]	0
1398065126612238338	[CLS]朝の大阪[UNK]区の[UNK]電車・[UNK]停留場辺りの踏切。電車専用線路から路面電車の線路に[UNK]ところ。遠くにランドマークのあべの[UNK]が見える[UNK][UNK][UNK]電気軌道の[UNK]停留場辺り動画[UNK]：／／ｔ．ｃｏ／[UNK][UNK][UNK][UNK][UNK]ｇ[UNK]＃あべの[UNK]＃[UNK]＃[UNK]電車＃[UNK][UNK]：／／ｔ．ｃｏ／[UNK][UNK]Ｌ	2
1398064430202515457	[CLS]目の前で電車の扉が[UNK]しまった＿（－ω－‘＿）[UNK]）＿	2
1398064297150795779	[CLS][UNK]式後のいろいろな事務処理のため再度大阪入りしたけど、阪急電車通勤時間帯で中年の[UNK]達いくらマスクしてるとはいえ大きい声で[UNK]すぎじゃない[UNK][UNK]でも[UNK]でも[UNK]わ〜早く帰りたい	2
1398061957740220422	[CLS][UNK]日ぶりの出勤日（・ω・）ノ（＠ちょっとお堅めの職場[UNK][UNK]ｉｎ神戸市中央区，兵庫県）[UNK]：／／ｔ．ｃｏ／ｓ[UNK][UNK][UNK][UNK]：／／ｔ．ｃｏ／[UNK]	1
1398061670425972736	[CLS][UNK]は珍しく目が[UNK][UNK]時過ぎとって[UNK]んだが、今日は[UNK][UNK]時半に目が覚めたので映画見に[UNK]だゾ☆多分最後のチャンスだろう[UNK]…今日は[UNK]じゃなくて[UNK]神戸[UNK]！	1
1398060185994727424	[CLS]南海電車のドアチャイム音好き[UNK]：／／ｔ．ｃｏ／ｔ[UNK][UNK]	0
1398060057535807488	[CLS]電車遅れたせいで見たことない[UNK]方してる	2
1398057795837218818	[CLS]出勤[UNK]（＠自宅（新居）ｉｎ京都市，京都府）[UNK]：／／ｔ．ｃｏ／[UNK]	2
1398056846477324288	[CLS][UNK][UNK]〜（[UNK][UNK][UNK]；）メガネをせずに出勤し[UNK]…ま、職場に別のメガネあるから何とかなるん[UNK]（[UNK]＿[UNK]）……[UNK]－[UNK]	2
1398047623190175746	[CLS][UNK]にて出勤	1
1398045342243897344	[CLS]乗車率[UNK]％、マスク率[UNK]％。いろいろ[UNK]、[UNK]しながら出勤。（＠[UNK]駅ｉｎ生駒市，奈良県）[UNK]：／／ｔ．ｃｏ／[UNK][UNK][UNK][UNK][UNK]	0
1398040947452121088	[CLS]電車[UNK]けど[UNK]な。体が緊張してるわ[UNK]いつも寝てる時間やしな	1
1398040466092789760	[CLS]市内に[UNK]ました[UNK]次は[UNK][UNK]を聞きながら出勤[UNK]今から仕事に就きます[UNK][UNK]：／／ｔ．ｃｏ／[UNK][UNK][UNK][UNK]Ｇ	1
1398038377732005888	[CLS]＠[UNK][UNK][UNK]さん、おはよう[UNK]。[UNK]乗換駅に来たのでダメージ少ないですね。人身事故があったのは京都方面、自分は大阪方面な[UNK]、駅始発の電車待ちしてます。[UNK]電車来ました[UNK][UNK]：／／ｔ．ｃｏ／Ｒ[UNK][UNK][UNK][UNK]	0
1398034120429563905	[CLS]＠[UNK]＿[UNK][UNK]まんさん！おはよう[UNK][UNK][UNK]朝早くからの出勤お疲れ[UNK]。[UNK][UNK]	0
1398033976661463041	[CLS][UNK]出勤。朝から[UNK]して[UNK]。もう[UNK]るぞ。[UNK]京都線事故やって[UNK]ＪＲ振替って何なん[UNK]	2
1398020214080434176	[CLS]おはよう[UNK][UNK][UNK]週末金曜日、自分は明日も[UNK]勤務で出勤ですが…[UNK]初めて、まるでカレーパン[UNK][UNK]ましたが、匂いも味も[UNK][UNK][UNK]アレンジも出来[UNK][UNK][UNK]今日も[UNK]日[UNK][UNK]行きましょう[UNK][UNK]：／／ｔ．ｃｏ／[UNK][UNK][UNK]	0
1398019777541464065	[CLS]＠[UNK]＿[UNK]おはよう[UNK][UNK]のＵＤは出勤ルートですいつも[UNK]時台に通過してます早く修理[UNK][UNK][UNK]	0
1398016608409329665	[CLS]＃おのえ[UNK]＃[UNK][UNK][UNK]さん、[UNK]お[UNK]です[UNK]最近、末っ子が、[UNK]をするので[UNK]ます[UNK][UNK]ワンコの話なんですけどね[UNK]今日も、出勤準備しながら聞かせてもらいます[UNK][UNK]：／／ｔ．ｃｏ／[UNK][UNK][UNK]	0
1398015602468417538	[CLS]おはよう[UNK]。[UNK]姿も珍しくなくなりましたが[UNK]は[UNK]して[UNK]で外出しました。[UNK]年の今日、伊勢物語の主人公とも言われる貴族で歌人の[UNK][UNK]が亡くなりました。彼は容姿[UNK]で情熱的な和歌を書き、小野[UNK]をはじめ多くの女性と[UNK]を流しました。[UNK]：／／ｔ．ｃｏ／[UNK][UNK][UNK]	0
1398013359170064386	[CLS]おはよう[UNK][UNK]早朝の[UNK]です[UNK]今日は[UNK][UNK]を聞きながら出勤[UNK][UNK]：／／ｔ．ｃｏ／[UNK]	1
1398011550938460163	[CLS]おはよう[UNK]！出勤したけどまだまだ[UNK]そうな[UNK]＃寺猫グランプリ（勝手に）＃[UNK]＃[UNK]＃寺猫＃[UNK]寺＃猫のいる暮らし＃猫がいる幸せ＃猫＃写真＃御朱印＃御城印[UNK]月末に終了詳細ホームページにて[UNK]：／／ｔ．ｃｏ／ＣＬ[UNK][UNK][UNK]	2
1398011248176898051	[CLS]＃[UNK][UNK]＃[UNK][UNK]田村君、[UNK]おはよう[UNK][UNK]特に報告する事はありません[UNK]出勤準備します[UNK]	2
1397988545814433793	[CLS][UNK]。足が[UNK][UNK]ん。この調子だと明日の外出は難しそうだ、、＃[UNK]＃右足[UNK]周り＃今までで[UNK]番[UNK]かもしれん	1
1397974324481511426	[CLS]明日行く[UNK]の為に寝ます。お[UNK]なさい[UNK]最後面白いラジオ的なお話も[UNK]良い一日でした。明日は電車の中で本を[UNK]。	0
1397954271581069314	[CLS][UNK]で買いたいものがいっぱいあるのに、近くに[UNK]が全くない。[UNK]、電車圏内にはあるにはあるんですけど、遠いには遠い。	2
1397836752023216128	[CLS]これらのお店が地元の駅周辺にあれば[UNK]せずに[UNK]便利なんだけどな〜なんてね[UNK]今日はちょっと[UNK][UNK]の[UNK]買って電車に[UNK]か、なんて思ってる[UNK][UNK]：／／ｔ．ｃｏ／[UNK][UNK][UNK][UNK]	1
1397943181241581577	[CLS]実は小さな頃、お[UNK]生きてた頃、お[UNK]、お[UNK]、お[UNK]、妹と原田と言う名前やったかな、阪急[UNK]駅前から市電で[UNK]三丁目まで乗って[UNK]川沿いのダイエーに行った記憶。ちなみに市電とは呼ばず、[UNK]電車でした。（笑）その動画に[UNK]。これは一番[UNK]な[UNK]：／／ｔ．ｃｏ／[UNK][UNK][UNK]	0
1397936696176484353	[CLS]明日、出勤[UNK]に持っていく物用意してないや[UNK]もう[UNK]のに	2
1397931737762566148	[CLS]飛行機に[UNK]旅行したい。	1
1397925004667342851	[CLS]＠[UNK]＿[UNK]＿私は[UNK][UNK]です。[UNK]系電車の擬人化なんですよ！	0
1397920092906688515	[CLS][UNK]人と夜飲みに行きたいカラオケにも行きたいしかし今はその日常を取り戻すための試練なので[UNK]！[UNK]：／／ｔ．ｃｏ／[UNK]	1
1397911584438059016	[CLS]電車[UNK]絶対[UNK]けど順番[UNK]来るやついてるな。[UNK]わ。ブロックしたけどな。	2
1397910066485874695	[CLS]・[UNK]機能この価格帯でこのＮＣ機能が[UNK][UNK]、電車の中でも[UNK]感に[UNK]ます。ただ、イヤーチップが合ってないと階段とか降りた時に少し[UNK][UNK]感じはします。[UNK]：／／ｔ．ｃｏ／Ｃ[UNK][UNK][UNK]ｃ	1
1397906631820681216	[CLS]約[UNK]時間ほど地下鉄や電車バスに乗りつつＹｏｕＴｕｂｅＭｕｓｉｃを聞いてましたが[UNK]ことは無し。接続はとても安定してます（[UNK][UNK][UNK][UNK][UNK][UNK]）و[UNK]続きます	0
1397903964880863236	[CLS][UNK]満了ありがとう[UNK][UNK][UNK]次回[UNK]日[UNK]：[UNK]〜[UNK]：[UNK]出勤予定事前予約が[UNK]です[UNK][UNK]：／／ｔ．ｃｏ／[UNK][UNK]ｓ[UNK]	1
1397899200025616384	[CLS]商店街の[UNK]のピークに[UNK]と早めに[UNK]。帰りに店の近くの[UNK]で[UNK]したのはいいけどこれ、まだこの後電車で帰ら[UNK][UNK][UNK]…[UNK]（[UNK][UNK][UNK]）[UNK]	2
1397897250240487424	[CLS]＠[UNK][UNK][UNK]古い電車ばかりでしたね。[UNK]：／／ｔ．ｃｏ／Ｖ[UNK][UNK][UNK]	2
1397897103569932290	[CLS][UNK]、外に飲みに行けないしアルコールなしでも[UNK]時までってのでかなりストレス[UNK]るんだけど	2
1397895114412859395	[CLS]なに、なに？[UNK]明日からの大阪[UNK]は[UNK]では[UNK]の。。。二輪[UNK][UNK]なんか[UNK]…[UNK][UNK]止めて[UNK]されるのも嫌[UNK]安全策で電車なの[UNK][UNK][UNK][UNK]＃大阪インターハイ＃[UNK]フィールド[UNK]＃駐車場閉鎖[UNK]：／／ｔ．ｃｏ／[UNK]	1
1397889872237580292	[CLS]プチ旅行気分、、[UNK][UNK]：／／ｔ．ｃｏ／[UNK][UNK][UNK]ｃｈ	0
1397889210636513280	[CLS][UNK]の[UNK][UNK]。出勤してからフライングで仕事が始まり夕方までは[UNK]けど夜は[UNK]ので良かった。[UNK][UNK][UNK][UNK]。[UNK]ｈｔｔｐｓ：／／ｔ．ｃｏ／[UNK][UNK][UNK][UNK][UNK]	1
1397887987447304192	[CLS]勝った勝ったまた勝った！[UNK]阪神にまた勝った！阪神電車ではよ[UNK]！[UNK]：／／ｔ．ｃｏ／[UNK][UNK][UNK]	0
1397882179171069953	[CLS][UNK]時から出勤します！[UNK]たい、歌いたいって方お待ちしております（[UNK][UNK][UNK]）．[UNK]．[UNK][UNK]ください！[UNK]：／／ｔ．ｃｏ／ＡＮ[UNK][UNK][UNK][UNK]	0
1397881271762620417	[CLS]＠[UNK]＿Ｒ[UNK]電車、止まって[UNK][UNK][UNK]	0
1397879514902917132	[CLS]久々に電車乗ってんねんけど、[UNK]が美しい女性を見かけ[UNK]けど、[UNK]の前に二重マスクに気づいて[UNK]	1
1397878791456780288	[CLS]ソラから伏見、電車で帰ると遠いな…	1
1397878643787923461	[CLS]＠Ｙａｈｏｏ[UNK][UNK][UNK]・[UNK]かよｗ[UNK]いっぱい[UNK]して経済回しましょうね	2
1397869682816786432	[CLS]感染対策しているので、職場も電車もミニ[UNK]ショップも安心。	0
1397869604886638602	[CLS]なんか大阪、電車の客多いな…	1
1397869458803216387	[CLS][UNK]月は間に[UNK]回と最後の[UNK]日だけ出勤してあとは残った休暇で[UNK]んですよ[UNK]生活する為に[UNK]なんか作ろうかな？とか思ったんだけどね[UNK]しばらく自由な日々を[UNK]んだから時計を見ない過ごし方もいいかな？好きな時に好きな事を朝夕関係なくやるとかね[UNK][UNK][UNK][UNK]：／／ｔ．ｃｏ／[UNK][UNK]	1
1397858462638297088	[CLS][UNK]さんがいると・・・こんな生活ができます（っ[UNK]ω‘ｃ）[UNK]電車が[UNK]とる・・・＃[UNK]さんがいる生活＃グレーさんに元気玉[UNK]：／／ｔ．ｃｏ／[UNK][UNK][UNK]ＡＰ[UNK]	0
1397854910813663233	[CLS]＠ｅ[UNK][UNK][UNK]ｃ[UNK][UNK][UNK][UNK]で八尾まで[UNK]そこから代車で帰って帰宅です[UNK]明日は、[UNK]時〜[UNK]時出勤みたい[UNK]まだ、[UNK]ですね[UNK][UNK][UNK]	1
1397854051715354630	[CLS][UNK]が計[UNK]回の不要不急外出で[UNK]場所出場停止処分幕下陥落へ…新型コロナ規定違反（スポーツ報知）＃Ｙａｈｏｏニュース[UNK]：／／ｔ．ｃｏ／[UNK][UNK]ｉ	2
1397852552964628480	[CLS]＠[UNK]ハワイ旅行[UNK][UNK]	0
1397849342011084801	[CLS]＠[UNK][UNK]いま、ちょうど電車[UNK][UNK]	0
1397847049668755460	[CLS]理学療法士のサラリーマン辞めるつもりなんか無かったんだけど、[UNK]きっかけを話します。当時私は訪問リハビリをしていて、要支援[UNK]か[UNK]の方のほぼ[UNK]の女性を担当していました。電車のホームと電車の間に足を落下させ、骨折[UNK]した方。リハビリして、元の通り自立[UNK]いました→	0
1397841781169934338	[CLS]遂に起きてはいけない事件が起きてしまった…通勤時の電車に乗る前に少し走るだけでも[UNK]マスクを外す事もあるのに…[UNK]でマスク着用なんて水中で走ってるみたいなモンじゃない…[UNK][UNK]だろうに…コロナ過で[UNK]な奴がクレーム入れたから対応したのだろうか？	2
1397750278858764288	[CLS]ありがとう[UNK]。当Ｗｅｂサイトは、業界よくあるアダルト感や[UNK][UNK]等をなるべく排除して、[UNK]見ではナイトワークには見えない、カフェや電車内でも見ても[UNK]、一般的感とダークモード設定的感をポリシーにしています。[UNK]に見えない！[UNK]ＨＰ？と思われてこそ[UNK]言葉。[UNK]：／／ｔ．ｃｏ／[UNK][UNK][UNK][UNK]ｗ	0
1397827154361012224	[CLS]こんな男だから、浮気されるんだよな。患者女「入院に足りないものを自宅に取りに行きたい」私「[UNK]に確認します」[UNK]「ＯＫ」→患者[UNK]『外出許可出したやつ出てこい！』私「[UNK]」→衝撃の事実が発覚して…[UNK]：／／ｔ．ｃｏ／[UNK][UNK][UNK][UNK]	2
1397826594551459840	[CLS]飲みに行って、[UNK]が置いてあるとテンションあがります。缶が発売になって、より[UNK]なって、非常に[UNK]です[UNK][UNK]：／／ｔ．ｃｏ／[UNK]Ｂ[UNK][UNK][UNK][UNK]	0
1397825820132007936	[CLS]今日は娘の誕生日。本来なら[UNK]休日をもらえるところ、返上して出勤した娘に成り代わり、ひとりでお祝いしました。娘よ、誕生日[UNK]。私らの子どもとして、[UNK]よう生まれてきてくれました。これからもマイペースで。場所：[UNK][UNK][UNK]：／／ｔ．ｃｏ／[UNK][UNK][UNK]	0
1397823833965436935	[CLS]大阪の路面電車である[UNK]電車の[UNK]駅辺り。路面電車と通常線路の[UNK]の踏切[UNK]道路から線路へ[UNK]線路から道路へ[UNK][UNK]普通の電車の線路の[UNK]動画[UNK]：／／ｔ．ｃｏ／ｊ[UNK][UNK][UNK][UNK]＃[UNK]＃[UNK]電車＃路面電車＃大阪＃[UNK]停留場[UNK]：／／ｔ．ｃｏ／[UNK][UNK][UNK]	2
1397822988834140164	[CLS]データ量、[UNK]の＃余り分ですらその半分も使ってないわ（笑）いかに外出を控えているか、[UNK]。＃ＬＩＮＥモバイル＃[UNK]貧乏[UNK]（つ[UNK]‘）[UNK][UNK][UNK]＃[UNK]：／／ｔ．ｃｏ／ｃ[UNK][UNK]	2
1397821505241636867	[CLS]＠[UNK][UNK]ｋお、今から出勤？	1
1397820548218974210	[CLS]＃木曜[UNK]ありがとう[UNK][UNK]いい意味で＃ギャップ持ってたい[UNK]と思いつつ電車に[UNK]ます。	0
1397818434868551682	[CLS][UNK][UNK]／[UNK]出勤予定[UNK][UNK][UNK]：[UNK]～[UNK]：[UNK][UNK][UNK]：[UNK]～[UNK]：[UNK]お[UNK]可[UNK][UNK]：[UNK]～[UNK]：[UNK]お[UNK]可[UNK]時間電話ライン予約[UNK]おります♪[UNK]月割引キャンペーン（[UNK]／[UNK]まで）詳しくわこちら[UNK][UNK][UNK]：／／ｔ．ｃｏ／[UNK][UNK][UNK][UNK]＃女性用風俗＃大阪＃女風[UNK]：／／ｔ．ｃｏ／[UNK]	0
1397818027140292614	[CLS][UNK][UNK]／[UNK]出勤予定[UNK][UNK]コウ[UNK]：[UNK]～[UNK]：[UNK][UNK][UNK][UNK]：[UNK]～[UNK]：[UNK]お[UNK][UNK]斗[UNK]：[UNK]～[UNK]：[UNK]お[UNK]可剣[UNK]：[UNK]～[UNK]：[UNK]お[UNK]可[UNK]時間電話ライン予約[UNK]おります♪[UNK]月割引キャンペーン（[UNK]／[UNK]まで）詳しくわこちら[UNK][UNK][UNK]：／／ｔ．ｃｏ／[UNK][UNK][UNK][UNK]＃女性用風俗＃大阪＃女風[UNK]：／／ｔ．ｃｏ／[UNK][UNK][UNK]	0
1397817202028339201	[CLS]あまりの寒さに、[UNK][UNK]と[UNK][UNK]を重ね、上着まで着て外出したが、それでも寒い。雨は[UNK]が、それでも寒い。早くおうちの[UNK]ご飯が食べたい。（作るのは自分）	2
1397816871278112770	[CLS]仕事完了今から[UNK]で[UNK][UNK]	0
1397813810249961472	[CLS]日本橋のコンビニで休憩してたら出勤前のホストが[UNK]来るけど、トイレの鏡で[UNK]分くらい[UNK]チェックしてる奴[UNK][UNK]家でしてこいよ。笑	2
1397813018218491907	[CLS][UNK][UNK]だった長女が今一番外出している！[UNK]くれて良かった次は次女姉と同じ道を[UNK]る	0
1397807696410075138	[CLS]おはよう[UNK][UNK][UNK]／[UNK]（木）出勤情報【[UNK][UNK]】[UNK]：[UNK]〜[UNK]：[UNK][UNK]枠あり心の疲れを[UNK]には[UNK][UNK][UNK]の癒し空間と[UNK][UNK][UNK]が[UNK]です！！ご予約お待ちしております[UNK][UNK][UNK]：／／ｔ．ｃｏ／ｕ[UNK][UNK][UNK]ｕ	0
1397807484501331968	[CLS]応募あるけど、まだまだ募集中。Ｃ＃完全[UNK]可（大阪に出勤も可。ただし現在はコロナ禍につき原則[UNK]）コアタイムなし[UNK]（ただし深夜業禁止）[UNK]なし（[UNK]禁止）時間単位で[UNK]取得可短時間勤務相談可[UNK]：／／ｔ．ｃｏ／[UNK][UNK]	2
1397801001969602560	[CLS]全フィリピン関係者とフィリピン旅行経験者にお知らせしたいんですが、大阪の[UNK]に、[UNK]を[UNK]できるお店があります。[UNK]。[UNK]：／／ｔ．ｃｏ／[UNK]	0
1397800472652570632	[CLS]＠[UNK]ｙ＿ｍえ、出勤してきて交換して[UNK]	0
1397797670559780869	[CLS]＠[UNK]大阪府では「外出をしないでください」[UNK][UNK][UNK]：／／ｔ．ｃｏ／[UNK][UNK]	2
1397794220404969472	[CLS]＠[UNK]＿[UNK]あ、店では[UNK]に外出ますね笑それ以外はいつでも夜中でも出ます[UNK]	0
1397788179587944449	[CLS]＠[UNK]＿[UNK]電車が淀川渡っているところで[UNK]かな？京都までお疲れ様で[UNK][UNK][UNK][UNK]雨少しずつ[UNK]いいけどね[UNK]今日は京都で[UNK]勤務させて[UNK]てます〜[UNK]	1
1397780337418145795	[CLS]今日は車で出勤にだ[UNK][UNK]：／／ｔ．ｃｏ／[UNK][UNK]ｃ[UNK]ｋ	2
1397778074280685571	[CLS]要[UNK]外出	1
1397772108227174402	[CLS]電車で寝て[UNK][UNK]橋まで行ってた[UNK][UNK]	2
1397769506252943365	[CLS]残り出勤数も片手になってきたので、お昼はお気に入りだったお店周りモードで、今日は[UNK]の煉瓦倉庫の[UNK][UNK]さんの隣奥にある[UNK]さんなのです[UNK]：／／ｔ．ｃｏ／[UNK]	0
1397769243584651268	[CLS]この時間[UNK]電車[UNK]る[UNK]	2
1397768059734032392	[CLS]＠[UNK][UNK]ありがとう[UNK]！それの[UNK]勢が[UNK]店を立ち上げた次第です。ホームページも一応は、カフェや電車などで、上から横から後ろから、[UNK]誰か、友人知人に見られても[UNK]的な？感じにしています。デリ店に見えない！逆にそれが狙いで[UNK]。	2
1397767962619105281	[CLS]＠[UNK][UNK][UNK][UNK][UNK][UNK][UNK]の映画ありますか？[UNK][UNK]ご飯食べたいです[UNK]明日は[UNK]時[UNK]からお寿司食べに予約してるので、お寿司のあと梅田に飲みに行くので、今日は夕方も稼働するので家でゆっくり休憩する[UNK]の[UNK]	0
1397765529717280768	[CLS][UNK]のため[UNK]時頃まで外出します[UNK][UNK]お願い[UNK]ます[UNK][UNK]：／／ｔ．ｃｏ／[UNK][UNK][UNK]	0
1397762458333286403	[CLS]私の周り＃[UNK]歳以上の[UNK][UNK]回目の＃コロナ＃ワクチン＃接種＃実施された方が＃目立つ様になってきました。＃注射したと＃[UNK]されてあれだけ、＃自粛されていたのに＃お外に＃[UNK][UNK]＃[UNK]回目＃接種後＃[UNK]週間程、自粛すべきでは？[UNK]：／／ｔ．ｃｏ／ｇ[UNK][UNK]	2
1397758551032958976	[CLS]なんか、[UNK]で、日本中を旅行してる！と、[UNK]を[UNK]、興味ないので放置[UNK][UNK]。新事業開始が決まったため、その案内を送信したら、人の話を聞かないって…。人の話を聴かないんじゃなくて、お前の[UNK]ない話なんかに、興味ないんじゃ[UNK][UNK]ボケ[UNK][UNK]：／／ｔ．ｃｏ／[UNK][UNK]ｖ	2
1397754269743288322	[CLS]スーパークリークの勝負服を見た時[UNK]の服じゃないかと[UNK]しまった	2
1398378995746361344	[CLS]＠[UNK]緊急事態宣言も、更に延長（[UNK]□[UNK]；）！！県民には、不要不急な外出を[UNK]いるのは知ってるよね？我慢しているんだよね。不満分子になるつもりはなく、普通のお願い！県知事を目指すなら、あるべき[UNK]を！政治活動ではなく、宣伝活動は、まさに[UNK][UNK][UNK]	2
1397744755501457409	[CLS]配達のため外出します[UNK][UNK]：／／ｔ．ｃｏ／[UNK][UNK][UNK]	2
1397743596409745408	[CLS]外出たくないよ〜[UNK]：／／ｔ．ｃｏ／[UNK][UNK][UNK]	2
1397738645616873480	[CLS][UNK]空いた時間帯に電車乗りました[UNK]光景見る高校生位男子[UNK]人飲食して[UNK]	1
1397730464882847748	[CLS]備後落合で降りても、接続がないから乗り鉄旅行はあまり出来ないんよな。駅の周りも[UNK]ないし。[UNK]：／／ｔ．ｃｏ／[UNK][UNK][UNK]	2
1397720606817210368	[CLS]おはよう[UNK]。[UNK]降りの雨ですね〜こんな日は[UNK]の替えを持参して出勤です[UNK][UNK]色のビール。[UNK]の[UNK]ではないです、[UNK][UNK]＃[UNK][UNK][UNK]：／／ｔ．ｃｏ／Ｍ[UNK]Ｆ[UNK][UNK]	2
1397715230948429824	[CLS]電車に乗ってて降りる駅が[UNK]と[UNK]なるのは何故…	2
1397714482776793091	[CLS]あべの[UNK]は、[UNK]区や天王寺周辺のランドマーク！[UNK]電車の[UNK]停留場の辺りからもよく見える。展望台の[UNK][UNK]は臨時休業中だが、早く[UNK]ようになってほしいな[UNK]＃ランドマーク＃[UNK]＃[UNK][UNK]：／／ｔ．ｃｏ／[UNK][UNK][UNK]	0
1397714455413231620	[CLS]おはよう[UNK]。今日はしっかりと雨[UNK]ですね〜[UNK]でも夕方には上がる予報です。足元に気を付けて[UNK]下さいね[UNK]の[UNK]月の[UNK]のお知らせです赤い日がお休みになります。[UNK]も[UNK]お願いします（＾ｏ＾）＃[UNK]＃雨降り[UNK]：／／ｔ．ｃｏ／[UNK][UNK][UNK][UNK][UNK]	0
1397705885170880513	[CLS]最近、電車に乗っていて気になることは、若い方を中心に[UNK]を見ている人が多いが、あまり近くで[UNK]の画面を見続けていると[UNK]になる可能性が高くなるようなので、たまには外の景色を見るようにしてはどうでしょうか。と気になる気になる。	1
1397705601916956672	[CLS]今日は[UNK][UNK][UNK]も[UNK]も靴[UNK][UNK]なのに…雨雨雨。[UNK]していた小さなバッグには[UNK]の傘が入らないから他のバッグを…	2
1397704373069705220	[CLS][UNK]から「旅行に行くのにお[UNK]ないな」と言われ[UNK]気づいた。旅行＝写真旅行＝動きやすい格好確かにお[UNK]点で洋服選びをしていないし、最近お[UNK]する事に欠乏していた。またひとつ歳を取ったのに、これでは[UNK]！！[UNK]：／／ｔ．ｃｏ／[UNK][UNK]ｒ[UNK]	2
1398427685131493380	[CLS]＠[UNK]シルク下ですね！φ（＾[UNK]＾）外出ＯＫでした[UNK]？	0
1398426498042777605	[CLS]＠[UNK]先生、おはよう[UNK]（＾。＾）今日も[UNK][UNK]になり[UNK]ね。あと少ししたら、散歩などに行ってきます[UNK][UNK][UNK]月最後の週末〜楽しく過ごしましょう♪♪♪	0
1398425033240825858	[CLS]＠[UNK][UNK][UNK]さんは[UNK]月は出勤ですか？[UNK]私は[UNK]日の発信ライブで楽しみます[UNK]さや姉の地元の[UNK]月公演[UNK]良かったのに[UNK][UNK]	0
1398424344632565760	[CLS]こんなもんルールでも[UNK]ただの[UNK]！守る必要[UNK]ｍｍもない[UNK]居酒屋も歴とした職場、そこを[UNK]なら電車も会社もパチンコ屋も全てに言え[UNK]「ルール破りして[UNK]」……酒提供で“通常営業”再開居酒屋の迷いと決断（日本テレビ系（ＮＮＮ））＃Ｙａｈｏｏニュース[UNK]：／／ｔ．ｃｏ／[UNK][UNK][UNK]	2
1398424218199416835	[CLS]京阪電車に乗るのが多分[UNK]年振り。京橋駅の乗り換えが難しかった[UNK]	1
1398422501336567809	[CLS][UNK]天気良いのに今日は車で出勤[UNK]てか梅雨って終わったん？[UNK]終わったことにし[UNK][UNK]	2
1398421976348119042	[CLS]＠[UNK]＿[UNK][UNK][UNK]（[UNK][UNK][UNK][UNK][UNK]）[UNK]そう[UNK][UNK]！[UNK]外出して[UNK][UNK]	0
1398421217569214467	[CLS]＠[UNK][UNK][UNK]ゆきちゃんおはよ（[UNK][UNK][UNK][UNK][UNK]）今日はいいお天気で[UNK][UNK][UNK]ってでないけどね[UNK]良い一日になりますように[UNK]	0
1398413504189771776	[CLS]休日出勤日曜日付き朝食は朝マック、[UNK][UNK]＾＾場所：マクドナルド三宮北口店[UNK]：／／ｔ．ｃｏ／[UNK][UNK]	0
1398410146825469953	[CLS]出勤前になんとか[UNK]に共闘戦[UNK][UNK]どころじゃないし＃[UNK]とも[UNK]：／／ｔ．ｃｏ／[UNK][UNK][UNK]	2
1398408025119989763	[CLS][UNK]月[UNK]日[UNK]明けの出勤です。[UNK][UNK]います。	0
1398406155425271811	[CLS]土曜の朝！[UNK]太陽の光を受けて電車通勤！奈良市の[UNK]要請は延長されたけど、[UNK]捉えて[UNK]ましょう！場所：[UNK]，[UNK]：／／ｔ．ｃｏ／[UNK][UNK][UNK][UNK][UNK]	2
1398404332593172480	[CLS]おはよう[UNK]こんな時間に大阪駅から新快速に乗るなんて…擬似的な[UNK]きっぷ旅行に出発です[UNK]：／／ｔ．ｃｏ／[UNK][UNK]	0
1398403354846367745	[CLS][UNK]した！[UNK]のあの場所の人に遭遇するのは、何ヶ月ぶり[UNK]？俺は気づかなかったが、[UNK]は俺がノーマスク[UNK]だから電車に乗った瞬間気付いた[UNK]（[UNK]）。俺はただ[UNK]と[UNK]子が乗ってきたと思って目が合ってしまっただけだったから。[UNK]そこにいる人皆が悪くは無い	1
1398398929218150405	[CLS]土曜出勤[UNK]おはよう[UNK]いま[UNK]（[UNK][UNK]）[UNK][UNK][UNK]：／／ｔ．ｃｏ／ｃ[UNK][UNK][UNK][UNK]	0
1398398279419711494	[CLS]＠[UNK]＿[UNK]ちゃんは、ゾンビ系とか[UNK]ん？観る[UNK]、韓国の映画で、新・感染ファイルエクスプレスって言う電車の中で、感染爆発する映画あるん[UNK]、、、	0
1398397733203890182	[CLS][UNK]細かな[UNK]は詰め替え完了。[UNK]用のＴシャツもＯＫ。[UNK][UNK]外出着に替えて準備しようかな[UNK][UNK]	0
1398396502741901313	[CLS]土曜日の出勤スタイル[UNK]のスタンドカラーシャツで[UNK]＃[UNK]プリント＃[UNK]＃ジャケットスタイル＃[UNK]：／／ｔ．ｃｏ／[UNK][UNK][UNK][UNK]ｍ	0
1398393859244130309	[CLS]おはよう[UNK][UNK][UNK][UNK][UNK]ケーキ以外の[UNK]を[UNK]コンパクトに[UNK]運ぶか[UNK]しながらの朝（＾＾；（＾＾；電車に乗る前にコンビニで夕食替わりのお茶＆[UNK]；お[UNK]買わないとね[UNK][UNK]	0
1398393744345362432	[CLS]今日は[UNK]に電車[UNK]とバス[UNK]出勤[UNK][UNK][UNK]ですよ。	0
1398235398279622656	[CLS][UNK]釣り自転車旅行最終日後半アップしました。ラストはフェリー待ち[UNK]！[UNK]：／／ｔ．ｃｏ／[UNK]またはプロフィール欄のリンクから！＃[UNK]＃[UNK]港＃[UNK]＃ジャンボフェリー＃釣り好きな人と繋がりたい＃釣り好きと繋がりたい＃釣り好きさんと繋がりたい＃[UNK]＃[UNK]：／／ｔ．ｃｏ／[UNK][UNK][UNK]	0
1398378952926785539	[CLS]緊急事態宣言も、更に延長（[UNK]□[UNK]；）！！県民には、不要不急な外出を[UNK]いるのは知ってるよね？我慢しているんだよね。不満分子になるつもりはなく、普通のお願い！県知事を目指すなら、あるべき[UNK]を！政治活動ではなく、宣伝活動は、まさに[UNK][UNK][UNK][UNK]：／／ｔ．ｃｏ／Ｊ[UNK][UNK]	2
1398367244426440707	[CLS]＠[UNK]＿[UNK]＿[UNK]社員旅行で行こうって思ってます！	0
1398365953579098114	[CLS][UNK]電車は止めないの？東京の電車は[UNK][UNK][UNK][UNK]	2
1398365709730664448	[CLS]通勤電車が一番悪や[UNK][UNK][UNK]一回見に行って[UNK]って[UNK][UNK][UNK]：／／ｔ．ｃｏ／ｉ[UNK][UNK]	2
1398357347651657729	[CLS]華の金曜日ありがとう[UNK][UNK][UNK]お客様楽しんでいって[UNK]感謝です[UNK][UNK]早速ではありますが土曜日も[UNK]メンバーを揃えての出勤です[UNK][UNK]ちゃん[UNK]はるちゃん[UNK]かおりちゃん[UNK]さやかちゃん[UNK]あいちゃん[UNK]ことちゃん[UNK]まなちゃん[UNK][UNK][UNK]ご[UNK]お待ちしてます[UNK][UNK]：／／ｔ．ｃｏ／[UNK][UNK]ＭＣ[UNK]Ｚ	0
1398355757012160512	[CLS]＠[UNK]＿[UNK][UNK]反省[UNK]宣言解除さ[UNK]飲みに[UNK][UNK]	0
1398316054024052738	[CLS]緊急事態宣言延長…いつになったら飲みに出れるの？そんな中でもオリンピックはする言うて[UNK]と[UNK]リレーやら準備やら進めてるて…[UNK]と[UNK]か[UNK]（[UNK]‘Ｈ[UNK][UNK]）[UNK][UNK]！	2
1398311842921910275	[CLS]電車でギャルが[UNK][UNK]かかって[UNK]マスクを[UNK]に移動させて[UNK][UNK][UNK]	2
1398302274640703489	[CLS]＠[UNK][UNK]旅行に行く時、鹿児島の甘い醤油を持参してるのを見て、そう感じましたね（笑	1
1398298763643392003	[CLS][UNK]を投稿しました。『人気[UNK]出勤ご予約お待ちしております』＃[UNK]＃[UNK][UNK]：／／ｔ．ｃｏ／[UNK][UNK][UNK][UNK][UNK]癒しの[UNK]庵で[UNK]女性[UNK]が[UNK][UNK]ますご利用お待ちしております	0
1398297295414648836	[CLS]酒に[UNK]時間帯が[UNK]ました朝から休日出勤ですが関係[UNK]ん最近ストレスで酒しか[UNK]ん[UNK]：／／ｔ．ｃｏ／Ｊ[UNK][UNK][UNK][UNK]	2
1398286519861878786	[CLS]＠[UNK]＿[UNK]不要外出禁止中に出かけた店のキャバ嬢の息子で、[UNK]で母親の[UNK]見せられ「知ってるんだ[UNK]」って言われた	1
1398285568396521478	[CLS]＠[UNK][UNK][UNK]うまい[UNK]（詳しくないけど[UNK]とか電車[UNK]る人さ、京都[UNK]の屋上？から[UNK]とか背景に[UNK]るイメージがある（[UNK][UNK]	1
1398284566784221186	[CLS][UNK]ったフランス語[UNK][UNK][UNK]昔、団体旅行でフランスに行った時、現地ガイドさんから[UNK]フランスが[UNK]「[UNK]（行くよ？」に「バ」を追加すると、「[UNK]！」になるって教えてくれて、[UNK]って頭から離れない[UNK][UNK][UNK][UNK][UNK][UNK]	0
1398282849426411520	[CLS]＠[UNK][UNK]昔は電車が通ってましたが地下鉄ができたことにより廃線となりました	1
1398280813813194752	[CLS]＠ｗ＿[UNK]電車乗るときにホームと電車の隙間にラグビーボールが余裕で落ちる[UNK]駅。	2
1398276257742147586	[CLS]東京と大阪を比べるとテレビ放送の映像を観ると大阪より東京の方が、外出自粛を求めている知事の言う事を全く聞いていないような気がする東京は大都市とは言っても[UNK]は、田舎者の集まっている街格好だけ付けて私は都会人といっても中身は、[UNK][UNK]臭いど田舎者の集まった街それが日本の首都東京です	2
1398276238339420164	[CLS]休日出勤して[UNK]減ったので晩[UNK]買いに来たであります！（＠[UNK][UNK]店－＠[UNK]＿[UNK]大阪市，大阪府）[UNK]：／／ｔ．ｃｏ／[UNK][UNK][UNK][UNK][UNK]	0
1398274732168859661	[CLS]帰宅夜ご飯は[UNK]堀川五条店で[UNK]した焼き[UNK]に[UNK][UNK][UNK]でした[UNK]で、緊急事態宣言延長で更に夜ご飯難民が続きますね[UNK]明日もお休みなのでゆっくりしてから[UNK][UNK]今日は朝に[UNK]線[UNK]と淀で人身事故と京阪電車[UNK]れてる[UNK]＃食事記録＃[UNK]＃ツイッター[UNK]部＃[UNK][UNK]：／／ｔ．ｃｏ／[UNK][UNK]	2
1398272845990416387	[CLS]緊急事態宣言も、更に延長（[UNK]□[UNK]；）！！県民には、不要不急な外出を[UNK]いるのは知ってるよね？我慢しているんだよね。不満分子になるつもりはなく、普通のお願い！県知事を目指すなら、あるべき[UNK]を！政治活動ではなく、宣伝活動は、まさに[UNK][UNK][UNK][UNK]：／／ｔ．ｃｏ／[UNK][UNK]ｂ	2
1398264513682542597	[CLS]＠[UNK][UNK]こちら[UNK]！！（[UNK][UNK][UNK][UNK]）[UNK]電車まで[UNK]った[UNK]	0
1398255888532574216	[CLS][UNK]も無事に[UNK][UNK]終わりのミーティングが[UNK][UNK]のでいつもの電車[UNK]んかった[UNK][UNK]これほど[UNK]事は無いと思ってるなんか[UNK]ハンターランク[UNK]まで上げないと[UNK]そうな…大変	2
1398249566080618502	[CLS]緊急事態宣言も、更に延長（[UNK]□[UNK]；）！！県民には、不要不急な外出を[UNK]いるのは知ってるよね？我慢しているんだよね。不満分子になるつもりはなく、普通のお願い！県知事を目指すなら、あるべき[UNK]を！政治活動ではなく、宣伝活動は、まさに[UNK][UNK][UNK][UNK]：／／ｔ．ｃｏ／[UNK][UNK][UNK][UNK]	2
1398249518458499072	[CLS]＠[UNK]緊急事態宣言も、更に延長（[UNK]□[UNK]；）！！県民には、不要不急な外出を[UNK]いるのは知ってるよね？我慢しているんだよね。不満分子になるつもりはなく、普通のお願い！県知事を目指すなら、あるべき[UNK]を！政治活動ではなく、宣伝活動は、まさに[UNK][UNK][UNK]	2
1398248616616108033	[CLS]［[UNK]］経過報告[UNK]毎日来て[UNK][UNK][UNK]！[UNK]日[UNK]：[UNK]〜の破壊式まで残すところあと[UNK]日[UNK]日、[UNK]日は[UNK]：[UNK]〜[UNK]：[UNK]まで[UNK][UNK][UNK]日も電車走らせるまでは[UNK]ます[UNK]是非ご来場ください[UNK]！[UNK]：／／ｔ．ｃｏ／[UNK][UNK][UNK]	0
1398245974812729344	[CLS]明日[UNK]は休み（・[UNK]・）大阪に来てから[UNK]休日出勤減った（[UNK][UNK][UNK]）	2
1398243843250610179	[CLS]電車で周りの人がニコ生とか[UNK]見てるなと[UNK]予想通りそういう事か＃緊急事態宣言延長今度こそ延長無しか？	2
1398242649698562052	[CLS][UNK]、出勤してからずっと何か忘れてる[UNK]…と[UNK]しながら帰宅したら謎が[UNK][UNK][UNK][UNK][UNK]の忘れてた[UNK]の[UNK]からやり直し[UNK]	0
1398238313736073230	[CLS]＃長田駅（山陽電鉄）[UNK]、[UNK]駅のツイートを出しましたが、今回は長田駅側から[UNK]みます。こちらの地図は、長田駅から[UNK]駅までの方が直線となっており、電車が走らせ易そうな雰囲気です。長田には市電も走っていた為、今の高速＆[UNK]；地下鉄長田駅の上の道路はかなり広いです。[UNK]：／／ｔ．ｃｏ／[UNK][UNK][UNK]Ｍ	0
1398237312291532803	[CLS]＠[UNK][UNK][UNK][UNK]Ｇ[UNK]が電車でする[UNK][UNK]：／／ｔ．ｃｏ／[UNK]	0
1398235813045956612	[CLS][UNK]ハイブリッドに乗り換えてよかったこと排気音ないので夜でも夜中でもエンジンスタートして[UNK]できることですな[UNK]前までは[UNK]時すぎてエンジンかけるの控えるように[UNK]いたからな…帰宅時は[UNK]けど[UNK]	1
1398169786543067137	[CLS]電車動き出したのに券売機[UNK]発売中止ってなんやねん	2
1398232422085324800	[CLS][UNK]電車が近づいています	1
1398231965199859712	[CLS][UNK]さん[UNK]飲みに[UNK]や[UNK]	0
1398231739500154884	[CLS]今のところ大阪の大手[UNK]は動き無しか早くスケジュールを出してもらって映画を見に行きたい！[UNK]	1
1398227368406241283	[CLS]＠[UNK]私が住む地域は、[UNK]／[UNK]まで旅行の制限が延長になったのです[UNK]	2
1398227120459968513	[CLS]＠[UNK][UNK]外出できるんですな[UNK]	1
1398226676249726977	[CLS]着いた。[UNK]の鳴き声に負けないボリュームで[UNK]の横を「あと[UNK][UNK]」と叫びながら[UNK]女子高生たち。電車に[UNK]かな。（＠[UNK]駅ｉｎ生駒市，奈良県）[UNK]：／／ｔ．ｃｏ／[UNK][UNK]ｌＡ[UNK][UNK][UNK]Ｌ	0
1398226249244299273	[CLS]帰りの電車、[UNK][UNK]るけど、なんとか[UNK]よ。[UNK]。そして今夜はカレーライスだ。早く帰って食べたい。	0
1398224493831544836	[CLS]＠ｍ＿ｍ[UNK][UNK]、郵送とかでも[UNK]とかにしてもらいたいです。郵便為替でも[UNK]ない[UNK]、、[UNK]より電車代の方が高く[UNK]、なんか[UNK]すぎですね。	2
1398224419344900099	[CLS]京阪電車ストップ。今日は飯に[UNK]ない[UNK][UNK]最近どこ[UNK]で止まってますな	2
1398221908689096708	[CLS][UNK]があって[UNK]お[UNK]と電話した。元気[UNK][UNK]（[UNK][UNK][UNK][UNK][UNK]）質問内容は[UNK][UNK][UNK]けど（笑）コロナ[UNK]、みんなで旅行いこうね（[UNK][UNK]）	0
1398218714013597700	[CLS]まだまだお仕事終わりません未だ大阪にいます[UNK]時までにお仕事[UNK]いい[UNK]と思いながら明日は[UNK]時の電車に乗って遠征開始しようかと思ってたけど[UNK]間ないｗ	1
1398218589581152262	[CLS]＠[UNK]＿[UNK]＠[UNK]＠[UNK]＿[UNK]＠[UNK]＠[UNK][UNK]今日は休みで隣の和歌山行ってきましたが印象としては[UNK]の電車は普段通りの日常だったのと途中で[UNK]大規模モールの駐車場は地元ナンバーばかりで[UNK]雰囲気でしたし目的地の市民プールもそうでした。	1
1398218055868551168	[CLS]＠[UNK][UNK]経路で[UNK]電車で行くのは行けそうな[UNK]、[UNK][UNK]ます（＊＾＾＊）帰りはどこかで[UNK]か、ＳＡで[UNK]か考えます（＾ｏ＾；）	1
1398214790154100738	[CLS][UNK]を投稿しました。『人気[UNK]出勤ご予約お待ちしております』＃[UNK]＃美容[UNK]：／／ｔ．ｃｏ／[UNK]予約受付中移動時間で[UNK][UNK]ます	0
1398212860937838597	[CLS]＠[UNK]＿[UNK]＿[UNK]＠[UNK][UNK]無観客で開催してもいいじゃないですか！[UNK]皆、家でテレビ観戦、外出減るよ[UNK]海外からくる報道陣と関係者の管理だけ、しっかりして[UNK]！新たな変異ウイルス怖い[UNK][UNK][UNK][UNK][UNK]たい[UNK][UNK][UNK][UNK]も[UNK]	0
1398209967992176648	[CLS]自宅に帰ってきて、土産公開してシャワーから上がってこれから、まつり寿司パーティー[UNK]この沖縄旅行で体重＋[UNK]の、[UNK]（＾＿＾；）	0
1398207025604009991	[CLS]旅行や出張がコロナ以前の水準まで戻ることないだろう[UNK]。[UNK]、過去最大[UNK]円の赤字コロナで旅行低迷（朝日新聞デジタル）＃Ｙａｈｏｏニュース[UNK]：／／ｔ．ｃｏ／[UNK][UNK][UNK]	2
1398202059304751109	[CLS]二時間だけ寝て[UNK]出勤いよいよ始まる[UNK]＃赤い公園[UNK][UNK]な	2
1398200522616803335	[CLS][UNK]時間トイレ行ってなくて[UNK][UNK]けど電車来（（＠近鉄桜井駅ｉｎ桜井市，奈良県）[UNK]：／／ｔ．ｃｏ／[UNK][UNK]Ｍ	2
1398199808272179201	[CLS][UNK]マクド食べたい。少しくらい外出しないとストレスになるから、運動[UNK]マクド行こう[UNK]ね、	1
1398197346576474113	[CLS][UNK]、[UNK]年[UNK]月期の最終赤字[UNK]円旅行需要[UNK]：日本経済新聞[UNK]：／／ｔ．ｃｏ／[UNK][UNK][UNK][UNK]Ｂ[UNK]Ｆ	2
1398191260767191040	[CLS]いつもより早い出勤の猫ちゃん[UNK]：／／ｔ．ｃｏ／[UNK][UNK][UNK][UNK]ｎ	0
1398187909690183685	[CLS]意味の全くない政府、地方自治体の緊急事態宣言延長どうして[UNK]とやっているのか外出自粛を[UNK]も今の日本国民にはコロナに対しての危機感がまるでない。外出自粛[UNK]なくてこうなれば外出禁止という強い処置を取らない限り永遠にコロナ終息はないワクチン摂取も日本国民全員が摂取する事ない	2
1398183224971456513	[CLS]＠[UNK][UNK]夕食タイム[UNK]からね。[UNK]は胃に[UNK]ますので（＾＾；（＾＾；『[UNK]（Ｓ）』と併せました。[UNK]電車に乗りますかな[UNK][UNK]	1
1398183072193863684	[CLS]連結する電車と[UNK]比が合わないと、脱線したりモーターが[UNK]するんよ[UNK]…なかなか扱いが難しいねん。でも、[UNK]！[UNK]：／／ｔ．ｃｏ／[UNK]	1
1398183065894068224	[CLS][UNK]出勤多いです♪是非[UNK]の[UNK][UNK]さんご指名下さいませ[UNK]心も身体も癒します[UNK]＃女性用風俗＃女風＃大阪[UNK]：／／ｔ．ｃｏ／[UNK][UNK][UNK][UNK]Ｚ[UNK]	0
1398182531107745795	[CLS]京阪電車人身事故って[UNK]駅で[UNK]アナウンス流れてた！[UNK]（[UNK]□[UNK]；）こんなん日常的にあんの？[UNK]：／／ｔ．ｃｏ／[UNK][UNK][UNK][UNK]	2
1398180957790769156	[CLS][UNK][UNK]／[UNK]出勤予定[UNK]剣[UNK]：[UNK]～[UNK]：[UNK]お[UNK]可[UNK][UNK]：[UNK]～[UNK]：[UNK]お[UNK]可大樹[UNK]：[UNK]～[UNK]：[UNK]お[UNK]可[UNK]時間電話ライン予約[UNK]おります♪[UNK]月割引キャンペーン（[UNK]／[UNK]まで）詳しくわこちら[UNK][UNK][UNK]：／／ｔ．ｃｏ／[UNK][UNK][UNK][UNK]＃女性用風俗＃大阪＃女風[UNK]：／／ｔ．ｃｏ／[UNK][UNK][UNK]	0
1398180651602305028	[CLS][UNK][UNK]／[UNK]出勤予定[UNK][UNK][UNK]：[UNK]～[UNK]：[UNK][UNK][UNK]：[UNK]～[UNK]：[UNK]蒼斗[UNK]：[UNK]～[UNK]：[UNK]時間電話ライン予約[UNK]おります♪[UNK]月割引キャンペーン（[UNK]／[UNK]まで）詳しくわこちら[UNK][UNK][UNK]：／／ｔ．ｃｏ／[UNK][UNK][UNK][UNK]＃女性用風俗＃大阪＃女風[UNK]：／／ｔ．ｃｏ／Ｏ[UNK][UNK]	0
1398179823218937857	[CLS][UNK][UNK]／[UNK]出勤予定[UNK][UNK]コウ[UNK]：[UNK]～[UNK]：[UNK][UNK][UNK][UNK]：[UNK]～[UNK]：[UNK][UNK]大輔[UNK]：[UNK]～[UNK]：[UNK]お[UNK]可[UNK][UNK][UNK]：[UNK]～[UNK]：[UNK]お[UNK]可[UNK]時間電話ライン予約[UNK]おります♪[UNK]月割引キャンペーン（[UNK]／[UNK]まで）詳しくわこちら[UNK][UNK][UNK]：／／ｔ．ｃｏ／[UNK][UNK][UNK][UNK]＃女性用風俗＃大阪＃女風[UNK]：／／ｔ．ｃｏ／[UNK][UNK]	0
1398170252085653504	[CLS]京阪電車運転再開のアナウンスを近鉄京都線車両内で聞く。[UNK]る可能性高いので竹田→[UNK]→京都河原町にし[UNK][UNK]	1
1398089449330774021	[CLS]【お酒の美術館[UNK]店】からのお知らせ[UNK][UNK]！【宅飲み】に[UNK]お酒[UNK]「ブラック[UNK]」です！今やどこでも手にい入るブラック[UNK]ですが、そのブラック[UNK]の歴史を[UNK]この動画で中村さんから聞いてみましょう！[UNK]：／／ｔ．ｃｏ／ｏ[UNK][UNK][UNK][UNK]：／／ｔ．ｃｏ／[UNK][UNK][UNK][UNK]	0
1398165688011743232	[CLS]電車止まっての恩恵は[UNK]。	1
1398162738384293896	[CLS][UNK]、大阪の自宅[UNK]に帰りました。京阪電車[UNK]で大阪の[UNK]駅に到着、この状況下で躊躇しましたが区切りとして、所属会社のオフィスに行きました。総務担当で、頼りになる女性[UNK]と[UNK]会って、改めて終わりを実感しました。でも、東京から帰郷してこんな良い会社と[UNK]のも[UNK]。	0
1398161466360958977	[CLS]＠[UNK]そうです、香港出身です。僕は[UNK]すごいタイプですが。香港は旅行ですか？？	1
1398160983865004032	[CLS][UNK]を投稿しました。『人気[UNK]出勤ご予約お待ちしております』＃[UNK]＃エステ[UNK]：／／ｔ．ｃｏ／[UNK][UNK][UNK][UNK][UNK]予約受付中	0
1398157417771200515	[CLS]京阪電車、また人身事故。緊急事態延長のせいかな。政府は、[UNK]し。	2
1398156963469422592	[CLS]ではでは、ちょっと外出？[UNK][UNK]	1
1398155935210610701	[CLS]＠[UNK]＿[UNK]これより後ろのＢＳはＲ[UNK]出てるはずやからここがＹでもそもそもその閉塞区間に電車入れないんじゃないの？	2
1398152492374839301	[CLS]京阪電車、淀駅の人身事故で止まっているらしい	2
1398152113578921986	[CLS]電車止まって[UNK]るのに〜	2
1398151201951150080	[CLS][UNK]電車に乗る車内で人身事故の緊急放送聞こえるんですが[UNK]して祇園四条[UNK][UNK][UNK]淀駅構内で人身事故だ[UNK][UNK][UNK]で高槻市→京都[UNK][UNK][UNK]枚方市でリス狩りでもするか[UNK]京阪電車乗る方はご注意を！＠[UNK]＃京阪電車＃人身事故＃ひらかたもより市＃振替輸送[UNK]：／／ｔ．ｃｏ／Ｍ[UNK][UNK][UNK][UNK]	2
1398141834933661700	[CLS]全てを終えて、本当に京都と[UNK]しのお別れです。[UNK]、[UNK]駅で京阪電車の特急プレミアムカー（指定座席[UNK]）に乗って、大阪に向かう[UNK][UNK]。[UNK]：／／ｔ．ｃｏ／[UNK]	0
1398139797990825984	[CLS]＠[UNK][UNK]ｓ良いところだよね[UNK][UNK]時間だから最寄りの電車の始発に乗って行くと、到着はお昼過ぎだわ（＾Ｏ＾）ちなみに熊本の実家まで新幹線利用して[UNK]時間ぐらいかかるよ[UNK]	0
1398139627966398473	[CLS]＠[UNK]＿[UNK]＠[UNK]＿ｔ南海ホークスは南海国際旅行発券の普通車回数券を渡されて選手会から「グリーンにしてくれ」と言われて経営難が発覚した	2
1398138934467522563	[CLS]緊急事態宣言、外出自粛などで体重の変化調査で「体重が増加した」と回答したのは、小学生で[UNK]．[UNK]％、中学生で[UNK]．[UNK]％、高校生で[UNK]．[UNK]％もいた。これはかなり[UNK]ね。体重増加で及ぼす影響、運動不足により、体だけでなく心にも影響を与えます。今、目に見えなくても安心できない。なんとかしないと	2
1398126799201001475	[CLS]どう[UNK][UNK]線なんば駅から南海電車に[UNK]分で乗り換えることができるのですか？[UNK]！！（[UNK][UNK]）っ））[UNK][UNK]）・[UNK]．[UNK]：／／ｔ．ｃｏ／[UNK][UNK]	2
1398125611260911616	[CLS]あと[UNK]！[UNK][UNK][UNK]月曜日出勤したらあとはしばらく長い休み♪今日はちょっと暑いけど昼からも[UNK]まっ[UNK]！[UNK]！（・‘[UNK]・[UNK]）[UNK]！[UNK]＃昼休みの[UNK]＃喫煙所にて[UNK]：／／ｔ．ｃｏ／[UNK][UNK]ｌＥ[UNK]	0
1398124826984730626	[CLS][UNK]出勤日の今日のお昼[UNK]は笑う門には麺[UNK]の[UNK]醤油ラーメン[UNK][UNK]：／／ｔ．ｃｏ／[UNK][UNK]Ｗ	1
1398122756311425025	[CLS]＠[UNK]さすがファンクラブまで入っておられるようなのでよく[UNK]で。「パラセール」も超好みですし、「[UNK]」とか「津軽」とかもあるので、旅行時にも[UNK][UNK]ますね〜。	0
1398122597276028933	[CLS][UNK]月いっぱい[UNK]の旅行センター[UNK]る[UNK]わけわからん	2
1398121903122882560	[CLS]また乗る直前に電車の扉しまった[UNK]＿（－ω－‘＿）[UNK]）＿	1
1398121001896976396	[CLS]＠[UNK]＿[UNK][UNK]が今乗ってる電車ね！[UNK]：／／ｔ．ｃｏ／[UNK][UNK]Ｚ[UNK]	0
1398117788149977088	[CLS]＠[UNK][UNK][UNK]ならいいんですね？と[UNK]と思いましたが、阪急電車が乗車禁止でした。	2
1398117184388288519	[CLS]＠[UNK][UNK][UNK][UNK]で、飲みに行きたいもんです[UNK]（笑）	0
1398115272750297097	[CLS]診察を[UNK]…左[UNK]の筋肉断絶だと[UNK][UNK]の固定[UNK]週間、全治[UNK]ヶ月だと言われました[UNK][UNK][UNK]しかもこの脚の状態で電車に乗ってきたの[UNK][UNK]って医者も少し[UNK][UNK][UNK][UNK]まで固定されてるので歩くのがとても辛い[UNK][UNK]される前よりは[UNK]が[UNK][UNK]	2
1398114726853238784	[CLS]＃お[UNK]フォト＃[UNK]バラ園＃ザ・プリンス＃[UNK]のバラ＃[UNK]バスケット教室＃[UNK]バスケット大阪＃[UNK]バスケット材料＃[UNK]＃[UNK]＃旅行＃[UNK]＃[UNK]越しの私の世界[UNK]：／／ｔ．ｃｏ／[UNK][UNK][UNK][UNK]ｅ	0
1398108368905019392	[CLS]オープン前に早出勤して、携帯[UNK]を付けて見た[UNK]今までは旧車のイメージに合わないと思いつけなかったが…今年はツーリングいくから、実用的な事を選択（笑）[UNK]：／／ｔ．ｃｏ／[UNK][UNK][UNK]	0
1398106999762477059	[CLS][UNK]年以上経ってたっぽい、電車で行く機会少なかったから気づかなかった	2
1398103229930500097	[CLS]なん[UNK]、今日は[UNK]がギリギリ。ゴミ出し、喜[UNK]での買い物、電車の[UNK]精算機、電車の改札、すべて、人に関わりあること。[UNK]、と思ってもなんとか繋がる。今日一日は気持ちに余裕を持たなければ、、[UNK]：／／ｔ．ｃｏ／Ｙ[UNK]ｆ[UNK][UNK]	2
1398103169968742401	[CLS]ちょっと[UNK]してきます[UNK][UNK]：／／ｔ．ｃｏ／[UNK][UNK][UNK]	1
1398098581802799110	[CLS][UNK]電車の北[UNK]駅には、駅[UNK]のお店「コーヒー[UNK]」がある[UNK][UNK][UNK]時までサービスタイムで[UNK]円でモーニング＆[UNK]；ランチが出来る[UNK]あっ！電車がやってきたぞ[UNK]＃コーヒー[UNK]＃北[UNK]＃西成区＃大阪＃[UNK]電車＃路面電車[UNK]：／／ｔ．ｃｏ／[UNK][UNK]ｌ[UNK]Ｕ	0
1398097049770283008	[CLS][UNK]ちゃん乗り合いバスで登園するけど、バスで登園なんて、なんか受験した幼稚園[UNK][UNK]な[UNK]バスや電車通学をしたことない人は高校くらいで[UNK]と思うけど、二、三日で[UNK]と思います。。	0
1398619122402050048	[CLS]＠[UNK]進路妨害したせいで車内の乗客が倒れて怪我…ですかね？最近なら路面電車にも[UNK]付いてる可能性は有ると思いますから、すぐに逃げた[UNK]も見つかるかと（・ω・[UNK]）。	1
1398088954969149440	[CLS][UNK]／[UNK]（金曜）[UNK]、[UNK]営業ａｍ[UNK]：[UNK]－[UNK][UNK]：[UNK][UNK][UNK]：[UNK]－[UNK][UNK]：[UNK]（[UNK][UNK]：[UNK]）看板犬凛ちゃんは、出勤中[UNK]！カフェ[UNK]	0
1398084084711137282	[CLS]山陽電車はいいもんだぞ！山陽電車は楽しいぞ！[UNK]：／／ｔ．ｃｏ／[UNK][UNK][UNK]ｌ[UNK][UNK]	0
1398083299172491265	[CLS]おはよう[UNK][UNK]朝から父の[UNK]を終え食事を[UNK]、写真撮影スタジオへ父の写真を[UNK]に。[UNK]者手帳交付の書類が一式揃ったので、近鉄に乗って市役所の担当課まで。[UNK]いまここ[UNK]電車に乗ったので＃[UNK]を改札機の投入口に[UNK]かけた。＃[UNK]ネタ＃[UNK]のお[UNK][UNK]：／／ｔ．ｃｏ／Ｌ[UNK][UNK][UNK]ｖ	0
1398074442480185346	[CLS][UNK]／[UNK]／[UNK]日と和歌山[UNK][UNK][UNK]弁天さまに[UNK]旅行[UNK]ました♪とても[UNK]させていただきたかったお社さんだったからか？住みたいくらい[UNK]良かったです♪＃神社＃[UNK]＃[UNK]弁天[UNK]：／／ｔ．ｃｏ／[UNK][UNK][UNK][UNK]ｂ[UNK]	0
1398072212276408320	[CLS]早朝は[UNK]いたのに空は[UNK][UNK]。今日は[UNK]のち[UNK]？[UNK]。出勤前[UNK]は男前[UNK]も[UNK]も現れず、[UNK]通勤特急だけ[UNK]して終わりでした[UNK]。[UNK]：／／ｔ．ｃｏ／[UNK][UNK]ｙ[UNK]Ｒ	2
1398067090033020932	[CLS]大阪の[UNK]電車・[UNK]停留場から少し南へ行ったところに「熊野[UNK]」の石碑を発見！ネットで調べて[UNK]、[UNK]が熊野街道だった[UNK]＃熊野街道＃[UNK]停留場＃[UNK]＃[UNK][UNK]：／／ｔ．ｃｏ／Ｆ[UNK][UNK][UNK]ｕ[UNK]Ｙ	0
1398791120662908928	[CLS]＠[UNK][UNK][UNK]休日出勤お疲れ様です[UNK][UNK]さか[UNK]も午後には出張で旅立ちます[UNK]	0
1398786301114032131	[CLS]おはよう[UNK][UNK]、サンデー日曜日の西宮市、[UNK]青空の朝です〜[UNK]、とうとう[UNK]月も最後の日曜日、お天気良くいですが、[UNK]ならないよう[UNK]お買い物にお[UNK]、[UNK]も[UNK]日曜日にしましょう〜[UNK][UNK][UNK][UNK][UNK]：／／ｔ．ｃｏ／ｓ[UNK]ＦＡ[UNK][UNK][UNK]ｎ	0
1398783709722021892	[CLS]＠[UNK][UNK][UNK][UNK]ばは、穏やかなお天気ですよ…笑[UNK]です♪[UNK]、出勤しました…[UNK]＃[UNK]ば＃親里＃おや[UNK]＃天理＃天理教＃[UNK][UNK]：／／ｔ．ｃｏ／[UNK]	0
1398782921364828161	[CLS]「院長[UNK]」（院長先生が[UNK]受付前の自動[UNK]システムで体温を[UNK]に来る）のイベントも終わり、ますます[UNK][UNK]ます。（出勤後[UNK]時間経つが、正式にはまだ[UNK]時間前）	0
1398781585575403521	[CLS]おはよう[UNK]。隣の[UNK]も葉が[UNK]来ています。夏！っていう感じが[UNK]色濃くなって来てますね。まだ[UNK]月で梅雨なのに…[UNK]の方もおうちでゆっくりの方も水分補給は[UNK]しましょうね。では今日もよい一日を。[UNK]：／／ｔ．ｃｏ／Ｆ[UNK][UNK][UNK]Ｗ	0
1398771378975805442	[CLS]乗車率[UNK]％、マスク率[UNK]％。車内は[UNK]としているが[UNK]出勤と思しき[UNK]のが[UNK]をかし。（＠[UNK]駅ｉｎ生駒市，奈良県）[UNK]：／／ｔ．ｃｏ／[UNK]	1
1398761339292577793	[CLS]珍しく阪神電車で[UNK][UNK]：／／ｔ．ｃｏ／[UNK][UNK][UNK]	0
1398754568398262273	[CLS]おはよう[UNK][UNK][UNK]も[UNK]模様で気持ちの良い朝を迎えました[UNK]また恒例のごとく[UNK]活＆[UNK]に[UNK]します[UNK]	0
1398750482793783296	[CLS]今日から[UNK]勤で久々に[UNK]出勤[UNK]♪[UNK][UNK]ない[UNK]（＾－＾♪[UNK]：／／ｔ．ｃｏ／[UNK]	0
1398737635347111936	[CLS]おはよう[UNK]！出勤前の[UNK]＃寺猫グランプリ（勝手に）＃[UNK]＃[UNK]＃寺猫＃[UNK]寺＃猫のいる暮らし＃猫がいる幸せ＃猫＃写真＃御朱印＃御城印[UNK]月末に終了詳細ホームページにて[UNK]：／／ｔ．ｃｏ／[UNK][UNK][UNK]	0
1398734305359134723	[CLS]＠[UNK]＿[UNK]ちゃん〜おは[UNK][UNK]〜[UNK]休日出勤、[UNK]ー[UNK][UNK]	0
1398698474388942848	[CLS]＠＿＿＿＿[UNK][UNK]出勤して[UNK]分でゲームオーバーはありえん。[UNK]なら[UNK]時間は[UNK]	1
1398664373095133184	[CLS]＠＿[UNK]＠[UNK][UNK]＿[UNK]日お疲れ[UNK]！ＹｏｕＴｕｂｅに新しい電車の動画アップしましたよ！[UNK]でＹｏｕＴｕｂｅ検索して見てくださいネ！	0
1398653616529969154	[CLS]＠[UNK]無事に電車に[UNK]ました（＾ｏ＾）一日[UNK][UNK][UNK][UNK][UNK][UNK]また[UNK]での再会を（＾－＾）／（＾－＾）／[UNK]サン＆[UNK]；[UNK]サン江（＾ｏ＾）[UNK][UNK]	0
1398651014119493634	[CLS]品川駅などは[UNK]人数の通勤者です。通勤電車も蜜です。マスクして大声出さ[UNK][UNK]。[UNK]：／／ｔ．ｃｏ／Ｅ[UNK][UNK][UNK][UNK]	0
1398649517612802050	[CLS]路上飲みや居酒屋、カラオケに行か[UNK][UNK]。[UNK]：／／ｔ．ｃｏ／[UNK][UNK][UNK][UNK]ｗ	0
1398645408310566924	[CLS]明日日曜だから[UNK]時に出勤なのよね…つい[UNK]しとったわ、[UNK]ねよねよ、お[UNK]！	2
1398638980665466886	[CLS]＠[UNK]事故のその後がどうなったかは基本的に殆ど報道されない訳ですが、普通の自動車などと比べると路面電車は線路の上しか[UNK]ないので、[UNK]の状況にならない（[UNK]運転や信号無視など）限り大きい罪に問われる事は考えにくいと思いますよ。	1
1398636167185141761	[CLS]＠[UNK]：／／ｔ．ｃｏ／[UNK][UNK][UNK][UNK]車などに比べると件数は少ないですが、やはり人身事故は起きていますね。電車の運転も資格が[UNK]仕事ですので、事故の内容によっては過失で罪は問われる場合もあると思います。	0
1398632599988277252	[CLS]＠[UNK]＿[UNK][UNK]、仕事が旅行会社で、仲良い人いなくて、コンビニはみんなうつ[UNK]。。	0
1398628907079770117	[CLS][UNK][UNK][UNK]：／／ｔ．ｃｏ／[UNK][UNK][UNK][UNK]ＲＤ	0
1398628265846198272	[CLS]とあるプロジェクトのリーダーに[UNK]され。[UNK]名のメンバーが[UNK]され[UNK][UNK]ミーティング。その直前に「私には[UNK][UNK]」ってメッセージが来て早々に一名離脱。[UNK]が[UNK]月[UNK]日に出勤して来ない上司の気持ちが今日初めて理解出来ました。何もしてないのに．．[UNK]な。	2
1398625473085595651	[CLS]Ａランク久々に取った気する。[UNK]この娘で初の温泉旅行当てた[UNK][UNK]：／／ｔ．ｃｏ／Ｍ[UNK][UNK][UNK][UNK]	1
1398624145970110464	[CLS][UNK]飲みに行き[UNK]。[UNK][UNK]が緊急事態宣言延長と[UNK]、常に緊急事態[UNK]通常事態[UNK]け。[UNK]先の短い[UNK]の為にこんな我慢させられ[UNK][UNK][UNK]。キャバとは言わんがスナックくらい行か[UNK][UNK]！出来た[UNK]パブがいいけど｜[UNK]－‘）[UNK]	2
1398622113951408132	[CLS]＠[UNK][UNK]…路面電車で人身事故ってかなり珍しいと思うんですけど[UNK]（・ω・[UNK]）。	2
1398536032593715200	[CLS][UNK]駅係員さんからのメッセージと[UNK]【阪神電車】[UNK]：／／ｔ．ｃｏ／Ｂ[UNK]ｗ[UNK][UNK][UNK]＠ＹｏｕＴｕｂｅより	0
1398618238058057732	[CLS]ん〜？なん[UNK][UNK]笑[UNK]飲みに[UNK]〜[UNK]笑[UNK]：／／ｔ．ｃｏ／[UNK][UNK][UNK][UNK]ｓ	0
1398609275295965187	[CLS]タイガース早く逆転してくれ。[UNK]の[UNK]（外出時に逆転）は味わいたくない。[UNK][UNK]時からゴジラが始まる。	2
1398606288020328451	[CLS]＠[UNK][UNK]＿[UNK][UNK][UNK]、また事件発生ですね。[UNK]は、[UNK][UNK]の生配信をしながら、サークルのゲームもあって、[UNK]と思うので、[UNK]のは、[UNK]よ。失敗は成功のもとなので、気にする事ないよ。カニ旅行、楽しんで下さいね。りゅうちゃんが[UNK]の為にお買い物、優しい[UNK]。＃[UNK]	0
1398589256872783875	[CLS]電車の座席のわたしの横でタブレットを使いマ[UNK]オのアニメら[UNK]を作っていた糞[UNK]（と言っても二十歳越えてたか？）そういう趣味を否定は勿論しないが、タッチペンを振り回す腕が当たって[UNK]んだよ。[UNK]、肘で腕を[UNK]に留めず[UNK]と肘鉄でも[UNK][UNK]良かった。	1
1398589187973017602	[CLS]＠[UNK][UNK]今日家で飲みました[UNK][UNK][UNK]して[UNK][UNK]今度[UNK]飲みに行きましょう[UNK]	0
1398588041329995778	[CLS]タッチ機能付き[UNK]カードがあればカード決済でそのまま電車に[UNK]とか[UNK]飛んでるとしか（笑）[UNK]：／／ｔ．ｃｏ／[UNK][UNK][UNK][UNK]	1
1398587461987491842	[CLS]実は今日から土曜日は[UNK]期シフト。今まで[UNK]時出勤だったのが、[UNK]時半出勤になり、[UNK][UNK]ＦＭ。[UNK][UNK]侍、[UNK]侍のコーナー、[UNK][UNK]ました。今日は[UNK]大谷[UNK]。関ヶ原で石田三成との友情から西軍についたけど、お前が大将では負ける。毛利殿を大将に。	0
1398586857084973057	[CLS][UNK]旅行したい[UNK]…[UNK]	2
1398586103611887617	[CLS]＠[UNK][UNK]私はＵＦＯで異星に連れて行ってほしいです。海外旅行より『はるか』に[UNK]ない！？（漢字[UNK]ないだろうと平仮名にした笑）	2
1398585282438471681	[CLS]明日は電車を使わず車に[UNK][UNK]乗せて行くぞ〜[UNK][UNK][UNK]＃片鉄ロマン街道	2
1398584497499607040	[CLS]帰りの電車逆に乗ってるマン。	2
1398584449214812161	[CLS]電車[UNK]ました[UNK]頭痛してきたｗ	2
1398582952271880192	[CLS]カート鈴木が[UNK]のか（笑）きょうもアスレティックから守ってくれて[UNK]頼りになるカート【ＭＬＢ】大谷[UNK]、電車通勤で乗り換えミスしていた同僚スズキが語る舞台裏「違う方向に…」（[UNK]－[UNK]）[UNK]：／／ｔ．ｃｏ／[UNK][UNK][UNK]	0
1398578714049277954	[CLS][UNK][UNK][UNK]出勤[UNK]しました[UNK][UNK]／[UNK]（土）[UNK][UNK]：[UNK]〜[UNK]：[UNK]迄緊急事態宣言[UNK]なかったら土曜日の夜は[UNK]自由行動したくなるそんな[UNK][UNK][UNK][UNK]様[UNK]のご[UNK][UNK][UNK]お待ちしております[UNK]：／／ｔ．ｃｏ／[UNK][UNK]	2
1398577264057405445	[CLS]帰りの電車できれば座りたいｗ	1
1398576363649441798	[CLS]今日は休日出勤、[UNK]に引き続き、[UNK]だよ[UNK][UNK][UNK]に[UNK]くれとる感じで[UNK]・・・・・・＃殺虫剤との闘いで喉[UNK][UNK][UNK]：／／ｔ．ｃｏ／[UNK][UNK][UNK]	1
1398574168807940099	[CLS][UNK]今日はＭＢＡ医療介護組との初飲み会[UNK][UNK]なのに和歌山に帰る道中で、ｉＰｈｏｎｅから参加という[UNK]そして電車内で[UNK]の瞬間に持ってるドリンクは、明日の朝飲む予定のヤクルト[UNK]本だけ笑	0
1398570907870789633	[CLS]＃[UNK]月を写真[UNK]枚で振り返る[UNK]の乗り鉄旅行[UNK][UNK]と同時に発売された[UNK]とりランチパックと[UNK]とりコーヒーと[UNK][UNK]：／／ｔ．ｃｏ／[UNK][UNK][UNK]	0
1398570351743832065	[CLS]海外旅行に行くとするならば、台湾へ行ってみたい。[UNK]：／／ｔ．ｃｏ／Ｋ[UNK][UNK][UNK][UNK]	1
1398569591236808713	[CLS]休日出勤おわた〜[UNK]今日は[UNK]みたいなん[UNK][UNK]：／／ｔ．ｃｏ／[UNK]	2
1398569481736048642	[CLS]嵐山一[UNK]は[UNK]の予約営業は終了しました。たくさんご[UNK]ありがとう[UNK]。今日は[UNK]店長出勤でした。[UNK]：／／ｔ．ｃｏ／[UNK]ｌ[UNK][UNK][UNK][UNK][UNK]	0
1398567503798824963	[CLS]最近は阪神電車に[UNK]る[UNK]：／／ｔ．ｃｏ／[UNK][UNK][UNK][UNK][UNK]	0
1398562095289958403	[CLS]＠[UNK][UNK]ｃ[UNK]Ｂ＠[UNK]＿ｓ＿[UNK][UNK]出勤してます[UNK]大会終わってすぐに店戻ります[UNK][UNK]：／／ｔ．ｃｏ／[UNK][UNK]	2
1398555573575065602	[CLS][UNK][UNK]厚生年金害すぎる[UNK]回の給料で旅行できる文くらい引くんはやりすぎや	2
1398543329919324160	[CLS]＠[UNK][UNK][UNK][UNK][UNK]ありがとう。辛いです（[UNK]）電車の中なのに、[UNK]も涙も止まらないわ。マスクの下から[UNK][UNK][UNK]れるわ…	0
1398542578300059648	[CLS]【お知らせ】[UNK]月[UNK]日土曜日[UNK]：[UNK]－[UNK]：[UNK]日頃の[UNK]を開催する会【会場詳細】場所[UNK]浜ちゃん＠[UNK]住所[UNK]大阪市西区九条[UNK]－[UNK]－[UNK]阪神電車九条駅地下鉄中央線九条駅から各徒歩[UNK]分参加費[UNK][UNK]円わからないことがあれば気軽にお問い合わせ下さい！[UNK]：／／ｔ．ｃｏ／Ｎａ[UNK][UNK][UNK][UNK]	2
1398540985257316354	[CLS][UNK]駅て移設した[UNK]。場所：[UNK]電車[UNK]駅[UNK]番ホーム[UNK]：／／ｔ．ｃｏ／[UNK][UNK][UNK]	2
1398539393841860608	[CLS]電車を止めるな、[UNK]シアターで…やってくんないかな…（＾＿＾；）	1
1398538864713617408	[CLS]それから、[UNK]マン吉村さん、夏のイベントのうち、祇園祭・天神祭は今年も大部分が開催中止。さらに、[UNK]淀川花火大会も[UNK]に続いて中止です。しかし[UNK]月には、東京オリンピック観戦旅行を計画しています。今後どうなるかは[UNK]が、宿泊先のホテルは予約済です。＃[UNK]：／／ｔ．ｃｏ／[UNK][UNK][UNK]	2
1398537112396328960	[CLS]＠Ｒ＿[UNK]今電車から降りたしええで	0
1398536709365587971	[CLS][UNK]姿で[UNK]の途中でお[UNK]下さいました[UNK][UNK]の[UNK]に、[UNK]色の春[UNK]の帯を合わせて[UNK][UNK]の[UNK]の[UNK]に[UNK]げなブルー×白の帯、濃青の帯締めをアクセントに[UNK]＃[UNK]＃着物＃[UNK]＃着物好き＃[UNK][UNK]＃着物女子＃[UNK]女子＃着物で[UNK]＃着物[UNK]＃[UNK]＃京都[UNK]：／／ｔ．ｃｏ／[UNK][UNK][UNK][UNK]	0
1398475438045814784	[CLS]阪神電車の空調寒すぎて[UNK][UNK]	2
1398535747464957955	[CLS]＠ｒ[UNK]飲みに[UNK]タクシーすぐ[UNK][UNK]に[UNK]時のタクシー[UNK][UNK][UNK]感じる[UNK]	0
1398535462495588355	[CLS][UNK]の続きと[UNK]線沿線の[UNK]橋駅すぐにある[UNK]の羽衣工場売店で購入した[UNK]です。電車に乗って買いに行けるのは三年後。（・・；）＃南海[UNK]線＃南海[UNK]線[UNK]橋駅周辺＃[UNK][UNK]ハウス場所：[UNK]駅[UNK]：／／ｔ．ｃｏ／[UNK][UNK]	0
1398531839481032707	[CLS][UNK]お昼[UNK][UNK][UNK]いつも[UNK]してる近所のタイ料理屋さん『[UNK]タイ』[UNK][UNK]今日はお散歩[UNK]にランチ[UNK][UNK][UNK]＆[UNK][UNK][UNK]場所：[UNK]タイ[UNK]：／／ｔ．ｃｏ／ＣＴ[UNK][UNK][UNK]Ｒ[UNK][UNK]	0
1398529832514850820	[CLS]一般人とのことで御本人は撮影できませんが、ちょっと外出して[UNK]のホワイトチョコを買ってきてくださいました[UNK][UNK]：／／ｔ．ｃｏ／[UNK]	0
1398527442843693057	[CLS]コロナ対策で電車に[UNK]ないので、自転車で[UNK]モーツァルト像に会いに来ました♪[UNK]光が差しました[UNK][UNK]：／／ｔ．ｃｏ／[UNK][UNK][UNK][UNK][UNK]	0
1398515419137249280	[CLS][UNK]の走行[UNK]，[UNK]ｋ（ツーキングｗ）[UNK]土曜日出勤。[UNK]一週間だった。以前はこれくらいが[UNK]がコロナ禍の[UNK]ですっかり身体も[UNK]る。多分明日は完全休養になりそうな[UNK]。起きられる気がしない[UNK][UNK]：／／ｔ．ｃｏ／[UNK][UNK][UNK]	0
1398513613468405764	[CLS]乗った電車が高野山寄り[UNK]両が製造後[UNK]数年経ってＶＶＶＦ換装した変態[UNK]車両、後ろ[UNK]両が未改造のボロという、終点まで[UNK][UNK]んかいなと思う様な編成。扉開閉を上に上げた為か[UNK]カバーが（笑）[UNK]：／／ｔ．ｃｏ／[UNK]	1
1398509201660407814	[CLS]＠[UNK][UNK][UNK][UNK]円[UNK][UNK][UNK]。車には、ちょと[UNK]ないし服や電化製品は今のところ[UNK]いるので[UNK][UNK]ものと旅行か[UNK]！	1
1398509014808289280	[CLS]今から[UNK]！[UNK][UNK][UNK][UNK][UNK][UNK][UNK][UNK][UNK][UNK][UNK]：／／ｔ．ｃｏ／[UNK][UNK]	0
1398502957209948163	[CLS][UNK]、[UNK][UNK][UNK]ラーメン[UNK]で[UNK]も満たされたこと[UNK]、[UNK]出勤するかな[UNK]＃[UNK]ラーメン＃橿原市[UNK]：／／ｔ．ｃｏ／ＨＤ[UNK]Ｐｏ[UNK][UNK]	0
1398500688070516738	[CLS]大阪で[UNK]やってて思う。緊急事態宣言を守ってる店が、損をして。不要不[UNK]外出して密集している人らが[UNK]している。高校生がマクドに[UNK][UNK]、外では酒[UNK]高齢者がマスクせず[UNK]た。緊急事態宣言を守ろうとしている僕は頭が[UNK]なってしまったのだろうか。	2
1398498752101371905	[CLS]京都線のオール[UNK]の阪急電車。[UNK]：／／ｔ．ｃｏ／[UNK][UNK]	0
1398497817774022658	[CLS]＠[UNK]＿[UNK]廃止前提だから車両更新しないんだよ[UNK]ＪＲだけが悪いわけではない乗客いないもんなんかここだけの話「一畑電車」に比べてあまりに対応に差がありすぎると言うか可能ならむしろ[UNK]セクにした方が地元自治体が[UNK]を入れて支援するから[UNK]がいいんじゃないか？とも思う	2
1398495678284795909	[CLS]おおお〜今[UNK]駅に入る直前なんですが、アナウンスで「この電車は大阪難波行区間準急として運転します」とのこと（笑）そんなことあるんですね。いま[UNK]から[UNK]人が乗ってきました。教室の開始時間[UNK]：[UNK]には[UNK]そうな[UNK]です。	0
1398495368841633801	[CLS][UNK]よう[UNK]週末ちと[UNK]過ごしてたら[UNK]に昼になって[UNK]外出良い天気です今日は[UNK]古墳群見に行こうとしています電車でね	0
1398494931136749571	[CLS]初代電車でＧＯがあった＿（＿[UNK]ω[UNK]）＿（＠タイトーステーション大阪日本橋店－＠[UNK]＿[UNK]－[UNK]，大阪府）[UNK]：／／ｔ．ｃｏ／[UNK][UNK][UNK]	2
1398494880351940609	[CLS]今年[UNK]回目の電車[UNK]♪実に[UNK]か月[UNK]♪[UNK]ｏ（＾ｏ＾）[UNK]：／／ｔ．ｃｏ／Ｚ[UNK]Ｐ[UNK][UNK][UNK]	0
1398494580924850185	[CLS]あわ[UNK][UNK]、[UNK][UNK]電車[UNK]海が[UNK]どうしよう電車止まって！[UNK][UNK]！！！！！！！[UNK]：／／ｔ．ｃｏ／[UNK][UNK][UNK]	0
1398493945017954304	[CLS]いま[UNK]山ですが、この電車は次の[UNK]止まり。で、え？[UNK]手前に快速急行？抜かれるかも。[UNK]：／／ｔ．ｃｏ／[UNK][UNK][UNK]	1
1398493372113842177	[CLS]＠[UNK]ありがとう[UNK]。[UNK]電車に座ってるだけですけどね（笑）駅員さん達が[UNK]ね。	0
1398491500095303690	[CLS]電車、減便してるのに、学校やら仕事やら[UNK]やからで出る人が増えてて、車内と構内が鬼密。距離感をとるスペースがない。	2
1398490124183162880	[CLS]妻を迎えに外出て[UNK]車も人も[UNK]多い[UNK]。みんな自粛生活も限界な[UNK]な。	0
1398489990112301057	[CLS]＠[UNK][UNK][UNK]。[UNK]。一時期、日本国民となり日本領土となったのに[UNK][UNK]か、台湾と韓国。実際に旅行したらわかる。台湾は丸い瞳で日本語で話しかけてくれて暖かい。韓国では目を[UNK]邪魔者扱い。	0
1398486664717082627	[CLS][UNK]時から出勤なので、行ってき[UNK]する[UNK][UNK]：／／ｔ．ｃｏ／[UNK]	1
1398485417754726400	[CLS]＠[UNK][UNK]初海外旅行はフロリダにします[UNK][UNK][UNK]	0
1398483860401266688	[CLS]電車の一番前に座ってテンションやや高め[UNK][UNK]か？（笑）＃[UNK]電車＃宿院＃週末[UNK]の帰り[UNK]：／／ｔ．ｃｏ／[UNK]	0
1398481009306312704	[CLS]夏の電気不足が予想される、って[UNK]の日に無観客になった五輪競技を、外出自粛が呼びかけられ外に出かける目的も無くなりガンガンに冷房かけた部屋で大画面ＴＶで見る人が増えて東京大停電？	1
1398480733501464577	[CLS][UNK]、電車に変形して線路走るパターンね。[UNK]：／／ｔ．ｃｏ／[UNK]	0
1398479205097033728	[CLS][UNK]不要不[UNK]外出がしたい[UNK]。もうちょっと我慢か[UNK]	1
1398479151783288833	[CLS]平日に出来ないので、お休み狙って仕事してますが、コロナ減る[UNK]わ。[UNK]も若きも[UNK]町に出てきてるんだもの。家に居たくないのか外出たいのか知らないけど、仕事してる人からしたら[UNK]迷惑。自粛って何のためな[UNK]ね。＃コロナ対策＃自粛生活＃休業要請	2
1398476195373662209	[CLS]Ｉ’[UNK][UNK]電車[UNK]駅ｉｎ大阪市，大阪府[UNK]：／／ｔ．ｃｏ／ｇ[UNK][UNK][UNK][UNK]	2
1398429696052764675	[CLS]＃ウィーク[UNK]おはよう[UNK][UNK][UNK]飯田Ｄ今日も[UNK]お願いします＊＿＿）[UNK][UNK]！今は電車の中。ある所まで行ってみます（＊[UNK][UNK][UNK]＊）	0
1398474579635425281	[CLS]ジョニー[UNK]強かった[UNK]！そして今日は早めに出勤して、[UNK]だけしてマツさんのラスト行ってきた[UNK]！[UNK][UNK][UNK]これからも[UNK]お願いします！それでは、[UNK]も[UNK]オープンし[UNK]！！[UNK]：／／ｔ．ｃｏ／[UNK]ａ[UNK]ｄ[UNK][UNK]	0
1398473010609147906	[CLS]＠[UNK]＿[UNK]この電車、、、難波の駅でお[UNK]買い[UNK]降りて次の電車に乗ったのよね。このまま乗ってたら、、、[UNK]駅で遭遇してたはず、、、事故に	2
1398471712006569985	[CLS]土曜出勤[UNK][UNK]で仕事して電話に気がつかないあるある（汗）[UNK]：／／ｔ．ｃｏ／[UNK][UNK]ｒ	1
1398471653240184832	[CLS]反対方向の電車に乗ってしまった（笑）そしてこの階段。。。無事に出勤できますように[UNK][UNK]：／／ｔ．ｃｏ／[UNK][UNK]Ｋ[UNK]ｑ[UNK]	0
1398468751901675521	[CLS]電車、[UNK]れてる？[UNK]。。。	2
1398466692024463366	[CLS]一体、出勤、だ。	1
1398465934713507845	[CLS]奈良県のほうに電車で行こう[UNK]、人身事故にて運転[UNK][UNK][UNK]、近所で[UNK]食べるか[UNK][UNK]	2
1398464207947923457	[CLS]今は[UNK]山〜生駒が電車止まってる[UNK]。[UNK]：／／ｔ．ｃｏ／[UNK][UNK][UNK]	0
1398464122921000960	[CLS]近鉄奈良線[UNK]：[UNK]頃、奈良行き電車が[UNK]駅構内で人と接触のため、[UNK]山〜生駒間の運転[UNK]中…	1
1398463842019987461	[CLS]空の電車が出て[UNK][UNK]：／／ｔ．ｃｏ／[UNK][UNK][UNK]	2
1398462818052022279	[CLS][UNK]外出[UNK]♪[UNK]：／／ｔ．ｃｏ／ＣＶ[UNK]Ｃ[UNK][UNK][UNK]Ｔ	0
1398460184154935298	[CLS]アウェイ感[UNK][UNK]店で老[UNK]ゲット、たった[UNK]分で中国旅行気分、[UNK]ました[UNK]：／／ｔ．ｃｏ／[UNK][UNK][UNK]	0
1398459179187113990	[CLS][UNK]／[UNK]出勤です[UNK][UNK][UNK]：[UNK]～[UNK]：[UNK]＃女性用風俗＃女風＃大阪	0
1398457527495401472	[CLS][UNK][UNK]／[UNK]出勤予定[UNK][UNK]コウ[UNK]：[UNK]～[UNK]：[UNK][UNK][UNK][UNK]：[UNK]～[UNK]：[UNK]お[UNK]可剣[UNK]：[UNK]～[UNK]：[UNK]お[UNK]可[UNK][UNK]：[UNK]～[UNK]：[UNK]お[UNK]可[UNK]時間電話ライン予約[UNK]おります♪[UNK]月割引キャンペーン（[UNK]／[UNK]まで）詳しくわこちら[UNK][UNK][UNK]：／／ｔ．ｃｏ／[UNK][UNK][UNK][UNK]＃女性用風俗＃大阪＃女風[UNK]：／／ｔ．ｃｏ／[UNK][UNK][UNK]	0
1398457342639837187	[CLS]最近の女性[UNK]は、本当に[UNK]ハザードしてる[UNK][UNK][UNK]。「混雑した電車で[UNK]を[UNK]若い女性。前に立つ人の背中に、[UNK][UNK]が[UNK]ついて．．．」（東京都・[UNK]代女性）（Ｊタウンネット）[UNK]：／／ｔ．ｃｏ／[UNK][UNK][UNK][UNK][UNK]	0
1398454012526145538	[CLS][UNK]急に言われて休日出勤してきたけど結局[UNK]で[UNK][UNK]してる（＠ファミリーマート長堀橋駅[UNK]ｉｎ大阪市中央区，大阪府）[UNK]：／／ｔ．ｃｏ／Ｗ[UNK][UNK][UNK][UNK]：／／ｔ．ｃｏ／[UNK][UNK][UNK][UNK][UNK]	2
1398448469631664134	[CLS]フルートは[UNK]さんと奥[UNK]チャンが客演だったのだな。知人は降り番[UNK]。立ち飲みに行ったのかも[UNK][UNK]：／／ｔ．ｃｏ／[UNK][UNK][UNK][UNK]ｙ	1
1398446627791073280	[CLS]おはよう[UNK][UNK][UNK][UNK]ツイート[UNK]今日は、大正営業所からです．．．♪＊[UNK]天気も良いので[UNK]してる乗務員さんも…[UNK]君も動画撮りに出勤[UNK][UNK][UNK][UNK][UNK]か[UNK]って[UNK]よく分からんけど[UNK][UNK][UNK][UNK]さんに聞いて[UNK][UNK]＃[UNK]＿男＃[UNK]ロジ[UNK]：／／ｔ．ｃｏ／[UNK][UNK]ＢＤ[UNK]	0
1398445816612749315	[CLS]＠[UNK]電車の撮影とかでもこういうことありましたね…良い大人が…[UNK]です…	0
1398445455596351488	[CLS]＠[UNK][UNK]ｅ[UNK][UNK][UNK]ｆ姫路の方って事でしょうか〜？[UNK][UNK][UNK][UNK]いました〜。赤い電車のやつですね。そして但馬空港と伊丹空港って航路があるのが衝撃でした！直線[UNK]ｋｍも無いのにと〜	1
1398443229972897797	[CLS]＠[UNK]＿[UNK]昔首都圏で見た事あるような雰囲気の電車でした〜。エアポートより[UNK]ない雰囲気でしたｗ[UNK]です。	0
1398442058503708674	[CLS]夜は[UNK]時頃から[UNK]練習後の飲み会がコロナ以降ずっと開催出来ていないので、[UNK][UNK]飲み会。初めてマスク無しの顔をみた人も！？→「入団してから[UNK]回もパートの人と飲みに行って無い」との声も聴いて、早く新型コロナ禍が収束して欲しいと思いました。お休み初日[UNK]楽しい[UNK]日を♪[UNK]：／／ｔ．ｃｏ／[UNK]	0
1398437160890429440	[CLS][UNK]月[UNK]日（土）おはよう[UNK]。良い天気、[UNK][UNK][UNK]コロナ禍になり、自然豊かな[UNK]町に来られる方が増えたように感じます[UNK]マナーを守って、是非[UNK]来てください[UNK]観光情報は[UNK]から[UNK][UNK]：／／ｔ．ｃｏ／[UNK][UNK]東山ゆう豆は[UNK]も営業しております[UNK]＃京都＃祇園＃ランチ[UNK]：／／ｔ．ｃｏ／[UNK]	0
1398435231309340673	[CLS]電車の車内の電気消すのって、関西だけなん？[UNK]	2
1398434208100491265	[CLS]＠[UNK]＿[UNK]うちは製造業なので[UNK]円以上の損失を[UNK]始末書を書かなくてはいけません[UNK][UNK]何度書いた事か[UNK][UNK]私も落ち込んだ事もありましたが、自分が気にするほど回りは気にしていないので[UNK]月曜日は[UNK]明るく出勤してくださいね[UNK][UNK][UNK]失敗しないと間違っている事が[UNK]ない事があります[UNK]失敗しない…	2
1398433116595707905	[CLS]うん[UNK]ありがとう[UNK][UNK][UNK]【美韓】ユン・[UNK]に投票完了！現在の得票数：[UNK]票ユン・[UNK]「休みが[UNK]、一緒に旅行しようね[UNK]」人気投票はこちらから[UNK][UNK]：／／ｔ．ｃｏ／Ｃ[UNK][UNK]＃ユン・[UNK]＃[UNK]＃[UNK][UNK][UNK]＃ユン・[UNK]からのメッセージ	0
1398431985220001794	[CLS][UNK]は中掃除。テレビの裏側、[UNK]マットの[UNK]普段しないところを掃除しました。[UNK]朝食。朝風呂。[UNK]ある[UNK]から[UNK]駅まで行き、一瞬で[UNK]なった[UNK]が電車に乗ってます（；[UNK][UNK]）	1
