2021-03-14T23:54:40.000Z	1371248445596569600	出勤 (@ もなみクリニック in Sapporo, 北海道) https://t.co/8bj9WuUYjc	{'coordinates': {'type': 'Point', 'coordinates': [141.33182354, 42.99263075]}, 'place_id': 'a357c591f3dabb3e'}
2021-03-14T23:36:52.000Z	1371243964662042624	札幌駅で出勤を急ぐ人たちの中を赤いバックパックにネギをぶっ刺して歩いてるやつがいたらそれは僕ですね。	{'place_id': '13fbcf4150ce380c'}
2021-03-14T20:15:25.000Z	1371193267744731136	雪ミク電車2021ver完成しました。フジミのキットに下廻りは鉄コレ動力です。まあまあの出来ですね。 https://t.co/yJ9ckoeo0t	{'place_id': 'fe961fca5190a4d7'}
2021-03-14T18:01:57.000Z	1371159680886603776	さぁて、今週も夜勤頑張りますか。今週末は月→金で５日出勤‼️頑張ろう☀️ https://t.co/BkXghuuOX7	{'place_id': '13fbcf4150ce380c'}
2021-03-14T14:56:04.000Z	1371112902829039621	なまら腹立つ会話が聞きたくてもないのに、耳に入るわ関東から来た、高校教師‼️コロナで呑気だな北海道旅行	{'place_id': '11082fe13e546001'}
2021-03-14T11:59:56.000Z	1371068576963072007	バナナマンのせっかくグルメ観てたらマジで旅行したくなるやさそして北海道に行きたい https://t.co/dvXwH23ENl	{'place_id': '0fc3a3f08094f002'}
2021-03-14T11:55:19.000Z	1371067414763347977	地元で、対面の旅行代理店の店が潰れた。海外旅行も国内旅行も、これじゃ、しょうがない。	{'place_id': '13fbcf4150ce380c'}
2021-03-14T07:34:24.000Z	1371001753890476037	@sumire08042 え～😵途中で帰れって…私が旅行の時ホテルのフロントで聞いたときは泊めるけど大浴場とか制限してもらうって言ってました。さすがにねぇ…😅	{'place_id': 'e024abbacb11ebca'}
2021-03-14T05:52:10.000Z	1370976025052549125	【ディオニス】【Rema-K】【lalucedelsole】ポップアップショップは、3月17日(水)までです🙆‍♀️🌟あたたかくお出かけ日和になってまいりましたので、みなさまお気軽にお立ち寄りくださいね🕺❣️#tokyu_dept	{'place_id': '13fbcf4150ce380c'}
2021-03-14T05:49:03.000Z	1370975242286370821	【ディオニス】プリーツ素材が特徴のバッグは、大きさもカラバリも豊富😏⭐️中に入れる物によって形が自由自在に変わるので、使わない時は小さく折りたたむことも出来てお出かけに重宝します🥺コサージュをつけて華やかにすればよそ行きに😼💘💘#tokyu_dept #ディオニス #プリーツ #プリーツバッグ https://t.co/tV1vUGhPwc	{'place_id': '13fbcf4150ce380c'}
2021-03-14T05:30:02.000Z	1370970456774209538	我が家のモデル3君が入院中なので、久しぶりにN-BOXでお出かけ。雪解け道で安定しない。アクセルの反応が遅い。スピードも安定しない。不要な振動と音。僅かなズレだけど、意図通り動かないってこんなに疲れるんだと確認。モデル3早く帰ってきてー！ウィンカーとワイパーも当然間違えました。	{'place_id': 'e826cd2494f53e40'}
2021-03-14T04:58:14.000Z	1370962454092554243	激辛スタミナラーメンなるものを。ニンニクガツン、これから出勤だが...マスクしてるから良いか(笑)夜中まで頑張ろう。#ふらっと箸置き #ラーメン #激辛 #孤独のグルメ https://t.co/hQvBSxU4yo	{'place_id': '07d9d89e74881003'}
2021-03-14T04:24:04.000Z	1370953854276136963	@kotomi_pi_photo 私は以前一眼レフを使ってましたが、写真を撮ることに意識が行って景色を楽しんで無いことに気付きました。それから、コンデジに替えて旅行や景色を楽しむスパイスとしての撮影にすると楽しくなりましたよ	{'place_id': 'bf88b4fa5b342b64'}
2021-03-14T03:42:45.000Z	1370943454570684419	@mihara_AJH みおちゃんこんにちは🌸電車の音はガタンゴトンに聞こえるよ🚃今日の午前中は野球チームの会議に参加して来たよ🏠🐯⚾️チームのみんなと会える機会がなかなか無くなるからね😢キレイな花束💐や手紙とかもらって感動した😭チームメートみんな最高！夜は2週間ぶりのAJH定期公演に行って来るよ😊	{'place_id': 'fe961fca5190a4d7'}
2021-03-14T03:32:00.000Z	1370940752478408713	電車に乗り換え https://t.co/iTQwAKFTAV	{'place_id': '07d9e4e6c0888001'}
2021-03-14T02:47:11.000Z	1370929472711446528	久々の徒歩ポケ活。銀座篝札幌店で早めのランチ。鶏白湯soba（1,000円）期待しすぎていたのか、美味しいけどなんか違う感。夜に飲みにきたら印象は変わるかな？🤔 https://t.co/4OFuqPq0ue	{'place_id': '0fc2e2328214c000'}
2021-03-14T01:13:26.000Z	1370905881282367488	@874RS あと、旅が好き。国内旅行が好き。だと、真のドライブ好きに巡り会えかも。ただ、ドライブ好きだと運転操作が好き。車が好き。車中泊が好きとか外泊しても宿で泊めてくれないとかになりそうな。	{'place_id': 'fe961fca5190a4d7'}
2021-03-14T01:00:58.000Z	1370902741170581504	本日ラギちゃんラーメンにラギ店主出勤、昼営業のみです！ https://t.co/Hs7lfGrt4O	{'place_id': '4d2b3083f504bceb'}
2021-03-15T23:47:55.000Z	1371609135926538243	@okanwa17 おかんさん💕毎日なにか見つかるそんな気がしますよ〜うふ大好き🥰って嬉しい有難くて😂😂😂✨ありがとう✨をたくさん持って出勤します🌈♡ありがとう🥰	{'place_id': 'fe961fca5190a4d7'}
2021-03-15T14:21:02.000Z	1371466474833944576	ウチから電車に揺られて20分で癒しの海原があたしを包みこむ https://t.co/oawdICJXJU	{'place_id': 'bf88b4fa5b342b64'}
2021-03-15T14:03:30.000Z	1371462059884306435	昨日のテレビ放送で一躍大人気の当店スタッフの保花(ほのか)さんですが、東京の大学に進学の為、本日が最後の出勤となりました。店舗での勤務は終了しましたが、3/30〜4/8の西武池袋本店「春の北海道うまいもの会」に当店スタッフとして勤務予定です。お近くにお越しの際は是非お立ち寄りください。 https://t.co/gCxCyL3Jql	{'place_id': '424650fd9f1031ec'}
2021-03-15T12:48:37.000Z	1371443217812443136	出勤してます！しばらくオープンからいますのでよろしくお願い致します✨ https://t.co/c1pw9CMw73	{'place_id': '13fbcf4150ce380c'}
2021-03-15T12:14:27.000Z	1371434615647342606	今夜のあて旅行で札幌に来たので、定番のジンギスカン😋ホントはサッポロビール園に行きたかったけど、時短営業で間に合わず⤵️⤵️今宵宿泊ホテルに程近いキリンビール園で満喫中🎵#kanayoru https://t.co/z3eUc9kFLo	{'place_id': '0fc2970f08d5e000'}
2021-03-15T11:33:04.000Z	1371424201853136896	@realpotaku ご来店ありがとうございました😊私出勤で会えて良かったです♪とても爽やかな印象で♪また遊びにきてください✨	{'place_id': 'aedee7b3bd878532'}
2021-03-15T09:19:53.000Z	1371390685547393027	やんちゃな髪色の椿ちゃん。明日出勤です🦋🦋 https://t.co/wWuM7ybRFt	{'place_id': 'fe961fca5190a4d7'}
2021-03-15T08:05:58.000Z	1371372084513763330	@yo0910 @nama_odekake 確かに屋根見なきゃ電車ですねw🚆	{'place_id': 'bf88b4fa5b342b64'}
2021-03-15T06:35:48.000Z	1371349393597632514	今日の #赤井川村 も、ますますいい天気〜🌞今日から上着や靴を春物に変えて、朝お出かけした人も、きっとたくさんいたと思いますの♡ #あかりん も春が大好きですの♡また桜の木の下で写真を撮りたいですの🌸 https://t.co/YHq2t4fxy6	{'place_id': '329a798d0ccef8bf'}
2021-03-15T06:03:47.000Z	1371341335362367492	今日のすまんな🥚〜 ポムの樹 札幌ステラプレイス店 〜　・ハンバーグのハヤシソース　　オムライス　　　1485円札駅で電車を降りたらついつい足が勝手に🤔Y◯Dさんすまんな〜🤪🤪🤪大好物のオムライス食べちゃってすまんな〜〜🤪🤪🤪#札幌配達員今日のすまんな https://t.co/Q3X0iFz3yy	{'place_id': '0fc34b843114f000'}
2021-03-15T05:25:42.000Z	1371331752782745600	昼下がり、出勤前に寄るいつもの店。渡瀬恒彦さんの十津川警部を見ながら食べるカツ丼は、格別だ(笑)そしてレタスのわかめの味噌汁、レタスの食感が良し(何が良しだ偉そうに)。ああ、美味かった！#ふらっと箸置き #カツ丼 #十津川警部 #渡瀬恒彦 #食堂 #孤独のグルメ https://t.co/gL5FWGLiPo	{'place_id': '07d9eaa40f087002'}
2021-03-15T03:59:44.000Z	1371310119431016457	@karimeroyoko わ〜い♪お出かけお出かけﾙﾝﾙﾝそしてお家に遊びにも来て欲しい！我が家の茶トラ猫の七之助がどんな反応するかなぁ帯の黒ネコちゃんはわからないかぁ（笑）	{'place_id': '2446080129c66346'}
2021-03-15T00:46:12.000Z	1371261413113556994	今日は、HEAVEN AND HELLのTシャツでお出かけ( ´∀｀ )b https://t.co/SAuHw3oWo5	{'place_id': 'e024abbacb11ebca'}
2021-03-16T23:58:24.000Z	1371974158418993152	おはようございます！週の真ん中水曜日を迎えてますボナンザです！「ラム春巻き」が「大根唐揚げ」のトッピングNo.1の座を脅かしつつある今日この頃です😎✨日中は天気も良さそうなので気持ち良くお出かけ出来ますね☺️是非是非ご来店お待ちしてます❗#デリバリー　#テイクアウト　#駐車場 https://t.co/YGbkw6YRYt	{'place_id': '105e7f98c597a002'}
2021-03-16T23:52:08.000Z	1371972584129056769	出勤 (@ もなみクリニック in Sapporo, 北海道) https://t.co/L8ykCKNtLR	{'place_id': 'a357c591f3dabb3e', 'coordinates': {'type': 'Point', 'coordinates': [141.33182354, 42.99263075]}}
2021-03-16T23:20:59.000Z	1371964743498440705	今日は、ADRENALINE MOBのTシャツでお出かけ(*￣∇￣)ノ#今日のバンT#メタルやシャツ https://t.co/dWCFw2o8xt	{'place_id': 'e024abbacb11ebca'}
2021-03-16T20:05:17.000Z	1371915493905330176	作業中呑気に旅行の話を4〜5人固まってソーシャルミツダンス。しかも作業箇所付近でするもんだから邪魔でしょうがない……作業箇所から離れた所で密談せぃ！！飛行機がどうの、ホテルがどうの、品川がどうのとそんなの高圧ケーブル端末処理に関係無いし！	{'place_id': '13fbcf4150ce380c'}
2021-03-16T19:56:16.000Z	1371913224174510080	おはよーぐんまちゃんの出勤日なのでオープンしました☆久々に長めに寝れたー(笑) https://t.co/lfj6tSMDxd	{'place_id': '12b227947c175003'}
2021-03-16T17:15:59.000Z	1371872887984906242	落ち着いたら何したいかなぁ。旅行行きたいなぁ。人に会いたいなぁ。もう少し家族と一緒にいる時間作りたいなぁ。最近夜中呼び出されると、気持ちがグッと落ちてしまう。だから明るいことを考える。歌いたいなぁ。もっと家族のこと考えたいなぁ。	{'place_id': 'fe961fca5190a4d7'}
2021-03-16T13:59:17.000Z	1371823387140526082	@ichigomama8 いちごママさん天馬って札幌以外にもあるってことを今知りました💦カレーパン、美味しかったです‼️いちごママさんも電車でGO！(笑)北海道のじゃがいも🥔は、全然味が違う❗って、本州に住むいとこが言っていたことを思い出します。食の大地、北海道が大好きです🤣	{'place_id': '2446080129c66346'}
2021-03-16T11:45:10.000Z	1371789638038294529	@mocha2012r 車との相性もいいけど、電車は更にいいかも知れない🤔	{'place_id': 'aedee7b3bd878532'}
2021-03-16T09:20:45.000Z	1371753291885973508	隣にスポンと入れたトレーラーの運転手さんに、上手いですねーって声かけて～からの嫁軍曹の任務完了(｀◇´)ゞ帰りの電車で隣に女の子が座るという事は、寄り付きたくもない小汚ないおっさんではないらしい。 https://t.co/B0UKAapNcP	{'place_id': 'e0b7947e3d35d737'}
2021-03-16T07:50:54.000Z	1371730680330162178	夫の能天気発言に朝から大激怒してしまい、自分の怒り具合に大反省。でももうすぐ第二子産まれるってのに旅行とか行ってられる状況じゃないのにあれこれ提案だけされても行けないってば！！てなる。。出掛けられないのが何より産後めっちゃストレスなのに。。。	{'place_id': 'bf88b4fa5b342b64'}
2021-03-16T06:24:00.000Z	1371708810075734016	出勤〜。 (@ Hokkai Gakuen University in 札幌市, 北海道) https://t.co/Y6TIU9YBHh	{'place_id': '2446080129c66346', 'coordinates': {'type': 'Point', 'coordinates': [141.36841368, 43.04633201]}}
2021-03-16T05:51:05.000Z	1371700529697488896	ただいま外出して戻って参りました。トミカの GR ヤリスの箱に入ってるタイプは持ってたんですがブリスターパックは持ってなかったので気になる車でしたし思わず買ってしまいました。 https://t.co/CDSxql9F3R	{'place_id': 'a357c591f3dabb3e'}
2021-03-16T05:37:04.000Z	1371697000647823360	ウマ娘福引きイベントで温泉旅行券当たりません(笑)みんなよく当たるなぁ	{'place_id': '13fbcf4150ce380c'}
2021-03-16T05:07:04.000Z	1371689450837708802	@LIPSSuzu 最近毎日出勤だから無理しないで体調気をつけてね!!!おだいじにね!!!	{'place_id': '13fbcf4150ce380c'}
2021-03-16T04:33:09.000Z	1371680914405687296	ショップ名：パセオ セイコーマート（2021年3月15日判明）最終出勤日：3月12日（金）・従業員が勤務するショップと後方施設について消毒対応を致します。・勤務中はマスクを着用し、アルコール消毒などの感染防止策を実施しておりました	{'place_id': '76de02149cf1f468'}
2021-03-16T04:31:19.000Z	1371680453430677504	ショップ名：札幌ステラプレイス　ビショップ（2021年3月13日判明）最終出勤日：3月10日（水）・従業員が勤務するショップと後方施設について消毒対応を致します。・勤務中はマスクを着用し、アルコール消毒などの感染防止策を実施しておりました	{'place_id': '76de02149cf1f468'}
2021-03-16T04:20:47.000Z	1371677803490336768	@akihiroyako ですよね笑昼の12時に入って、深夜12時前に片付け終わった！帰れる！となった時に今日早くない？わーい！飲みに行こっかな！ってなってるのやはり異常ですね。	{'place_id': '13fbcf4150ce380c'}
2021-03-16T02:25:56.000Z	1371648900642308097	自撮り撮影_φ(･_･ すっかり気温が上がってきた札幌。髪を切り昨日届いたアンダーアーマーのフットサルウェアトップスでお出かけ😁#自撮り撮影 #アンダーアーマーコーデ #アンダーアーマーマスク #気分転換 #髪切りました #qbハウスで千円カットしました☺️ 場所: 札幌駅 https://t.co/TfjVXWC47F	{'place_id': '13fbcf4150ce380c', 'coordinates': {'type': 'Point', 'coordinates': [141.35083333, 43.06861111]}}
2021-03-16T01:18:25.000Z	1371631910129037312	札幌市時計台10人くらい、一気に増えたチケット持ってる若い人だから、卒業旅行かな。クラーク博士、ナイスミドルですね。今日のミドルの日https://t.co/qr8OtD3TKo https://t.co/36a45nuBME	{'place_id': '0fc3a3f08094f002'}
2021-03-16T00:26:35.000Z	1371618864774144004	出勤 (@ もなみクリニック in Sapporo, 北海道) https://t.co/8CTXbfptaE	{'place_id': 'a357c591f3dabb3e', 'coordinates': {'type': 'Point', 'coordinates': [141.33182354, 42.99263075]}}
2021-03-17T23:56:23.000Z	1372336039935635463	お店到着ー！マスクはずしたら、マスクまだついてる！2枚もしてたー！恥ずかしいです！　今日は9時から20時までアカスリのお店に出勤です。 https://t.co/IcDNGASHNh	{'place_id': '13fbcf4150ce380c'}
2021-03-17T22:52:25.000Z	1372319943518121984	今日は出勤遅い時間の日なので、煮干でダシをとって味噌汁と昨日の晩酌のツマミのマグロの漬けを納豆と一緒に丼しました！昔の上司が海鮮丼屋さんで、マグロに納豆やめかぶ、刻んだたくあんに温玉がのってる、ばくだんってメニューよく頼んでたな😅あれって東京だけなのかな🤔 https://t.co/ovkzGMHyXO	{'place_id': '76de02149cf1f468'}
2021-03-17T16:22:03.000Z	1372221705888821253	ラスト枠♡ビジネスホテルでお誘いくれた新規様🥺💓ありがとうございました(*^^*)最初はお互い堅かったけど、最後には仲良くなれて嬉しかったな😉札幌での出勤も残り僅かになってきたけど、あと少しよろしくお願いします😌💛#ニューハーフ#札幌#出稼ぎ#デリヘル https://t.co/N5Qh6StpeZ	{'place_id': '424650fd9f1031ec'}
2021-03-17T16:13:02.000Z	1372219433620447237	水曜どうでしょう、なまらウケる。笑っちゃうわ！^ ^明日も朝から出勤だけど、晩酌中	{'place_id': 'e024abbacb11ebca'}
2021-03-17T13:04:25.000Z	1372171966765932546	@x_koike ありがとうございます！家族で楽しみにしていた春休みの旅行に間に合いそうなのが何よりも嬉しくて感謝してます。色々問題はありますが、決断と行動の早いテスラには、今後のサービス向上に期待をしています。	{'place_id': '2446080129c66346'}
2021-03-17T12:15:16.000Z	1372159600816877571	@piyopiyo05 同じく...出勤中のJRで突然、おにぎり(たくあん付き)を食べだしたおじさんが...臭い‼️😭😭😭	{'place_id': '13fbcf4150ce380c'}
2021-03-17T11:35:13.000Z	1372149520880963584	深田えいみのyoutube観てました。只今出勤してます！ちなみに、この後、予約等ないので、すぐに入れます！電話してから来てくれた方が準備できますが急に来店も嬉しいよ。	{'place_id': '0fc2e155a015b000'}
2021-03-17T11:14:14.000Z	1372144240923275264	この子のツイート見て食べたくなったから、夜出勤の時今日お子様ランチ？作ろうと決めた‼️ハンバーグ、エビフライ、クリームコロッケ、オムライス、だな🤔新作のクリームソーダもつけなきゃ😏@sukautomako3 待ってますよ。#飯テロ #すすきの #お子様ランチ #大人様ディナー #青空クリームソーダ https://t.co/6A7BD5QhJB https://t.co/UIOcvrgrle	{'place_id': '13fbcf4150ce380c'}
2021-03-17T11:07:09.000Z	1372142456830107649	#あにりみっ　クライナー飲みに来ました (@ CLUB ANiMA in Sapporo, 北海道) https://t.co/2OPGyIh1oS	{'coordinates': {'type': 'Point', 'coordinates': [141.356206, 43.054829]}, 'place_id': '13fbcf4150ce380c'}
2021-03-17T06:24:00.000Z	1372071200814288897	しれっと1時に出勤してみようかな。※店長は終電のため24時前には帰りたい。	{'place_id': '13fbcf4150ce380c'}
2021-03-17T06:23:15.000Z	1372071011684786178	基本シフト21時〜5時。早番シフト10時〜14時。〜早番変わった日〜店長『23時出勤で良いよ』4時間の労働で2時間の遅出勤が許可される。？？？？？？？🤔#愚痴が止まらねぇ	{'place_id': '13fbcf4150ce380c'}
2021-03-17T06:03:19.000Z	1372065995821522944	春のお出かけに。サッと羽織れる一枚がほしいですね。・RA71108size:M-3L price:¥16,500(税込) https://t.co/GOUPxq2sms	{'place_id': '0fc34522ffd4d000'}
2021-03-17T05:33:46.000Z	1372058557600968704	出勤。諸々。 (@ Hokkai Gakuen University in 札幌市, 北海道) https://t.co/bLLkmg5Ihz	{'coordinates': {'type': 'Point', 'coordinates': [141.36841368, 43.04633201]}, 'place_id': '2446080129c66346'}
2021-03-17T04:58:14.000Z	1372049616284262400	懐かしい曲を中心に、塩谷丸山登山のお話、室蘭旅行のお話など、ゆったりトークもお楽しみください。室蘭焼き鳥たべたい🍺#のすたるじあ#雨夜の月#fmotaru https://t.co/Yh0BSititr	{'place_id': 'bf88b4fa5b342b64'}
2021-03-17T04:19:34.000Z	1372039886111305730	三島まで新幹線乗ってから電車とバス乗り継ぐなら新千歳に飛ぶのも値段変わらんでしょｗ	{'place_id': 'aedee7b3bd878532'}
2021-03-17T04:15:18.000Z	1372038809391493124	朝5時まで営業して10時から出勤て逆にキツい寝なきゃ良かった	{'place_id': '13fbcf4150ce380c'}
2021-03-17T02:28:14.000Z	1372011865639854081	今日は仕事半休にしてお出かけ🚙昼食は清田区のラーメン虎にて。注文は『琥珀』クリーミーな魚介スープの塩味。当初は別のお店の予定だったのだが定休日で、こちらに２度目の来店。前回来た時も琥珀だったのだが、印象的な味だったので再度注文。うん。他にない塩味😋#ラーメン虎 https://t.co/MZTfmYKJYP	{'place_id': '07d9ccf1a3083000'}
2021-03-17T01:20:38.000Z	1371994856847896578	雪ミク電車もあと1週間で今季は見納めですね。#札幌 #雪ミク #雪ミク電車 #路面電車 #札幌市電 #札幌路面電車 https://t.co/IS9fZ87F8M	{'place_id': '0fc2d89737d47000'}
2021-03-18T23:51:07.000Z	1372697103923822595	出勤 (@ もなみクリニック in Sapporo, 北海道) https://t.co/1tBUsWJaeE	{'place_id': 'a357c591f3dabb3e', 'coordinates': {'type': 'Point', 'coordinates': [141.33182354, 42.99263075]}}
2021-03-18T22:55:18.000Z	1372683054360109058	@yuzushiotanmen わたしはこれから朝ラー部に出勤	{'place_id': '13fbcf4150ce380c'}
2021-03-18T22:37:16.000Z	1372678519470297089	ムムゥお出かけしようと思ってたのに〜#雪 #お出かけ 場所: Minami-ku, Sapporo https://t.co/esvBsGLAXM	{'place_id': 'a357c591f3dabb3e', 'coordinates': {'type': 'Point', 'coordinates': [141.35333333, 42.99]}}
2021-03-18T22:14:29.000Z	1372672782614499330	皆様体温め免疫上げて、今日も出勤。	{'place_id': 'a357c591f3dabb3e'}
2021-03-18T15:20:08.000Z	1372568511650750465	ミニギターを弾きたくなってカラオケに来て弾いてる。 https://t.co/eEzekQ0wMG	{'place_id': '13fbcf4150ce380c'}
2021-03-18T14:45:37.000Z	1372559824626413570	この会社に入りたい！！！！！！！どの仕事、どの会社もこの休暇があればみんな頑張れる！！！私は推しが結婚したら家で考えたくないから出勤します！！！&gt;&gt;RT	{'place_id': 'aedee7b3bd878532'}
2021-03-18T13:40:17.000Z	1372543381985845249	ショップ名：札幌ステラプレイス 三省堂書店　（2021年3月18日判明）最終出勤日：3月16日（火）・従業員が勤務するショップと後方施設について消毒対応を致しました。・勤務中はマスクを着用し、アルコール消毒などの感染防止策を実施しておりました	{'place_id': '76de02149cf1f468'}
2021-03-18T13:37:28.000Z	1372542671600771073	ショップ名：エスタ　ヴィレッジヴァンガード（2021年3月17日判明）最終出勤日：3月14日（日）・従業員が勤務するショップと後方施設について消毒対応実施済み。・勤務中はマスクを着用し、アルコール消毒などの感染防止策を実施しておりました	{'place_id': '76de02149cf1f468'}
2021-03-18T13:36:54.000Z	1372542530844123137	ショップ名：エスタ　ユニクロ（2021年3月16日判明）最終出勤日：3月13日（土）・従業員が勤務するショップと後方施設について消毒対応実施済み。・勤務中はマスクを着用し、アルコール消毒などの感染防止策を実施しておりました	{'place_id': '76de02149cf1f468'}
2021-03-18T13:36:10.000Z	1372542347083354116	ショップ名：エスタ　はなまるうどん（2021年3月18日判明）最終出勤日：3月15日（月）・従業員が勤務するショップと後方施設について消毒対応を致しました。・勤務中はマスクを着用し、アルコール消毒などの感染防止策を実施しておりました	{'place_id': '76de02149cf1f468'}
2021-03-18T13:35:43.000Z	1372542233560240128	ショップ名：エスタ　ケンタッキーフライドチキン（2021年3月18日判明）最終出勤日：3月14日（日）・従業員が勤務するショップと後方施設について消毒対応を致しました。・勤務中はマスクを着用し、アルコール消毒などの感染防止策を実施しておりました	{'place_id': '76de02149cf1f468'}
2021-03-18T10:31:25.000Z	1372495851747090440	#北海道 #旅行 #ホテル 北海道にきたら是非泊まってほしいところベスト3( ´∀｀)第一位 センチュリーマリーナ函館第二位 知床北こぶしリゾート第三位 定山渓 ふる川どれもおすすめです🎵	{'place_id': '13fbcf4150ce380c'}
2021-03-18T09:07:13.000Z	1372474663423541248	21時～26時まで出勤決まりました💕💕ご連絡お待ちしております🦋 https://t.co/MTaGBJAzG2	{'place_id': '2446080129c66346'}
2021-03-18T09:03:54.000Z	1372473827649847298	今回のお出かけ目的地に到着 (@ LIVEHOUSE SPIRITUAL LOUNGE in 札幌市, 北海道) https://t.co/Rh4pPQ3umr https://t.co/46HFEDxaT6	{'place_id': '13fbcf4150ce380c', 'coordinates': {'type': 'Point', 'coordinates': [141.351459, 43.057416]}}
2021-03-18T08:35:25.000Z	1372466659047268352	事実上の外出禁止やんけ。飲食店がだめでコンビニのフードコーナーは？。公園で飲み食いしてる人は？キャンプの場合は？本当にダメになってきたなwもっとあたま使えw	{'place_id': '2446080129c66346'}
2021-03-18T06:26:04.000Z	1372434108719235074	.21.03.14-159ねんかんの交際期間ではじめての旅行でした🥺インスタをあげるまでが旅行です。..#らばー#9年 場所: 翠蝶館 - suichokan https://t.co/mgH8PG1pQt	{'place_id': 'a357c591f3dabb3e', 'coordinates': {'type': 'Point', 'coordinates': [141.16485391, 42.96799157]}}
2021-03-18T05:57:14.000Z	1372426852002791429	明日お出かけどーかな。	{'place_id': 'a357c591f3dabb3e'}
2021-03-18T04:28:20.000Z	1372404478880722945	出勤しました。 (@ Hokkai Gakuen University in 札幌市, 北海道) https://t.co/KNv5ASTC4O	{'place_id': '2446080129c66346', 'coordinates': {'type': 'Point', 'coordinates': [141.36841368, 43.04633201]}}
2021-03-19T23:21:37.000Z	1373052067435089925	おはよ。今日も目が覚めた👀祝日は出勤日。一人きりの繁忙期💦	{'place_id': '2446080129c66346'}
2021-03-19T22:55:30.000Z	1373045496407760896	@Pv58CnOHoDxlIuU 高まりますね！！開幕戦は車だったのでゲラゲラ笑いながら移動してましたが今日は飲酒予定のため電車なので部活ネタで笑わないよう気をつけてます(笑)	{'place_id': 'e2688603fdb7a587'}
2021-03-19T22:39:18.000Z	1373041417052823552	コンサポの朝は早い。移動の電車内でGOGOコンサドーレを聞く幸せ。 https://t.co/bP8Zj1y4Sc	{'place_id': '07d9d241a3088000'}
2021-03-19T22:19:55.000Z	1373036538402013184	@monbetsuji 昨日の放送外出中で見られなかったので詳細わからないのですが、NHKさんの昔の札幌をVRで復活！というのは東京VR？をやられた実績ある会社さんと製作したみたいですーそして今日明日オープニングイベント？あるらしいのですがそちらも応募期間が終わったあとに情報しりました💦　教えてー🤣	{'place_id': '13fbcf4150ce380c'}
2021-03-19T21:10:20.000Z	1373019026499112961	久しぶりの地下鉄出勤よん	{'place_id': '13fbcf4150ce380c'}
2021-03-19T20:46:38.000Z	1373013065461993472	出勤徒歩🚶‍♀️なう。先週のこの時間に比べたらはるかに明るくなった〜🌞本日もイチモニ！ご覧ください😸 https://t.co/PAp9hVlT2B	{'place_id': 'e024abbacb11ebca'}
2021-03-19T19:35:54.000Z	1372995262554075144	@sunrise_GM 札幌に社員旅行プラス研修で来てください〜🤗	{'place_id': '13fbcf4150ce380c'}
2021-03-19T14:11:13.000Z	1372913555666731011	今日がラスト出勤だった	{'place_id': '424650fd9f1031ec'}
2021-03-19T12:50:32.000Z	1372893247962374146	アジト出勤しました！今日もアルコール消毒・室内換気を徹底して営業してます✨また、系列店GUILDにてしげさんバースデーやってますので是非おめでとうと伝えてあげて頂けると幸いです！呼んでくれればいくかも？？ https://t.co/gF97vxqla0	{'place_id': '13fbcf4150ce380c'}
2021-03-19T11:24:37.000Z	1372871629517156355	@hirotadanaga 大分変わっとるでしょうね、コロナのせいで去年はバイクや自転車の旅行者見ませんでしたねぇ…。もうじき落ち着くじゃろうし、是非。	{'place_id': '424650fd9f1031ec'}
2021-03-19T10:37:52.000Z	1372859864548995072	@nagoya1976 買い物も旅行も出来るし❣️	{'place_id': 'aedee7b3bd878532'}
2021-03-19T09:53:15.000Z	1372848634396483587	期間限定出勤も今日入れて３日間(°_°)早いなぁ🥲🥲🥲後少しの札幌楽しみます😘明日、事前予約入れてくれた新規様ありがとう♡ https://t.co/iOWWF58NgI	{'place_id': '424650fd9f1031ec'}
2021-03-19T08:07:47.000Z	1372822094950539266	朝に雪降ってたから、コートとスヌードつけて出勤したら暑かった😂早く春靴で出勤したいw	{'place_id': '13fbcf4150ce380c'}
2021-03-19T06:06:19.000Z	1372791524556042241	揃ったー！3人初の旅行！ https://t.co/X9qWcpgKFt	{'place_id': '13fbcf4150ce380c'}
2021-03-19T06:02:55.000Z	1372790669018734593	朝、出勤の時😱雪ジャマイカ🙇 https://t.co/ncefSiHT7G	{'place_id': '2446080129c66346'}
2021-03-19T05:33:53.000Z	1372783362063040514	雪ミク電車とエンカウント https://t.co/7V8Vgn33wH	{'place_id': '13fbcf4150ce380c'}
2021-03-19T03:22:19.000Z	1372750253380673536	@RUI_BBA ほんとね…😢自由に飲みに行ってカラオケで馬鹿騒ぎしたいですね😭	{'place_id': '2446080129c66346'}
2021-03-19T03:19:43.000Z	1372749597911654401	最近ミスばかりで😇美味しいお蕎麦食べたら出勤します。#札幌ランチ#蕎麦好き#天ぷら https://t.co/abq1rCU6Lx	{'place_id': '07d9d597f2c88001'}
2021-03-19T03:06:14.000Z	1372746207366311937	毎朝出勤の時の当たり前の光景そのonちゃんがまもなく見られなくなる事を知り寂しいです…#onちゃん #南平岸 https://t.co/8LIVnWnDvZ	{'place_id': '0fc2e70677946001'}
2021-03-19T03:01:13.000Z	1372744945094684677	昨日の出勤が遅くて、夜遅くまで寝てたせいか眠れなくなった来週月曜からまた昼間の勤務に戻るから調整していかないといかんのだがなぁ	{'place_id': '76de02149cf1f468'}
2021-03-20T23:48:08.000Z	1373421127796551683	今日の休日出勤ランチはコレお顔を拝見するとつい買ってしまうwお会いしたのは小樽だったかな～ https://t.co/bBZKNXBDLt	{'place_id': 'aedee7b3bd878532'}
2021-03-20T21:08:55.000Z	1373381057924325376	あっと、おはようございます。小雪の札幌から三重まで出勤です(笑)ホテル、旧道庁舎に結構近かったんだぁ https://t.co/XCYGg4C4gv	{'place_id': '13fbcf4150ce380c'}
2021-03-20T21:04:54.000Z	1373380050830061569	ホテルチェックアウト。出勤開始！ https://t.co/vf7rAkScbN	{'place_id': '13fbcf4150ce380c'}
2021-03-20T18:23:33.000Z	1373339442891554817	今だに深夜は仕事終わりのホステスさんから飲みに誘われるの嬉しいし有難いけど、そろそろ自分が昼職してるの覚えて欲しい	{'place_id': '424650fd9f1031ec'}
2021-03-20T15:02:30.000Z	1373288847652483073	@Suicabar_kun パイタッチしたかったんだよなぁ。道端だったら2人でどっか飲みに行ったかもしれないw	{'place_id': '13fbcf4150ce380c'}
2021-03-20T14:01:30.000Z	1373273498219515913	の飲みにいぎたいよぉお	{'place_id': '424650fd9f1031ec'}
2021-03-20T13:26:25.000Z	1373264667909365767	@miakasi22 昨年は丁度、不要不急の外出は控えて下さい期間でしたよね😓満開の桜🌸ちょこっとしか見てない気がします💦日程決まりましたら、教えて下さいね💕シフトの休み申請出します✌️😆✨	{'place_id': '13fbcf4150ce380c'}
2021-03-20T13:05:00.000Z	1373259278815928323	@NoNameRider31 ピザ3時以降だかで食べれませんでした🤣今度バイクでコーヒー飲みに行ってみたいと思います！	{'place_id': 'c3821cfe8f16bdb6'}
2021-03-20T12:51:59.000Z	1373256000908627970	@molizoo_ 全然飲みに出てないの。家で1人で飲んでばっかり🥺	{'place_id': '424650fd9f1031ec'}
2021-03-20T11:22:19.000Z	1373233435469254660	出勤しましたー‼️暇してる方いませんか？？初回無料なので遊びに来てください✨#ホスト#すすきの#初回#お酒#少しでもいいなと思ったらいいね#いいねした人全員フォロー https://t.co/uuRbkO8TVs	{'place_id': '13fbcf4150ce380c'}
2021-03-20T10:42:01.000Z	1373223296859217920	たくさんのお祝いほんっっとーにありがとうございました！！！ぶじ、我らがアレクさんは、意識がお亡くなりになりました！！笑👼✨✨本日の出勤は、平岸しょうたろ、　　すんごいアレクサン(意識が戻り次第　)24条もっとすんごいレンサンだよー！！#ジャンク　#junkjack #札幌Twitter会 https://t.co/Gv8SmrVRb4	{'place_id': '424650fd9f1031ec'}
2021-03-20T10:19:32.000Z	1373217637681876994	外出先での地震情報に❣️ https://t.co/nms9NRyf09	{'place_id': 'fe961fca5190a4d7'}
2021-03-20T10:19:09.000Z	1373217542165073922	あー旅行してえ。大阪・京都・兵庫に行きたい。	{'place_id': '13fbcf4150ce380c'}
2021-03-20T09:19:06.000Z	1373202427638206473	飲みにきました🍺　変なエリアに迷い込んだ😅 https://t.co/qifrawg1pr	{'place_id': '07d9eb1d05885001'}
2021-03-20T08:14:48.000Z	1373186245891821569	今から参加します❗️さっきまで子供と雪ミク電車乗りに行ってきました。#バンラジ #banbanradio https://t.co/QSbBxP0A0i	{'place_id': 'fe961fca5190a4d7'}
2021-03-20T07:47:29.000Z	1373179370475462660	旅行はしっかり計画を立てた方が無駄なく楽しめるのと同じように、お仕事も効率良く頑張った方が収入に繋がると思います(^^♪✨「女の子のためにやっていること」ベスト③を教えてください！✨毎月20日は・・・(∩´∀｀)∩✨アナタに合った稼ぎ方をご提案☆https://t.co/IUOJ8u6D8f https://t.co/WIcYKeeTKs	{'place_id': '424650fd9f1031ec'}
2021-03-20T07:04:47.000Z	1373168627029929989	今日は札幌ドームまでビールを飲みにきたということにしよう#consadole https://t.co/LbnN4gBoo0	{'place_id': '13fbcf4150ce380c'}
2021-03-20T06:18:04.000Z	1373156868860702721	帰りに某珈琲屋さんに寄ったんだけど、めっちゃ混んでて時間がかかると。どのくらい待つ？と聞いても具体的な数字が提示されず…諦めて帰ってきた。もう飲みに行く機会は無いだろうな～残念。	{'place_id': 'e024abbacb11ebca'}
2021-03-20T05:47:33.000Z	1373149192097390593	鉄ではないが電車を見るとワクワクしてしまう。 https://t.co/VOy3pbWVqa	{'place_id': 'e0b7947e3d35d737'}
2021-03-20T05:04:07.000Z	1373138258591248387	落合博満さんや、ダルビッシュ.有さんは、TV画面上は生意気そうに映りますが、礼儀正しい、素敵な方ですよ。よく飲みに行きましたよ。	{'place_id': 'fe961fca5190a4d7'}
2021-03-20T03:50:46.000Z	1373119800981917696	ここしばらくは休日出勤。	{'place_id': 'aedee7b3bd878532'}
2021-03-20T03:10:37.000Z	1373109698065358853	@LULUneko7 @sata37 ちょっと残念だった記憶しか無い〰😅😅カードラウンジ無し😭喫茶店でドリンク1杯のみ😅😅空港迄は新幹線降りて電車乗り継いだ記憶🤔🤔🤔メンドーで次から新大阪駅迄新幹線にしましたよ🤭🤭	{'place_id': 'aedee7b3bd878532'}
2021-03-20T03:06:26.000Z	1373108641927073792	雪ミク電車リストリー展だって！#雪ミク https://t.co/iEKLpM5wTO	{'place_id': 'bf88b4fa5b342b64'}
2021-03-20T02:48:15.000Z	1373104067963097096	雪ミク電車も見納めですかね。#札幌 #雪ミク電車 #札幌路面電車 #札幌市電 https://t.co/jspFaxSs0Q	{'place_id': '0fc29a10d5946001'}
2021-03-20T02:17:27.000Z	1373096315115081731	外出て見たけど寒いっちゃ寒いけど厳寒期の沼津から風抜いたくらいやな	{'place_id': 'aedee7b3bd878532'}
2021-03-20T01:47:02.000Z	1373088660317380608	さて出勤するか https://t.co/jGPQ8v5jPW	{'place_id': 'e0b7947e3d35d737'}
2021-03-20T01:38:36.000Z	1373086541770223623	羊蹄山。まだ雪が残ってますね。#旅行#中山峠#羊蹄山#ドライブ https://t.co/e4nQ3oGunl	{'place_id': '07d9d25d16c82004'}
2021-03-20T00:58:33.000Z	1373076459015659524	#ベッセルホテルカンパーナすすきの沖縄につづいて2軒目のベッセルホテル😊ホテルの前には路線電車が通ってたよ🚃ロビーはお洒落だった😆 https://t.co/VKUf0NA9GV	{'place_id': '106911a039155000'}
2021-03-20T00:43:41.000Z	1373072720104198152	出勤 (@ もなみクリニック in Sapporo, 北海道) https://t.co/mTJUiWbyIg	{'place_id': 'a357c591f3dabb3e', 'coordinates': {'type': 'Point', 'coordinates': [141.33182354, 42.99263075]}}
2021-03-20T00:32:12.000Z	1373069828928327681	出勤前に当別で髪をカット、その前に朝食を。#当別町産たまごのオムライス#白い#美味しい#1日3食限定#少なくなっても生えては伸びる髪の毛 https://t.co/8ZXZzpNle0	{'place_id': '0f96368e4c945000'}
