1431986725555896325	[CLS]＃[UNK]＃[UNK]＃[UNK]＃散歩＃旅行＃ハイキング＃兵庫県＃公園＃有馬富士公園＃有馬富士＃[UNK]＃[UNK]＃[UNK]＃[UNK]＃[UNK]＃[UNK]＃[UNK]＃[UNK]＠有馬富士公園[UNK]：／／ｔ．ｃｏ／[UNK][UNK][UNK]	0
1432129223473381378	[CLS]今日の[UNK]は巨大笑うセールスマン[UNK]系。[UNK][UNK]象[UNK]場所：[UNK]駅[UNK]：／／ｔ．ｃｏ／[UNK][UNK]ｔ	0
1432124731801489414	[CLS]おはよう[UNK][UNK]人の少ない電車。。。タイミングによるけどね[UNK]悩みは解決してないけど考えてもキリがない[UNK]って何年[UNK]んや[UNK][UNK]お気に入りの靴[UNK][UNK]か〜[UNK][UNK][UNK][UNK]、今日も[UNK]です[UNK][UNK]：／／ｔ．ｃｏ／[UNK][UNK][UNK]	0
1432124678919925762	[CLS][UNK]日ぶりの出勤日（・ω・）ノ（＠ちょっとお堅めの職場[UNK][UNK]ｉｎ神戸市中央区，兵庫県）[UNK]：／／ｔ．ｃｏ／[UNK][UNK][UNK]：／／ｔ．ｃｏ／[UNK][UNK][UNK][UNK][UNK]Ｄ[UNK]	0
1432123594058829824	[CLS]おはよう[UNK][UNK][UNK][UNK][UNK]、発見[UNK][UNK]京阪電車[UNK]車両、[UNK]年式[UNK][UNK]わた[UNK]、今日は、[UNK]マスクなり[UNK][UNK][UNK]：／／ｔ．ｃｏ／[UNK][UNK]	0
1432122216871829516	[CLS]出勤[UNK]（＠自宅（新居）ｉｎ京都市，京都府）[UNK]：／／ｔ．ｃｏ／ｃ[UNK][UNK][UNK][UNK][UNK][UNK]	0
1432116980409004033	[CLS]おはよう[UNK]。今日は少し家を出るのが遅くなりました。電車が[UNK]本遅い。（笑）	2
1432115551531274240	[CLS][UNK]も無事に出勤前の上の天神[UNK]神社[UNK]さまへ参拝[UNK][UNK]中共武漢コロナ[UNK]疫病[UNK][UNK][UNK]祈願[UNK]を[UNK][UNK][UNK]は[UNK]日が[UNK]と[UNK][UNK]ます[UNK]名古屋の[UNK]仲間のアンちゃん[UNK][UNK]今一度行きたいって…[UNK]急に言われても…[UNK]次は[UNK][UNK][UNK][UNK][UNK][UNK][UNK]：／／ｔ．ｃｏ／[UNK][UNK][UNK]	0
1432115334975164423	[CLS][UNK]し。。。し。。しシステム。。。オ。。オールレッド。。。夜の星出勤	2
1432114881877082115	[CLS]ダルさはあるけど熱は下がったので出勤月末[UNK]は特に[UNK][UNK]	1
1432114147353776128	[CLS]電車ん中に[UNK]ラジオ持って、聞いてるやつおるねんけど端っこにおる自分まで聞こえる[UNK]	2
1432113082826825731	[CLS]＠[UNK]本当に[UNK][UNK]間違いではないのですが…叔父も[UNK]前でしたから…でも[UNK]そう言われても[UNK]ですよね[UNK]旅行にも行きましたし何故か叔父の同窓会に[UNK]参加で歌わせて[UNK]ました[UNK][UNK]です…	0
1432108893652467712	[CLS]月曜日、[UNK]生地のネクタイで出勤。＃ネクタイ＃月曜日＃スーツ＃[UNK]：／／ｔ．ｃｏ／[UNK]	0
1432107481040252931	[CLS]作業着で電車乗るのと[UNK]で乗るのとで[UNK]くる人の年代の違いすご	2
1432106151726891015	[CLS]友人とコンサートに行った帰りに超美味プリンがあるのと教えてもらって買ったプリンの容器がエッグスタンドになりました。ＮＨＫで“アンと言う名の少女”前半[UNK]見し[UNK]分[UNK]を[UNK][UNK]：／／ｔ．ｃｏ／[UNK][UNK]ｕ	0
1432106150686695424	[CLS][UNK]もジムに行ってから出勤。今日のインストラクター「鬼」でした[UNK][UNK]で[UNK]筋肉痛…おはよう[UNK][UNK][UNK]：／／ｔ．ｃｏ／[UNK][UNK]	0
1432104924557414404	[CLS]＠[UNK][UNK]外出先で、エア－演奏お願いします[UNK][UNK][UNK]あと無いのがＴバッ○だけだ[UNK][UNK]	0
1432102822334533633	[CLS]おはよう[UNK]今日は湿度高いか？暑い[UNK]そして今日からまた[UNK]に[UNK]で出勤[UNK]ではまた[UNK]：／／ｔ．ｃｏ／[UNK][UNK][UNK][UNK]	1
1432101008625262595	[CLS]おはよう！＃[UNK]今日は出勤だよ！[UNK]も楽しく[UNK]ぜ[UNK]今日も一日ご安全に[UNK][UNK]（[UNK][UNK][UNK]）[UNK]イヤー＃尼崎市＃[UNK]敬司＃[UNK]＿ｔｏ＿[UNK]場所：[UNK]駅[UNK]：／／ｔ．ｃｏ／[UNK][UNK][UNK][UNK]ｖ	0
1432089652698226694	[CLS]大阪から当日出勤チャレンジ[UNK][UNK]（＠新大阪駅ｉｎ大阪市，大阪府）[UNK]：／／ｔ．ｃｏ／[UNK][UNK][UNK]	2
1432087556439429124	[CLS]さ[UNK]、[UNK]出勤ダッ！[UNK]：／／ｔ．ｃｏ／[UNK][UNK][UNK]	0
1432079355946024964	[CLS]神戸[UNK]からおはよう[UNK]。[UNK]日目…といっても、今日は東京に戻って[UNK]出勤するだけですｗでは、まずはこちらの乗り物から。＃ホキ鉄北陸関西遠征[UNK]夏[UNK]：／／ｔ．ｃｏ／[UNK][UNK][UNK][UNK]	2
1432070256734789632	[CLS]おはよう[UNK][UNK][UNK][UNK][UNK]過ぎる[UNK]です[UNK]また[UNK]日間仕事[UNK]かな？[UNK]、バイクで出勤しますかな[UNK][UNK]も[UNK]お願いします。	0
1432029552327356417	[CLS]今後は、そうなるのかなオンラインで十分。出張の[UNK]割、オフィスへの出勤も[UNK]割が！消滅。という予想だ[UNK]。[UNK]夜職デリは送迎とか以外、ほぼ自宅等からオンラインで、受付・予約、ＨＰの作成・更新管理、動画やチャット・スタッフコメ、広告サイトの作成更新管理は[UNK]います。[UNK]：／／ｔ．ｃｏ／[UNK]ｖ[UNK][UNK]	1
1432025784034619396	[CLS]初見の育成で温泉旅行引いてきて育成でもＡ評価。ファル子育てやすい[UNK]：／／ｔ．ｃｏ／Ｈ[UNK][UNK][UNK]Ｉ	0
1432023856240201729	[CLS]外出自粛して自宅で[UNK][UNK]明日のランチが[UNK][UNK][UNK]こられた和の[UNK]、プレゼントありがとう[UNK][UNK][UNK]：／／ｔ．ｃｏ／[UNK]ｏ[UNK][UNK]	0
1432011685984829445	[CLS]昼一くらいからはじめて[UNK]かけて組み立てと全体の[UNK][UNK]を終わらせました。明日、出勤前に白[UNK]吹きたいです[UNK]＃[UNK][UNK]：／／ｔ．ｃｏ／[UNK][UNK][UNK][UNK]	2
1432001369360138246	[CLS]変わったバージョンの電車だから[UNK]良かった。	1
1431998595486519309	[CLS][UNK]で何があったの？[UNK]大阪[UNK]早々ですが、電車[UNK]の為って新大阪で[UNK]分位電車止まってて動かない。。すぐ電車来るから我慢したのに、[UNK][UNK][UNK]よかった…[UNK]：／／ｔ．ｃｏ／[UNK][UNK]Ｂ[UNK]Ｅ	2
1431992112996777990	[CLS]＠[UNK]＿[UNK]＿アリ[UNK]と飲みに行きたい[UNK]	0
1431992042834456577	[CLS][UNK]週間前にもやった、ＥＴＣ深夜割引待ち（[UNK]時になって高速を[UNK]適用される）このご[UNK]なので文句は言いづらいけど、土日に出かける人達全てが不要不[UNK]外出とは限らないし、土日割引適用除外の延長は[UNK]して欲しい[UNK][UNK]：／／ｔ．ｃｏ／[UNK]ｏ[UNK][UNK]	2
1431991280221913091	[CLS]新婚旅行でＤＣ[UNK]でヨーロッパに行ったのを[UNK][UNK]。当時は[UNK]経由で[UNK]時間かけてアムステルダム着の長いフライトだったか。[UNK]：／／ｔ．ｃｏ／[UNK][UNK][UNK]	1
1431900260532510725	[CLS]＠[UNK]展示されている地図の中に、天文科学館の南東側で山陽電車の[UNK]駅の近くに☆（[UNK][UNK]）がありましたが、これは[UNK][UNK]が星で緯度を[UNK]場所かな？	1
1431985641152258050	[CLS]＃[UNK]＃[UNK]＃[UNK]＃散歩＃旅行＃ハイキング＃兵庫県＃公園＃有馬富士公園＃有馬富士＃[UNK]＃[UNK]＃[UNK]＃[UNK]＃[UNK]＃[UNK]＃[UNK]＠有馬富士公園[UNK]：／／ｔ．ｃｏ／[UNK][UNK][UNK]	0
1431984967882584065	[CLS]＃散歩＃旅行＃ハイキング＃兵庫県＃公園＃有馬富士公園＃有馬富士＃[UNK]＃[UNK]＃[UNK]＃[UNK]＃[UNK]＃[UNK]＃[UNK]＠有馬富士公園[UNK]：／／ｔ．ｃｏ／[UNK][UNK][UNK]	0
1431984270394920963	[CLS]＃[UNK]＃散歩＃旅行＃ハイキング＃兵庫県＃公園＃有馬富士公園＃有馬富士＃[UNK]＃[UNK]＃[UNK]＃[UNK]＃[UNK]＃[UNK]＃[UNK]＠有馬富士公園[UNK]：／／ｔ．ｃｏ／[UNK][UNK][UNK][UNK][UNK]	0
1431984045697667074	[CLS]＃[UNK]＃散歩＃旅行＃ハイキング＃兵庫県＃公園＃有馬富士公園＃有馬富士＃[UNK]＃[UNK]＃[UNK]＃[UNK]＃[UNK]＃[UNK]＃[UNK]＠有馬富士公園[UNK]：／／ｔ．ｃｏ／[UNK][UNK]ｈ[UNK][UNK]	0
1431983536995807232	[CLS]＃散歩＃旅行＃ハイキング＃兵庫県＃公園＃有馬富士公園＃有馬富士＃[UNK]＃[UNK]＃[UNK]＃[UNK]＃[UNK]＃[UNK]＃[UNK]＠有馬富士公園[UNK]：／／ｔ．ｃｏ／ｗ[UNK][UNK]	0
1431983093926096898	[CLS]＃散歩＃旅行＃ハイキング＃兵庫県＃公園＃有馬富士公園＃有馬富士＃[UNK]＃[UNK]＃[UNK]＃[UNK]＃[UNK]＃[UNK]＃[UNK]＠有馬富士公園[UNK]：／／ｔ．ｃｏ／[UNK][UNK]	0
1431976705493639173	[CLS][UNK]，気の[UNK]ない友達と外に飲みに行きたい[UNK]。	0
1431975132524736513	[CLS]＠[UNK]俺も大学の卒業旅行、コンチネンタル航空でアルゼンチンいきました！！	0
1431973590170222600	[CLS][UNK]．[UNK]．[UNK]．[UNK]博士と[UNK]したら身長[UNK]ｃｍ伸びてました[UNK][UNK]．．．な[UNK]ないよね[UNK]．．．＃めんたいパーク＃[UNK]博士＃たら[UNK]＃[UNK]＃[UNK]＃[UNK]女子＃着物＃着物女子＃着物で[UNK]＃[UNK]で[UNK]＃神戸＃[UNK]＃[UNK]＃三田＃[UNK]＃場所：[UNK]パーク神戸三田[UNK]：／／ｔ．ｃｏ／[UNK][UNK][UNK][UNK]	2
1431971221139177478	[CLS][UNK]は無事に〜[UNK][UNK]ａｎｄ[UNK]の宴〜終了しました。いつもと一味違う、[UNK]カラオケ無しの宴…どうなる事かと思いましたが〜[UNK][UNK][UNK]、[UNK]しました。そして今日から〜お疲れ会兼ねて〜[UNK]二泊三日の家族旅行…[UNK]、どんな破茶[UNK]な旅行になる事やら…[UNK][UNK][UNK][UNK]：／／ｔ．ｃｏ／[UNK][UNK][UNK][UNK]ＥＦ	0
1431965783001690114	[CLS][UNK]：／／ｔ．ｃｏ／Ｘ[UNK][UNK][UNK][UNK]の投稿動画を楽しみましょう！＃[UNK]：／／ｔ．ｃｏ／[UNK][UNK][UNK][UNK][UNK]大阪の電車通過、到着＃聞き[UNK]音	0
1431962862340083715	[CLS]外出より帰宅[UNK][UNK][UNK][UNK][UNK]（＾＿＾）[UNK][UNK]	0
1431955428129214464	[CLS]晩飯食[UNK]嫁からの外出許可出たし[UNK]行こう！皆どこ[UNK]の？	2
1431952353989562368	[CLS]＠[UNK][UNK]トルコライス？！え、[UNK][UNK]そ、、[UNK]いい[UNK]いい[UNK]、、九州旅行行きたい、、[UNK][UNK][UNK][UNK]	0
1431950386361864195	[CLS]＠[UNK]＿[UNK]固定ツイート見て？今日も[UNK]してきた[UNK][UNK]	0
1431945261681545216	[CLS]歩いてるまだ、暑い季節。花火でも[UNK][UNK][UNK]出勤[UNK][UNK]	1
1431943579266473986	[CLS]ご主人は[UNK]しますよあ、最後ぐらいブログ[UNK]よ[UNK][UNK]：／／ｔ．ｃｏ／[UNK][UNK]ｙ	0
1431940008114483206	[CLS][UNK]。仕事帰りの電車です。高校野球決勝戦和歌山県代表の[UNK]学園和歌山高校が奈良県代表の[UNK]学園高校に勝ち優勝を決めました。[UNK]：／／ｔ．ｃｏ／[UNK][UNK][UNK]ＩＢ	0
1431939964179136512	[CLS]前日に頼まれて[UNK]時間早く出勤して当日に頼まれて[UNK]時間[UNK]した俺[UNK]時間（[UNK][UNK]休憩[UNK]）	2
1431932650302820355	[CLS]高槻でトラブル…客が「電車止まるとは思ってなかったんです、[UNK]」って[UNK]る……	2
1431928808060309509	[CLS]緊急事態宣言継続中のため外出自粛。土日で[UNK]ｋｇも[UNK]しまいました[UNK]食事の量を調整しないと……[UNK]＃[UNK]	2
1431923169535807488	[CLS]電車乗り[UNK]ｗ	1
1431918160026894345	[CLS]九州[UNK]周旅行したい[UNK][UNK]：／／ｔ．ｃｏ／[UNK][UNK][UNK]	0
1431917378779029506	[CLS]＠[UNK][UNK]私の病院では可能な限り、コロナ患者を受け入れていますが、その分現場は[UNK]状態です。職員不足の中で、一人の業務量が増えた上で時間外業務も増し、[UNK]に出勤しても[UNK]が減り、コロナ患者を受け入れても[UNK]収益は減。職員は疲弊しきっています。何とか、医療現場に新たな[UNK]を[UNK]願います。	2
1431912825086038016	[CLS]＃渋谷ワクチン東京都は前近代的な抽選券配布方式を[UNK]取るのか？都の上層部は頭の古過ぎ！長時間[UNK]外出と密を行政が作ってどうする！！誰でも[UNK]こと！	2
1431912717044965377	[CLS]仕事の行き道に東京[UNK]の最新話見たん[UNK]、後悔した。[UNK]出勤で[UNK]ｗ＃東京[UNK]＃[UNK]	2
1431909627260702720	[CLS][UNK]買う[UNK][UNK]南海電車では[UNK]の匂い[UNK]させてかまへんの[UNK]（笑）[UNK]（（（＊[UNK][UNK][UNK]）＃[UNK][UNK]南海[UNK]駅売店場所：南海線[UNK]駅[UNK]：／／ｔ．ｃｏ／Ｍ[UNK][UNK][UNK]Ｕ	0
1431908436002836488	[CLS][UNK][UNK]＾＾外出自粛生活[UNK][UNK][UNK]日曜日のこの時間に、この番組見れば、少し自粛の[UNK]も解消されます（[UNK][UNK][UNK]）[UNK]も[UNK]お願いします♪♪[UNK][UNK][UNK]：[UNK]まで[UNK][UNK]：／／ｔ．ｃｏ／[UNK][UNK]	0
1431906379682304004	[CLS][UNK]外出！[UNK]！！[UNK][UNK][UNK]：／／ｔ．ｃｏ／[UNK]	2
1431905587298668547	[CLS]＠[UNK]外出てマックの[UNK][UNK]か[UNK]みれば、[UNK]するほど何回も[UNK]るから[UNK][UNK]の電波でやらずにな。	2
1431904158584430599	[CLS]【[UNK][UNK][UNK]月[UNK]日出勤キャスト[UNK][UNK]】[UNK]きゅうちゃん食堂開催[UNK][UNK]：[UNK]～[UNK]：[UNK][UNK][UNK]あり[UNK][UNK][UNK][UNK]－[UNK]心桜[UNK]－[UNK][UNK][UNK]みる[UNK]－[UNK][UNK][UNK][UNK]－[UNK]きゅう[UNK]－[UNK]＃コンカフェ＃大阪＃[UNK]＃[UNK]＃[UNK]＃メイド＃メイドカフェ[UNK]：／／ｔ．ｃｏ／[UNK]	0
1431840296011112450	[CLS]何年ぶりかに電車[UNK]（[UNK]／[UNK]／[UNK]：[UNK]：[UNK]）[UNK]：／／ｔ．ｃｏ／[UNK][UNK][UNK]ｉ[UNK][UNK]	2
1431898126172884998	[CLS]明日[UNK]の関テレの人気番組「[UNK]ドン」は[UNK]です。火曜日の後編で、テクノパンが[UNK]ます。[UNK][UNK]是非観てくださいね。月曜日の前編からテクノパンの有る街「京都市伏見区淀」を通して観て[UNK][UNK]です。関西テレビ「[UNK]ドン」は、朝[UNK]時[UNK]分からです。[UNK]：／／ｔ．ｃｏ／[UNK][UNK]ｏ[UNK][UNK][UNK]	0
1431897747230060548	[CLS][UNK]。らくさんに電車の話するとプロレスの話までいかない（笑）[UNK]：／／ｔ．ｃｏ／[UNK][UNK][UNK]	1
1431896777142140928	[CLS][UNK]月から会ってなかった友達と、コロナだけど[UNK][UNK][UNK]良いよねって[UNK]初めての場所ばかり行ってみた[UNK]の壁画アートお風呂湯楽[UNK]で閉店らしい。源泉掛け流しで、加水なし良い湯だった。沖縄料理[UNK]天が[UNK]大正区渡船場帰りは[UNK]で、アイスだ[UNK]大満足の[UNK]遊び[UNK]：／／ｔ．ｃｏ／[UNK][UNK]	0
1431896127255683079	[CLS][UNK]外出控えてたんだけど、これだけは…！[UNK]：／／ｔ．ｃｏ／[UNK][UNK]Ｙ[UNK]ｐ	1
1431895768491716616	[CLS][UNK]和歌山の[UNK]、優勝[UNK][UNK]日本一になったんだから、電車内では静かに[UNK]よくしましょうね！＃[UNK]和歌山＃ＪＲきのくに線＃[UNK]駅	0
1431890094475018240	[CLS][UNK]出口、電車逆に[UNK]。緯度：[UNK]．[UNK]経度：[UNK]．[UNK]所在地：日本、〒[UNK]－[UNK]大阪府吹田市[UNK]町[UNK]日付：[UNK][UNK]，[UNK]：[UNK]：[UNK]ＰＭ[UNK]：[UNK]：／／ｔ．ｃｏ／[UNK][UNK][UNK][UNK][UNK]：[UNK]：／／ｔ．ｃｏ／[UNK][UNK][UNK]：[UNK]：／／ｔ．ｃｏ／[UNK]	2
1431888859583823880	[CLS][UNK]も[UNK]も阪急電車やね[UNK]	0
1431887255409291265	[CLS]＠[UNK]＿[UNK]電車で寝ないでね	0
1431884645990219787	[CLS]＠[UNK][UNK]こちらも電車で[UNK]分くらいの距離が[UNK]でした！笑動画[UNK]しています笑	0
1431883505064050688	[CLS][UNK]和歌山優勝。奈良は生まれた場所だし、和歌山はアドベンチャーワールドとたま電車で何度も[UNK]所なので、どちらを応援してよいか[UNK]けど、どちらも[UNK]ので[UNK]とします。お疲れさんです。	0
1431883357210562563	[CLS]外出からの帰宅[UNK]	1
1431883212972822530	[CLS]『泣き歌の女王[UNK][UNK]さん』[UNK]／[UNK]（土）[UNK]ホール[UNK]へ[UNK]泣き歌の女王と呼ばれるシャンソン歌手・[UNK]さんの[UNK]年ぶりの新曲発売記念コンサートに行って来た[UNK][UNK]事に席は[UNK]番前で[UNK][UNK]つき状態で[UNK]久々に聴く[UNK][UNK]さんの歌声に[UNK][UNK][UNK][UNK]：／／ｔ．ｃｏ／[UNK][UNK]Ｖ[UNK][UNK]	0
1431879927087779843	[CLS]＠[UNK]＿[UNK]＠[UNK][UNK][UNK][UNK]少ない→[UNK]電車乗る→車内でチャージする→降りるが出来るのが強み	0
1431878319184572416	[CLS]オンライン旅行ツアーの検索比較サイト「[UNK]」が登場｜[UNK]：／／ｔ．ｃｏ／[UNK][UNK][UNK][UNK]ｒ	0
1431875288439279617	[CLS]＠[UNK]＿[UNK][UNK]電車内から須磨海岸コロナが[UNK][UNK]海水浴で[UNK]いましたね[UNK]以前周りを散歩すると[UNK]姿のお[UNK]が[UNK]で日光[UNK]ますね[UNK][UNK]：／／ｔ．ｃｏ／[UNK]	0
1431873865844731907	[CLS][UNK]、御仕事終了！電車乗って[UNK]か！＃出張＃[UNK]＃[UNK]＃南海電車＃堺市＃暑い場所：[UNK]山駅[UNK]番線ホーム[UNK]：／／ｔ．ｃｏ／[UNK]	2
1431870302338777092	[CLS]サヨナラ、サヨナラ[UNK]サヨナラ、サヨナラ[UNK]サヨナラ、サヨナラ[UNK]南海電車で早よ[UNK][UNK][UNK][UNK][UNK]電車[UNK]でもして[UNK]んと心が折れそう＃[UNK]＃電車[UNK]	2
1431868064899862529	[CLS]出勤したら[UNK]がなくて[UNK]暑いし時間のロスやしあ’’ー[UNK][UNK][UNK]も”－－－[UNK][UNK][UNK][UNK][UNK][UNK]（[UNK]のイタ客風に）って[UNK]しながらこんな時に限って予約入ってるん[UNK]と取りに戻って[UNK][UNK]友達からしかラインきてなかった[UNK]サルの動画を[UNK][UNK]が[UNK]ました。[UNK]：／／ｔ．ｃｏ／[UNK][UNK][UNK][UNK]	0
1431862807272701956	[CLS][UNK]の[UNK][UNK]をバリ順で[UNK]あとの「[UNK]品」[UNK]ラーメン、身体に[UNK]わたりますね！[UNK]品は京都発祥ですから、これも立派な京都グルメ[UNK]撮影結果には[UNK]満足できましたし、暑い盆地から冷房が[UNK]電車で脱出します。[UNK]：／／ｔ．ｃｏ／[UNK][UNK][UNK]	0
1431862507019198466	[CLS][UNK][UNK][UNK]回目終了[UNK]Ｇの恩恵は感じられず、帰りの電車で[UNK]に違和感を覚えた。[UNK]、磁性を僅かに得たようだ。日が[UNK]ＬＥＤを[UNK]せれるか[UNK]価値がありそう。[UNK]：／／ｔ．ｃｏ／[UNK][UNK][UNK]	1
1431859736857624580	[CLS]＠[UNK]＿[UNK][UNK]です[UNK]暑すぎてちょっと外出しただけで[UNK][UNK][UNK][UNK]	2
1431856086324113410	[CLS]＃カーライフ大阪店＃自社ローン＃全国対応＃車の生活＃車好きな人と繋がりたい＃キャンプ＃[UNK]＃[UNK]＃[UNK]＃車＃[UNK]：／／ｔ．ｃｏ／[UNK][UNK][UNK]：／／ｔ．ｃｏ／[UNK][UNK][UNK]	2
1431855909303582722	[CLS]＃カーライフ大阪店＃自社ローン＃全国対応＃車の生活＃車好きな人と繋がりたい＃キャンプ＃[UNK]＃[UNK]＃[UNK]＃車＃フェア開催中[UNK]：／／ｔ．ｃｏ／[UNK][UNK][UNK]：／／ｔ．ｃｏ／[UNK][UNK][UNK][UNK]ｓ[UNK]	2
1431855682161025026	[CLS]「阪急電車が山陽電鉄に乗り入れていたなんて…[UNK]か？」相互直通運転が中止となった“[UNK]”な理由[UNK]：／／ｔ．ｃｏ／[UNK][UNK][UNK][UNK][UNK]	2
1431855586040156162	[CLS]＃カーライフ大阪店＃自社ローン＃全国対応＃車の生活＃車好きな人と繋がりたい＃キャンプ＃[UNK]＃[UNK]＃[UNK]＃車＃[UNK]＃[UNK]：／／ｔ．ｃｏ／[UNK][UNK][UNK]：／／ｔ．ｃｏ／[UNK]	2
1431855383832764421	[CLS]＃カーライフ大阪店＃自社ローン＃全国対応＃車の生活＃車好きな人と繋がりたい＃キャンプ＃[UNK]＃[UNK]＃[UNK]＃車[UNK]：／／ｔ．ｃｏ／[UNK][UNK][UNK]：／／ｔ．ｃｏ／[UNK][UNK]	2
1431847183347683329	[CLS]決勝戦が始まってた[UNK][UNK]対決[UNK][UNK]甲子園で観たかったけど…外出してても観れるバーチャル高校野球[UNK][UNK]の配信は[UNK][UNK][UNK][UNK]	0
1431846287276531712	[CLS]緊急事態宣言の中他府県には[UNK]に行けないのででもスーパー[UNK][UNK][UNK][UNK]温泉[UNK]旅行もまだまだ出来んしな＃スーパー[UNK]＃[UNK]アルコール	2
1431845184233304066	[CLS]／[UNK][UNK][UNK][UNK]に[UNK][UNK][UNK][UNK][UNK][UNK]電源タップ[UNK]に[UNK]を最適化！プラグを本体に[UNK]収納でき、外出時でも大変[UNK][UNK][UNK][UNK]．[UNK]メートルｉＰｈｏｎｅ充電用[UNK]ケーブル[UNK][UNK]ｍ[UNK][UNK]，[UNK]円（税込）[UNK]ｍ[UNK][UNK]，[UNK]円（税込）＃西宮[UNK]＃スマラボ＃西宮北口＃ｉＰｈｏｎｅ[UNK][UNK]：／／ｔ．ｃｏ／[UNK][UNK][UNK]Ｌ[UNK]	0
1431841282532331520	[CLS]＠[UNK][UNK]対策をとって、[UNK]さ[UNK]良いと思いますが？、	1
1431840399371370498	[CLS][UNK]良いお天気[UNK][UNK]明けに[UNK]行って、朝昼兼用[UNK][UNK][UNK]の[UNK]も[UNK]ますように[UNK][UNK]：／／ｔ．ｃｏ／[UNK][UNK][UNK][UNK]	0
1431784469250334720	[CLS]国鉄型の電車や電機がシングルアームパンタグラフに交換されてるのを見ると[UNK][UNK]涙出て来る。	2
1431838689076793349	[CLS]出かける出かける詐欺で、昼過ぎてからようやく車で外出。[UNK]して、[UNK]買い替えて袖詰めしたのを受け取って、靴も[UNK][UNK]。勝ち組[UNK][UNK]今から、娘達のリクエストで、[UNK]水産堺[UNK]パークで夕食の寿司[UNK]を買いに行きます〜[UNK][UNK]	0
1431838206496968706	[CLS]「阪急電車が山陽電鉄に乗り入れていたなんて…[UNK]か？」相互直通運転が中止となった“[UNK]”な理由[UNK]：／／ｔ．ｃｏ／[UNK][UNK][UNK][UNK]	2
1431836369303732230	[CLS][UNK][UNK]／[UNK]（日）出勤予定[UNK]ジュン[UNK]：[UNK]～[UNK]：[UNK][UNK][UNK]：[UNK]～[UNK]：[UNK]コウ[UNK]：[UNK]～[UNK]：[UNK]玲[UNK]：[UNK]～[UNK]：[UNK]時間電話ライン予約[UNK]おります♪[UNK]月割引キャンペーン（[UNK]／[UNK]まで）詳しくわこちら[UNK][UNK][UNK]：／／ｔ．ｃｏ／[UNK][UNK][UNK][UNK]＃女性用風俗＃大阪＃女風[UNK]：／／ｔ．ｃｏ／[UNK]	0
1431836104995475461	[CLS]電車乗客[UNK]	0
1431835652409208834	[CLS][UNK][UNK]／[UNK]（日）出勤予定[UNK]蒼斗[UNK]：[UNK]～[UNK]：[UNK][UNK][UNK]：[UNK]～[UNK]：[UNK][UNK][UNK]：[UNK]～[UNK]：[UNK][UNK][UNK]：[UNK]～[UNK]：[UNK]時間電話ライン予約[UNK]おります♪[UNK]月割引キャンペーン（[UNK]／[UNK]まで）詳しくわこちら[UNK][UNK][UNK]：／／ｔ．ｃｏ／[UNK][UNK]Ｑ[UNK]Ｃ＃女性用風俗＃大阪＃女風[UNK]：／／ｔ．ｃｏ／[UNK][UNK][UNK]	0
1431833074979905538	[CLS]特に海に行かないで特に変化もなく夏が[UNK][UNK][UNK]年式は[UNK][UNK]電車から明石のうみ[UNK][UNK][UNK]：／／ｔ．ｃｏ／[UNK][UNK]ｍｌ[UNK][UNK][UNK]	1
1431832626185129990	[CLS]お昼は京阪電車で行く！[UNK]の[UNK]カラ[UNK]〜[UNK]天満橋駅にあるさくら亭さんの「[UNK]旨辛[UNK][UNK]」。[UNK]ソースが食欲を[UNK]ます！＃[UNK]カラ＃天満橋＃京阪電車[UNK]：／／ｔ．ｃｏ／[UNK][UNK]	0
1431831904647454728	[CLS]帰りは日曜日の夜[UNK]時過ぎのこだまネット限定[UNK][UNK]円合計[UNK][UNK]円程度宿泊[UNK]円[UNK][UNK]円程度その他[UNK]円程度（[UNK]）[UNK]円もあれば外国人ゲストと交流して海外旅行気分も味わいつつ小旅行が出来きます。これを毎週繰り返してました（笑）。	0
1431827995602272261	[CLS]電車がちょうど行ってしまったので、たまたま看板のでてた[UNK]やさんに入る。普段はバー的なお店？	1
1431827836709466117	[CLS][UNK]から[UNK]電車の終点にイク[UNK][UNK]：／／ｔ．ｃｏ／[UNK][UNK][UNK][UNK][UNK]	2
1431824974034001920	[CLS][UNK]は早く[UNK]予定だったんだけどね[UNK]と[UNK]話し込んでしまって遅くなったよ[UNK]：[UNK][UNK][UNK]人の事を[UNK]言ってる暇は無いけどね電車の中で[UNK]格好をしている人がいたとか言って写真に[UNK]投稿したりねその行為の方が僕は[UNK]と[UNK]ね[UNK]いいけどね[UNK][UNK][UNK][UNK]：／／ｔ．ｃｏ／[UNK][UNK][UNK]	2
1431824417315700740	[CLS]＠[UNK]本当に本当に満員電車を[UNK]して欲しいです。ワクチンが普及しはじめてからマスクをしていない人がたくさんいたりその人が満員電車で[UNK]するんですよ。この怖さを知って欲しいです。	2
1431823482841563140	[CLS][UNK][UNK]電車人少ないわ、なんかあったんか？	2
1431820992351932418	[CLS]今日は阪急電車。香水の臭い[UNK]させてる若い女性に[UNK]中！[UNK]吐き[UNK]し発作出[UNK]ん[UNK][UNK]だ[UNK][UNK]	2
1431817357270274050	[CLS][UNK]時[UNK]次[UNK][UNK][UNK][UNK]！の電車内アナウンスに、あっ！旧[UNK]邸のオープン時間は[UNK]な？と[UNK]と[UNK]：[UNK][UNK]書いてるでは[UNK]ません[UNK]！！[UNK]駅からダッシュで向かい[UNK]番目に入れ[UNK][UNK][UNK][UNK][UNK][UNK]やら汗やら[UNK][UNK]！！＃スパイスカレー＃カレー好き[UNK]：／／ｔ．ｃｏ／[UNK]	2
1431817143893434371	[CLS]＠[UNK][UNK]＿[UNK]日曜出勤、お疲れ[UNK][UNK][UNK]	0
1431816709816545281	[CLS]奈良の友達いわく、電車が来るまでの間隔が長すぎて見てられんし乗せてられんからそもそも子供に電車という選択肢がない！って言ってたけどそういうことな[UNK]か[UNK]	2
1431816706284920834	[CLS][UNK]と近鉄電車が[UNK]のは日本中ここ以外にはないはず。[UNK]こんな[UNK]場所が[UNK]とは、奈良の子供たちは電車に興味ないのかな。ちなみに隣にあるプールは家族連れで大変なことになっておりました。[UNK]：／／ｔ．ｃｏ／[UNK][UNK][UNK][UNK]	0
1431815372450058241	[CLS]電車に[UNK]ない代替え提案としてドクターイエローを提示し、承諾。代替え案としては優秀かな。[UNK]周約[UNK]分親子で[UNK]円、[UNK]周回って[UNK]円、[UNK]はリアル電車のほうが優秀[UNK]遠いけど車で行けるし施設の方以外の人とほぼ接することもないので[UNK]。＃[UNK][UNK]：／／ｔ．ｃｏ／[UNK][UNK][UNK][UNK]	1
1431813766107131914	[CLS]私も若い頃に[UNK]の時期があって何度も[UNK]出勤があって…何度も[UNK]警察にも世話になって今では基本的に飲まなくなって[UNK]茶を飲んでます。[UNK]：／／ｔ．ｃｏ／[UNK][UNK][UNK]	0
1431813037074178051	[CLS]新しいお[UNK][UNK][UNK]ピンクで[UNK]な感じがいいのに外出てないから[UNK]っていうかから[UNK]ない[UNK][UNK][UNK]は[UNK]意識してオーダーで作りました[UNK]＃皆が持つような＃[UNK]や[UNK]には＃興味がない＃だって＃そんなの＃いつでも[UNK]そう＃どこの？＃聞かれるくらいがいい＃けど教えないよ[UNK]：／／ｔ．ｃｏ／[UNK]	1
1431811981678309376	[CLS]今日はお休み[UNK][UNK]します[UNK]：／／ｔ．ｃｏ／Ｐｅ[UNK][UNK][UNK]	0
1431811957930086402	[CLS]＠[UNK][UNK]あっ…近鉄電車[UNK][UNK]大阪難波方面ですね[UNK][UNK]体内から冷却[UNK][UNK][UNK][UNK]	2
1431809451867000832	[CLS]中抜け接種やから[UNK][UNK]時間ないかも。。。出勤前から[UNK][UNK]、[UNK]。	1
1431808964384026633	[CLS]＠[UNK][UNK]産んだ日は、外出許可をもらって来てくれましたが、私の部屋では自分のオペの心配の話しかしてなかったですね。当然といえば[UNK]が。今はただ[UNK]けれているだけで[UNK]です。なかなか[UNK]ませんが。	1
1431805008907882497	[CLS]＠[UNK][UNK][UNK][UNK][UNK][UNK]ｋｍ[UNK][UNK][UNK]日帰り旅行になる距離．．．	0
1431798667283873796	[CLS]電車の[UNK]運転は[UNK][UNK]	0
1431796984919126020	[CLS][UNK]に旅行した方から、宿の[UNK]に昆布[UNK]て驚いたって、お聞きしたことある＃日曜天国＃ＴＢＳラジオ	0
1431796511071891457	[CLS][UNK]／[UNK]までに[UNK][UNK]近くへ[UNK]の際には、モザイクの観覧車も[UNK]になってください[UNK][UNK][UNK]日の[UNK]時まで、にっぽん丸も中[UNK]に[UNK][UNK][UNK][UNK]：／／ｔ．ｃｏ／[UNK][UNK]ｇ	0
1431786885160923139	[CLS]電車でＤで有名（？）な複々線区間へ。	1
1431785743106514956	[CLS]大阪出張[UNK]日目！！今日は[UNK]時出勤で[UNK]。日曜ですが[UNK]ます[UNK]	0
1432357203537584131	[CLS]こんなタイミングで[UNK]東京出張入った[UNK][UNK][UNK][UNK]飲みに行けないし、異常に朝早いし、[UNK]ならもう[UNK][UNK]からが良かった行きたいところとか、会いたい人いっぱいいるのに。	2
1431780159162503174	[CLS]休日出勤だよ[UNK]：／／ｔ．ｃｏ／[UNK]	1
1431777119198007300	[CLS]電車の旅！一駅だけ…	2
1431775598880309255	[CLS]＠[UNK]外出時に[UNK][UNK]は[UNK]	1
1431773370601803779	[CLS]朝[UNK]ＬＩＮＥ[UNK]件くらい通知来てて何事かと[UNK]内容最低過ぎた大阪旅行最後の朝。[UNK]：／／ｔ．ｃｏ／[UNK][UNK][UNK][UNK]Ｋ	2
1431771713486819337	[CLS]と思ったが次の電車が[UNK]分ほど先だったのでちょっと待つか（＾＿＾；）	1
1431770959267065889	[CLS]＠[UNK]＿[UNK][UNK][UNK][UNK]さん[UNK][UNK]おはよう[UNK]！！まだまだ暑いですね[UNK][UNK]される際は気をつけてくださいね。[UNK][UNK][UNK][UNK][UNK][UNK]	2
1431768837574127617	[CLS]＠[UNK][UNK]電車なんですか[UNK]駅から近いんですか？	2
1432489436931969028	[CLS]では、出勤します！[UNK][UNK][UNK]：／／ｔ．ｃｏ／[UNK][UNK][UNK]ｏ[UNK][UNK]	0
1432487870208507905	[CLS]おはよう[UNK][UNK]今日はテンションを上げるため、[UNK]Ｔシャツで出勤です[UNK][UNK]：／／ｔ．ｃｏ／[UNK][UNK][UNK]	1
1432486945964265472	[CLS]快速電車の向かいの席に座るおじさんのｉＰｈｏｎｅケースに[UNK]で[UNK]と”[UNK]”と貼られていて何のスタッフだろうかと気になってる。	1
1432485856946708482	[CLS]この夏最後の出勤[UNK]♪[UNK]から[UNK]勤で[UNK]日間とも[UNK]♪[UNK]暑い（[UNK]；）[UNK]：／／ｔ．ｃｏ／[UNK][UNK]	0
1432484706369646593	[CLS]出勤[UNK]（＠自宅（新居）ｉｎ京都市，京都府）[UNK]：／／ｔ．ｃｏ／[UNK][UNK]ｃｈ[UNK][UNK]	2
1432484115887001602	[CLS][UNK]時[UNK]分頃出勤	1
1432482973505314823	[CLS]おはよう[UNK]。出勤中です。	0
1432478231228141570	[CLS][UNK]も無事に出勤前の上の天神[UNK]神社[UNK]さまへ参拝[UNK][UNK]中共武漢コロナ[UNK]疫病[UNK][UNK][UNK]祈願[UNK]を[UNK][UNK]西成[UNK]はブルースカイ[UNK]風が無くお日さまさん[UNK]パワー[UNK]すぎ[UNK][UNK][UNK]℃より下がってもらえんと…暑過ぎて[UNK][UNK][UNK][UNK]がな[UNK][UNK][UNK][UNK][UNK][UNK][UNK]：／／ｔ．ｃｏ／[UNK][UNK][UNK][UNK]ｙ	0
1432477762535653378	[CLS]＠[UNK]＿[UNK][UNK]乗った電車です！[UNK]：／／ｔ．ｃｏ／ｑ[UNK][UNK][UNK][UNK]	0
1432476828522856449	[CLS]＠[UNK]＿Ｈ[UNK]Ｇｏｏｇｌｅカレンダーと[UNK]したよ[UNK]電車の中で[UNK]自分でも[UNK]は異端だと思ってる[UNK][UNK][UNK][UNK]バスケの[UNK]外すとかもはや[UNK][UNK][UNK]は[UNK]♪[UNK]な♪	0
1432474790569267200	[CLS]普段の出勤時間なら[UNK]分もかからんのに、[UNK]時間[UNK]と[UNK]分以上かかる[UNK][UNK][UNK][UNK]か[UNK]。。。。[UNK][UNK][UNK]で[UNK]作ってた私が悪いけど[UNK][UNK][UNK]	2
1432470076263845888	[CLS]おはよう[UNK][UNK]今日は[UNK]時から[UNK]時までの勤務になっております（＊[UNK][UNK]‘＊）／阪神線[UNK]と思って駅行った[UNK][UNK][UNK]トイレ行って出て改札入る前に電車発車して…急遽阪急[UNK][UNK][UNK][UNK]は免れたかったのに！ギリギリ到着になってしまった[UNK][UNK]：／／ｔ．ｃｏ／[UNK][UNK]	2
1432465367893381122	[CLS]＃企業公式相互フォロー＃企業公式が[UNK]地元の天気を言い合う＃企業公式秋のフォロー祭り＃企業公式[UNK]部＃大阪市Ｔｗｉｔｔｅｒ会おはよう[UNK][UNK]とリスが可愛い[UNK][UNK]＠[UNK]＿ｔｏ＿[UNK]ってなこと考えながら出勤したらブロック[UNK][UNK]の会社に来てしまいました今日も良き日で[UNK]：／／ｔ．ｃｏ／[UNK][UNK]ｗ	0
1432457030623657984	[CLS]朝は早めの出勤です。野菜ジュースで[UNK]通りです。天気は良いです。	0
1432456681489764352	[CLS]【青春堂】[UNK]臨時のお休みとさせていただきます[UNK][UNK][UNK][UNK]※理由は[UNK]のスープ変更にともない従業員に任せられない状態であり、僕自身が[UNK]から予定が[UNK][UNK]いて出勤が[UNK]ので[UNK][UNK][UNK][UNK]ん[UNK]	0
1432453978734747651	[CLS]そんな私はもう出勤や[UNK]	0
1432445773795545090	[CLS]乗車率[UNK]％、マスクして[UNK]％。始発の次の列車で出勤。（＠[UNK]駅ｉｎ生駒市，奈良県）[UNK]：／／ｔ．ｃｏ／[UNK][UNK][UNK][UNK]ｇｇ[UNK][UNK]：／／ｔ．ｃｏ／[UNK][UNK][UNK]Ｈ[UNK]	0
1432443652605833216	[CLS][UNK]〜[UNK]〜[UNK][UNK][UNK][UNK][UNK][UNK]今日は昼からの[UNK]が[UNK]、朝からすでにテンション[UNK]ます[UNK][UNK]気分はまるで[UNK]前の子どもです。映画を[UNK]、[UNK]したり、買い物をしたり、[UNK]ものを[UNK]など、どんな小さなコトでも毎日[UNK]の楽しみが[UNK]ね。[UNK]今日も良い一日を[UNK][UNK]	0
1432436318252851205	[CLS]＃[UNK][UNK]＃[UNK][UNK][UNK]さん、[UNK]おはよう[UNK][UNK]まだまだ暑い日が続いてますね[UNK]でも、[UNK]の鳴き声は、あまり聞かなくなりました。今日も出勤準備しながら聞かせてもらいます[UNK]	0
1432434251127984138	[CLS]今日の[UNK]は[UNK]系。[UNK]…な[UNK]番電車[UNK]。場所：[UNK]駅[UNK]：／／ｔ．ｃｏ／[UNK][UNK][UNK][UNK][UNK]	1
1432424586348412929	[CLS][UNK]時間（[UNK]：[UNK]）に目が[UNK]しまい[UNK][UNK][UNK]出勤があるので作り置きしとくことにしました。＃お弁当づくり[UNK]：／／ｔ．ｃｏ／ｘ[UNK][UNK][UNK][UNK]	1
1432395247284224005	[CLS]Ｙさんにメモ手元あったらく[UNK][UNK][UNK]中で無理だったので[UNK]に[UNK]ましたがまだ手をつけておりませぬ	1
1432372909415276554	[CLS][UNK]を投稿しました。『絵本の中の阪急電車』＃[UNK]＃絵本[UNK]：／／ｔ．ｃｏ／[UNK]	1
1432362062571728897	[CLS][UNK]さま電車入れたし、こちらにも[UNK][UNK][UNK][UNK]：／／ｔ．ｃｏ／[UNK][UNK]Ａ[UNK]	0
1432300125032910852	[CLS]＠[UNK][UNK]Ｈ[UNK][UNK][UNK]ＵＰ[UNK]、今から[UNK]です[UNK]？	0
1432353886287785984	[CLS]＠[UNK]＿[UNK]ありがとう[UNK][UNK]昔は奥の座敷を[UNK]にしてました。本当は[UNK]明けから開ける予定だった[UNK]が延期した[UNK]。早くゆっくりお料理を楽しみながら飲みに行きたいです。	0
1432351141703024652	[CLS]海洋堂まだ[UNK]ない！[UNK][UNK]店＠[UNK]が生まれて初めて自分で服を買ったお店らしい[UNK]電車好きな人にたくさん来てもらってお金を使ってもらう仕組みが[UNK]いいですね[UNK][UNK][UNK]：／／ｔ．ｃｏ／[UNK][UNK][UNK]	2
1432350327429210114	[CLS]明日は会社に出勤。[UNK]な。[UNK]：／／ｔ．ｃｏ／[UNK][UNK][UNK][UNK]Ｍ	2
1432343372048449539	[CLS]今回の北陸旅行のまとめ。[UNK]と北陸新幹線を乗り継いで[UNK]温泉で一泊した後、糸魚川で[UNK]日本獲得。富山と金沢で鉄印を集めてから、[UNK]温泉に行った。一回家に戻った後、[UNK]に北条鉄道で鉄印を回収。とても充実した旅だった。次はどこに行こうか・・・[UNK]：／／ｔ．ｃｏ／[UNK][UNK]	0
1432342950449541125	[CLS]＠[UNK]可愛いお仕事してくれます！出勤したくなくなる逆効果ですが…	0
1432335964647542785	[CLS]＠[UNK]＿[UNK][UNK]は遠いところまでありがとう[UNK][UNK][UNK][UNK][UNK]さんだったとは[UNK]ちゃんと[UNK]出来ず[UNK]でした[UNK]でもゆっくりとして[UNK][UNK]良かったですまた[UNK]ゆっくり[UNK][UNK]飲みに来てくださいいつでもお待ちしております[UNK][UNK]	0
1432332813122957314	[CLS][UNK]バイクとか電車音楽聞くねんけど、[UNK]西宮に忘れて有線の[UNK][UNK]本[UNK]から音楽[UNK][UNK]。[UNK]すぎて何したらええかわからん教えて早く	2
1432331288761946121	[CLS]大阪出張[UNK]日目（[UNK][UNK]中）、[UNK]の業務終了！[UNK]分でタイムカード切って環状線で帰ってます。[UNK]時出勤し、[UNK]時間[UNK]分の勤務。[UNK][UNK]で[UNK]わ、、休みとかもほぼ好きな時に取れるし、[UNK]代は[UNK]分単位で出るから[UNK]してるしブラックではないんだけどね…明日も[UNK]！[UNK]：／／ｔ．ｃｏ／[UNK]：／／ｔ．ｃｏ／[UNK]	0
1432331136252866568	[CLS]＃カーライフ大阪店＃自社ローン＃全国対応＃車の生活＃車好きな人と繋がりたい＃キャンプ＃[UNK]＃[UNK]＃[UNK]＃車＃[UNK]＃[UNK][UNK]：／／ｔ．ｃｏ／[UNK][UNK][UNK]：／／ｔ．ｃｏ／[UNK][UNK]Ｊ[UNK]Ｈ	2
1432330691308441601	[CLS]＃カーライフ大阪店＃自社ローン＃全国対応＃車の生活＃車好きな人と繋がりたい＃キャンプ＃[UNK]＃[UNK]＃[UNK]＃車＃Ｔｗｉｔｔｅｒ＃[UNK]＃フォローお願い[UNK]ます[UNK]：／／ｔ．ｃｏ／[UNK][UNK][UNK]：／／ｔ．ｃｏ／[UNK][UNK]Ｃ	2
1432330243193245696	[CLS]＃カーライフ大阪店＃自社ローン＃全国対応＃車の生活＃車好きな人と繋がりたい＃キャンプ＃[UNK]＃[UNK]＃[UNK]＃車＃ご[UNK]＃ありがとう[UNK][UNK]：／／ｔ．ｃｏ／[UNK][UNK][UNK]：／／ｔ．ｃｏ／Ｕ[UNK][UNK][UNK][UNK]	0
1432330022010773506	[CLS]＃カーライフ大阪店＃自社ローン＃全国対応＃車の生活＃車好きな人と繋がりたい＃キャンプ＃[UNK]＃[UNK]＃[UNK]＃車[UNK]：／／ｔ．ｃｏ／[UNK][UNK]	2
1432326264010854400	[CLS]＃[UNK]お[UNK][UNK]さんの[UNK]ダンスに何回もメールを送りましたが全く採用されませんでした。しかし、[UNK]一番最初に読んでもらい出席番号[UNK]番をいただきました。感激のあまり電車[UNK][UNK]の中で思わず小さく[UNK]ポーズしました。[UNK]：／／ｔ．ｃｏ／[UNK][UNK][UNK][UNK]	2
1432325334267940880	[CLS]＠[UNK]＠[UNK][UNK]阪急電車乗り[UNK]で案内するよ[UNK]	0
1432324581310668804	[CLS]あの[UNK]の資金がついに！？旅行業界はもう持たない！！【社会】＃[UNK]：／／ｔ．ｃｏ／[UNK][UNK][UNK]	0
1432323862209855488	[CLS]自分が子供の頃から良く使ってた私鉄。今は、乗る機会が全く無いけど。（；[UNK][UNK][UNK]）特設サイトのラッピング車両見てると、ハッピー[UNK][UNK][UNK]松本[UNK]さんがデザインしてたのもあったし。現在だと、和泉[UNK]、[UNK]ファミリーがあってたまに出勤の時に出会う[UNK][UNK]：／／ｔ．ｃｏ／[UNK][UNK][UNK]	0
1432322801671696388	[CLS]＠[UNK][UNK][UNK][UNK]ｚ[UNK][UNK]午後から外出したんですが、[UNK][UNK]でした[UNK]	2
1432322024836268038	[CLS]電車で数駅[UNK][UNK]行かな！[UNK][UNK][UNK]＃お嬢サバ＃[UNK][UNK][UNK]：／／ｔ．ｃｏ／[UNK]Ｌ[UNK]Ｉ[UNK][UNK]	2
1432321181617512448	[CLS]＠[UNK][UNK]料金高い区間は、トンネルがあったり橋がかかってたりと高いなりの事情がありますから[UNK][UNK][UNK]、[UNK]やる側もそう言う区間こそ電車で楽したい訳で…[UNK]なお、奈良は私鉄とＪＲとでコストパフォーマンスがさほど変わりません（早いけど高い私鉄と[UNK]するけど安いＪＲ）	1
1432317972278747139	[CLS]日本では仕事は「[UNK]」欧米圏では仕事は「神の罰」[UNK]＆[UNK]持ちの俺にとって、職場に向かう電車の中は「[UNK]」以外の[UNK]でもないでも何故仕事を辞めずに続けているのか？答えは「生きていく為に」[UNK]答えだが、今の自分には荷が重すぎる＃発達障害＃[UNK]＃[UNK]	2
1432317882466127881	[CLS]明日は月末なのに超暇[UNK]遅目出勤だから[UNK][UNK]は[UNK]ないなコロナの影響でここまで暇とは[UNK]続く[UNK]状態[UNK]	2
1432317415346434049	[CLS]＠[UNK][UNK]＠ｕ＿[UNK][UNK][UNK][UNK][UNK][UNK][UNK]がしてたのでオンライン[UNK]ショット撮影会採ってて良かった[UNK][UNK][UNK]のカラオケに、[UNK]ちゃん出てた、余裕の歌、[UNK][UNK][UNK][UNK][UNK][UNK][UNK]が良かった、運営さん頼む[UNK][UNK][UNK][UNK]：／／ｔ．ｃｏ／[UNK]	0
1432316824226390025	[CLS]＃[UNK]電車[UNK]形電車の室内はこのような感じで、非常に[UNK]お[UNK]、ダウンライトが落ち着いた感じを一層[UNK]おります。天王寺駅前と[UNK]駅前を約[UNK]時間おきに低床車両で運行されておりますので、大阪＆[UNK]；堺へお越しの際は、是非ご乗車されてみては如何でしょうか。[UNK]：／／ｔ．ｃｏ／[UNK]	0
1432316183617826818	[CLS]ｔｈｅ観光はしてないけど[UNK][UNK]ところ攻めてみました[UNK][UNK]逆に[UNK]した[UNK]、最高[UNK]＃岡山＃景色＃観光＃旅行[UNK]：／／ｔ．ｃｏ／[UNK][UNK][UNK][UNK][UNK]	0
1432313853803597825	[CLS]＠[UNK]＿[UNK]コロナ[UNK][UNK]る人、多いです[UNK]発熱外来でコロナ感染が判明した人に行動確認すると、ふつうに[UNK]所へ[UNK]してます[UNK]先生、[UNK]ご注意を[UNK][UNK]	2
1432312493225889805	[CLS]旅行ＳＮＳの[UNK][UNK]で人気急上昇に入りました！＃[UNK]＃旅行＃人気急上昇中[UNK]：／／ｔ．ｃｏ／[UNK]	0
1432311836276232197	[CLS]＠[UNK]ちょっと二人で何を堂々と私の[UNK]言ってんのよ[UNK][UNK]私は[UNK]、[UNK]ちゃんの身の安全を確保する為に電車内で刃物持った[UNK]が[UNK]…とかの[UNK]で頭をフル回転してるんだから！[UNK]よ[UNK][UNK]	0
1432307707864780805	[CLS]＠[UNK]＿[UNK][UNK]ありがとう[UNK][UNK][UNK]いいタイミングで電車が来てくれました[UNK]	0
1432302166631321605	[CLS]暑い中散歩していたら、途中から[UNK]が[UNK]立ち[UNK][UNK]、、何度か座って休みましたが、なかなか[UNK]ず、片道は電車を使いました。そんな距離でもないんですが、、、まだ[UNK]ないのかな。場所：[UNK]，[UNK]－[UNK]：／／ｔ．ｃｏ／[UNK][UNK][UNK][UNK]	1
1432300383682977796	[CLS][UNK]。仕事帰り踏切にトラックが[UNK]する事故で電車が大幅に遅れました。[UNK]：／／ｔ．ｃｏ／[UNK][UNK][UNK]	2
1432300255383597057	[CLS][UNK][UNK]ベーシック丸胴クルーネック新色オリーブ。新色の中でも秋らしい[UNK]です[UNK][UNK][UNK]月も終わりに近づいていますがまだまだ暑い日続きですね。[UNK]着て外出できるくらい[UNK]なるのを[UNK]、早めのご用意は[UNK]か？明日も[UNK]：[UNK]〜[UNK]：[UNK]で営業しております。＃[UNK]：／／ｔ．ｃｏ／[UNK]	0
1432200475219095552	[CLS]＠[UNK][UNK]＿ＰＴＡお疲れ[UNK]。[UNK][UNK]普通に[UNK]と[UNK][UNK]電車に乗っている[UNK][UNK][UNK]今日この頃[UNK][UNK]：／／ｔ．ｃｏ／[UNK][UNK][UNK]	0
1432298670834139137	[CLS]モロッコの[UNK]。海外旅行[UNK]行けないから、昔の写真や動画[UNK]気持ち[UNK]る。[UNK]：／／ｔ．ｃｏ／ｄ[UNK][UNK][UNK][UNK]	2
1432281996751896584	[CLS]今日は珍しくスカイラインで出勤したからアメ村[UNK]！！！	0
1432277761029144577	[CLS][UNK][UNK]で久々に昼間外出したら気温で頭痛と気分悪くなり熱中症になりかけたのでこれ[UNK][UNK][UNK]なった最近[UNK]してる。[UNK]：／／ｔ．ｃｏ／[UNK][UNK][UNK]	0
1432272603230601217	[CLS][UNK]月曜日～暫くお休みにさせて[UNK]予定です[UNK][UNK]日の月曜ですと、リクエスト出勤可能なのでもし、ご希望の方おら[UNK]お店までお[UNK]リクエスト下さいませ（＊＾＾＊）＃金の玉クラブ＃[UNK]マッサージ＃前立腺マッサージ	0
1432270319549444096	[CLS]【[UNK][UNK][UNK]月[UNK]日出勤キャスト[UNK][UNK]】[UNK][UNK][UNK]－[UNK][UNK][UNK]－[UNK]マリン[UNK]－[UNK][UNK]まな[UNK]－[UNK][UNK][UNK]－[UNK]きゅう[UNK]－[UNK]＃コンカフェ＃大阪＃[UNK]＃[UNK]＃メイド＃メイドカフェ[UNK]：／／ｔ．ｃｏ／[UNK][UNK][UNK]Ｋ	0
1432267640194551808	[CLS]ー出勤[UNK][UNK]／[UNK]（木）[UNK]－[UNK]受付[UNK]／[UNK]（土）[UNK]－[UNK]受付[UNK]お店に確認したらシフト入ってました。（今回は場所もわかりました。いつもは当日朝まわかりませんが[UNK]）明日は暑いから[UNK]けど[UNK]あの場所行って[UNK]。＃京都＃白石神社＃[UNK][UNK][UNK]：／／ｔ．ｃｏ／Ｃ[UNK][UNK]	0
1432265285206102018	[CLS]＠[UNK]＿[UNK]今日乗った電車ですわね[UNK]：／／ｔ．ｃｏ／[UNK]Ｋ[UNK]Ｃ[UNK]Ｓ[UNK]ｙ	2
1432265201814933513	[CLS][UNK][UNK][UNK]暑い日が続きますね[UNK][UNK]約一ヶ月ぶりの出勤で[UNK]のスタッフマキです[UNK]まい[UNK][UNK]も[UNK]：[UNK]までオープンしております！今日も店長と一緒に元気いっぱいお待ちしております[UNK]＃京都＃お[UNK]＃串揚げ＃烏丸	0
1432259074909822977	[CLS]京阪電車遅延しとるやない[UNK]	2
1432258749238951943	[CLS][UNK]「明日は[UNK]かも？[UNK]、[UNK]かな！うん、[UNK]おう！」とそういう方向に話を持っていった。[UNK]、実際に朝起きてからの状態で判断するけどさ。笑というわけで、帰る[UNK][UNK]もう電車に乗ってるけどね。	1
1432258123528491013	[CLS]風俗に行きたいときに，女の子を吟味して予約して数時間，数日待つことのできる人はどれくらいいるのだろうか．…[UNK]とを考えると[UNK]フリーから[UNK]に[UNK]こと，[UNK]お客様のお気に入りの誰かは出勤してること，[UNK]今そのときがお[UNK]だと感じさせること，が大事な気がする．ただの[UNK]です，[UNK]	1
1432258095300812800	[CLS]電車も[UNK]シート付ける時代[UNK]：／／ｔ．ｃｏ／[UNK][UNK]ｍ[UNK][UNK][UNK]ｎ	0
1432252118652489735	[CLS]＃カーライフ大阪店＃自社ローン＃全国対応＃車の生活＃車好きな人と繋がりたい＃キャンプ＃[UNK]＃[UNK]＃[UNK]＃車＃日産＃[UNK][UNK]：／／ｔ．ｃｏ／[UNK][UNK][UNK]：／／ｔ．ｃｏ／[UNK][UNK]ｏ	2
1432251100711821316	[CLS][UNK]のあと楽天宮崎遠征＋鹿児島旅行へ行って[UNK]ます[UNK]場所：関西国際空港第[UNK]国内線ターミナル[UNK]：／／ｔ．ｃｏ／Ｚ[UNK]Ｊ[UNK]ｐ[UNK][UNK][UNK]Ｂ	0
1432241883011448832	[CLS]今日はじめて電車通勤電車って[UNK]な	2
1432241837188780035	[CLS]＃散歩＃旅行＃ハイキング＃兵庫県＃公園＃有馬富士公園＃有馬富士＃[UNK]＃[UNK]＃[UNK]＃[UNK]＃[UNK]＃[UNK]＃[UNK]＠有馬富士公園[UNK]：／／ｔ．ｃｏ／[UNK][UNK][UNK][UNK]	0
1432240748074659842	[CLS]＃カーライフ大阪店＃自社ローン＃全国対応＃車の生活＃車好きな人と繋がりたい＃キャンプ＃[UNK]＃[UNK]＃[UNK]＃車[UNK]：／／ｔ．ｃｏ／[UNK][UNK][UNK]：／／ｔ．ｃｏ／[UNK][UNK][UNK]	2
1432240725031280642	[CLS]＃雀＃スズメ＃[UNK]＃散歩＃旅行＃ハイキング＃兵庫県＃公園＃有馬富士公園＃有馬富士＃[UNK]＃[UNK]＃[UNK]＃[UNK]＃[UNK]＃[UNK]＃[UNK]＃[UNK]＠有馬富士公園[UNK]：／／ｔ．ｃｏ／[UNK][UNK]Ｘ[UNK][UNK][UNK]ｗ	0
1432239303669608453	[CLS][UNK]今日はカート・[UNK]と[UNK]や─＝[UNK][UNK]（（（っ’[UNK]’）っ[UNK][UNK]：／／ｔ．ｃｏ／[UNK]	2
1432236547093323776	[CLS]外出意欲の[UNK]。[UNK]：／／ｔ．ｃｏ／Ｄ[UNK][UNK][UNK]ｊ	1
1432235965691559942	[CLS]＿＃カーライフ大阪店＃自社ローン＃全国対応＃車の生活＃車好きな人と繋がりたい＃キャンプ＃[UNK]＃[UNK]＃[UNK]＃車＃[UNK]＃日産音響設備に[UNK]♪[UNK]ブラックライン[UNK][UNK][UNK]特別仕様車グレードです[UNK][UNK][UNK][UNK]：／／ｔ．ｃｏ／[UNK]	0
1432235554393899008	[CLS]お風呂入ったので[UNK]外出しよ。（私は撮り鉄ではありません）	1
1432233333719662596	[CLS]車を使って外出をして[UNK]のは[UNK]んですが、営業車の鍵と事務所の鍵の両方を持って行かれると、私が外出出来なくなる。＃職場のお[UNK]＃相方のお[UNK]一面＃頼むからアクセルとブレーキは間違えないで下さいね＃[UNK]歳のパートナー＃[UNK]	2
1432232767446679552	[CLS]＃世界を旅するバスケット[UNK]＃マリの旅日記[UNK]／[UNK]ＴＢＳ＃世界[UNK]発見で＃[UNK]のミステリー＃南極が放映＃地球最後の[UNK]と言われている南極に波の[UNK]＃[UNK]海峡は飛行機で[UNK]／[UNK]とても楽しい＃旅行＃[UNK]バスケット＃講師養成＃[UNK]ペンギン＃[UNK]＃[UNK]：／／ｔ．ｃｏ／[UNK][UNK][UNK]	0
1432224947410128897	[CLS]今日、仕事で天満橋まで来たが帰りの電車が[UNK]付近の踏切[UNK]で全線止まってる！[UNK]ない！＃京阪電鉄＃[UNK]	2
1432224644765917186	[CLS]＠[UNK]＿[UNK]普通電車乗ってるとゆっくりできるわ[UNK]？	1
1432223658198519815	[CLS][UNK]〜沖縄行きたい[UNK]旅行に行きたい[UNK]〜[UNK][UNK]＃コロナに負けるな[UNK]：／／ｔ．ｃｏ／[UNK][UNK][UNK]	2
1432210693214728195	[CLS]経費削減のため、関西空港から[UNK]大阪は[UNK]暑い南海電車に乗ったので、難波で[UNK]の一[UNK]で[UNK][UNK]＠難波一[UNK][UNK]：／／ｔ．ｃｏ／ｇ[UNK][UNK]	0
1432207580252688389	[CLS][UNK][UNK]こ！＃神戸＃写真＃[UNK][UNK][UNK]：／／ｔ．ｃｏ／[UNK][UNK]ｇｘ[UNK]Ｅ	0
1432206315623895040	[CLS]＠[UNK]ちなみに病院もバスと、電車乗り継ぎ〜。単線は辛い[UNK]	0
1432204600421928964	[CLS][UNK]ならファミリーの[UNK]に[UNK]、今私が使ってる[UNK]カット[UNK]の新しいモデルが発売されてた！ウルトラコンパクト[UNK]カット[UNK]やったかな？（笑）私が使ってるのが[UNK]ｇで新しい物はなんと[UNK]ｇ！[UNK]（笑）[UNK]軽い！！欲しい…旅行に持って行くのに[UNK]いい！[UNK]：／／ｔ．ｃｏ／[UNK][UNK][UNK][UNK]	0
1432812993750859781	[CLS]＠[UNK][UNK][UNK]電車に乗ってまで食べに行きたくはないです[UNK][UNK]	2
1432187957046251522	[CLS]マスクすらしてないのですが、このイベントに参加した方も関係者も全員公共交通機関使わないで下さい…頼むから最低[UNK]週間は外出しないで下さい…	2
1432180983164387329	[CLS]＠[UNK][UNK]ちゃんの出勤時間でもすでに人が多い[UNK]ね[UNK]明日から不安[UNK][UNK]	0
1432161136162471936	[CLS]＠[UNK]＿[UNK][UNK][UNK]月最後の[UNK]出勤日[UNK]、[UNK]を外し[UNK]やり[UNK][UNK][UNK][UNK][UNK][UNK][UNK]	0
1432156251387953155	[CLS][UNK]の金曜日電車で歯医者堺まで行ったから[UNK]に自転車置いたから[UNK]の[UNK]の写真を撮った。[UNK]：／／ｔ．ｃｏ／[UNK][UNK][UNK]Ｂ[UNK][UNK]	0
1432148786004914179	[CLS]おはよう[UNK]！中の人は[UNK]月最後の出勤です！[UNK]も変わらず[UNK]Ｔｗｉｔｔｅｒ更新します！笑今日の茨木は[UNK][UNK]＃スマ[UNK]＃企業公式相互フォロー＃企業公式が[UNK]地元の天気を言い合う	0
1432147465998798853	[CLS]＠[UNK]＿ＮＣ[UNK]Ｘありがとう[UNK]（＊＾＾＊）うちの場合、バイクシェルターの中にあるので貼られていた時点で逮捕もんですね（笑）貼られるとしたら外出中しかないと思われます[UNK]	0
1432144524327849988	[CLS]おはよう[UNK]。[UNK]月末決算だし、数字早く合わせたい！と考え大阪のオフィススタジオに出勤しました！打ち合わせも[UNK]：[UNK]〜あります！[UNK]！[UNK][UNK]。	0
1432143498422018051	[CLS]現在ライブ活動、イベント等遊び密集地帯避けております。少し前までは出ていたのですが[UNK]のコロナ感染や、家に母方の祖父がいることを踏まえて改めて決めました。外出は仕事、最低限の買い物音楽[UNK]は陰性確認済み[UNK]人（固定）現状況、医療従事者、修学旅行に行けなかった学生等尊重します	1
1432143392696197121	[CLS]＠[UNK]＿[UNK][UNK]ですか〜ｗ	2
1432142179242180608	[CLS][UNK]、東京ではどこも外出してないけど、[UNK]食べたから、今日からまた食事制限しないとね（＾＾）目指すは健康的に[UNK]減量する笑	0
1432135046844977153	[CLS]今日は[UNK]が早めの出勤だったので娘の登園をと[UNK]ましたが娘が泣いて嫌がり結局[UNK]も保育園までくることになって[UNK][UNK]朝です。あっ！おはよう[UNK]。	0
1432133572593270789	[CLS]熱中症情報（[UNK]時[UNK]分）熱中症情報[UNK]警戒外出は[UNK]下を避けて大阪市北区[UNK]：／／ｔ．ｃｏ／[UNK][UNK]Ｏ[UNK][UNK]＃防災速報アプリ→ｈｔｔｐｓ：／／ｔ．ｃｏ／[UNK][UNK][UNK][UNK]	2
1432131616269238273	[CLS]＠[UNK][UNK][UNK]は、[UNK]バイトあるけど、一回きりや、短期、出勤日数[UNK]バイト多いから、収入計算できんｗ	1
1432854701020618757	[CLS][UNK]月月初の出勤[UNK]♪月変わっても[UNK]（＾＿＾；）[UNK]：／／ｔ．ｃｏ／[UNK][UNK]ｃｏ	0
1432850764787957764	[CLS]電車で吐き[UNK]、ちょっと休憩と思い[UNK]…朝まで休憩してしまいました。もう一泊するので、リベンジさせて下さい[UNK][UNK][UNK]、酒弱なった…もう、[UNK]と祇園[UNK]しません。[UNK]：／／ｔ．ｃｏ／[UNK]	2
1432850585905090565	[CLS][UNK]通勤時間の電車に[UNK]、[UNK][UNK]る[UNK]。居酒屋の比じゃない[UNK][UNK][UNK]通勤が良いな。	2
1432847107946283009	[CLS]出勤途中に[UNK]服に[UNK]がついてるのに気づくそういえば家出る前に[UNK]歳の[UNK]男を[UNK]してた[UNK]すれば[UNK]割くらいの確率で[UNK]付くの忘れてた	2
1432847084676337667	[CLS]出勤[UNK]（＠自宅（新居）ｉｎ京都市，京都府）[UNK]：／／ｔ．ｃｏ／ｋ[UNK][UNK][UNK][UNK]	2
1432846414485200900	[CLS]通勤電車離脱して、[UNK]荘に向かいたい朝。	2
1432845630842486786	[CLS]通勤時間帯の電車に[UNK]乗ったけど[UNK][UNK]がな（；[UNK][UNK]）（＠十三駅－＠[UNK]＿[UNK][UNK]，大阪府）[UNK]：／／ｔ．ｃｏ／[UNK][UNK][UNK]：／／ｔ．ｃｏ／ｙ[UNK][UNK]	1
1432843082005843969	[CLS]休日出勤終わって、なか卯で食べてます。[UNK]：／／ｔ．ｃｏ／[UNK][UNK]	1
1432842163046404097	[CLS]＃[UNK][UNK]！ですコロナ対策おうち時間を大切に！です。外出する時はマスク！！[UNK]：／／ｔ．ｃｏ／[UNK][UNK][UNK][UNK]Ｍ	0
1432841122733166593	[CLS][UNK]も無事に出勤前の上の天神[UNK]神社[UNK]さまへ参拝[UNK][UNK]中共武漢コロナ[UNK]疫病[UNK][UNK][UNK]祈願[UNK]を[UNK][UNK][UNK]の空も[UNK][UNK]で[UNK][UNK][UNK]は[UNK]さまも[UNK]祭[UNK][UNK]参拝の方が普段よりも[UNK]おみえです[UNK][UNK][UNK]私は端に[UNK][UNK]と[UNK]を上げてるので[UNK][UNK]ないで[UNK][UNK][UNK][UNK]：／／ｔ．ｃｏ／[UNK][UNK][UNK]	0
1432837050890285056	[CLS]電車乗ってたら前の人が[UNK]やってたんだけどホームが花嫁[UNK]っぽい件について	1
1432835417854730240	[CLS]＠[UNK][UNK][UNK]さんおはよう[UNK][UNK]あ〜今日は、アマ機持って出勤やった[UNK]ね！[UNK]わかコールに参戦していて[UNK]ました…[UNK][UNK][UNK]感じます[UNK][UNK]お気をつけて行って[UNK][UNK][UNK]	0
1432830057592999938	[CLS][UNK]年[UNK]月[UNK]日ハワイへの新婚旅行にて[UNK]：／／ｔ．ｃｏ／[UNK][UNK][UNK]	0
1432829912470024202	[CLS][UNK]年[UNK]月[UNK]日ハワイへの新婚旅行にて[UNK]：／／ｔ．ｃｏ／ｕ[UNK][UNK][UNK]Ｒ	0
1432829757536681990	[CLS][UNK]年[UNK]月[UNK]日ハワイへの新婚旅行にて[UNK]：／／ｔ．ｃｏ／[UNK][UNK][UNK][UNK]	0
1432829742294519811	[CLS]今日から[UNK]月。早いね〜今日はホテルから出勤。では行ってきます[UNK]おはよう[UNK]。[UNK]：／／ｔ．ｃｏ／[UNK]ｂ[UNK][UNK][UNK][UNK]	2
1432827601177903104	[CLS]朝食[UNK]、出勤日は使うか微妙なところ（[UNK]で[UNK]時半かららしい）	1
1432817147525230594	[CLS]【公明党の実績♪】[UNK]景気・経済編／[UNK]支援金売上半減で最大[UNK]円！[UNK]飲食店の休業・[UNK]営業や外出自粛の影響を受けた中小事業者などへの「[UNK]支援金」。対象期間が[UNK]月分まで延長されました。[UNK]：／／ｔ．ｃｏ／[UNK][UNK][UNK]＃公明党＃豊中市＃あなたに[UNK]暮らしを守る[UNK]：／／ｔ．ｃｏ／Ｓ[UNK][UNK][UNK][UNK]	0
1432647424934170624	[CLS]＃[UNK]月を写真[UNK]枚で振り返る初めての京急[UNK][UNK]阪急神戸線朝ラで[UNK][UNK]息子と撮った[UNK]電車[UNK]同じく息子と撮った水田と[UNK]系[UNK]です[UNK][UNK]：／／ｔ．ｃｏ／[UNK]	0
1432808883349688320	[CLS]＃[UNK]組＃[UNK][UNK]ストーンズＴシャツ着て休日出勤してます。[UNK]：／／ｔ．ｃｏ／[UNK][UNK]ｐ	0
1432792934232035339	[CLS]今日も、[UNK]…な[UNK]番電車[UNK]。朝から[UNK]象[UNK]場所：[UNK]駅[UNK]：／／ｔ．ｃｏ／[UNK][UNK][UNK][UNK]ａ	2
1432759074299338753	[CLS]あなたの働いてるホストクラブはまだ従業員の掃除ってありますか？[UNK]では掃除業者に掃除を[UNK]るので出勤してから掃除する必要もありません。ホストがいかにホストに集中する環境を[UNK]るかどうか[UNK][UNK]目で見て実感してみるといいでしょう	1
1432750645895786503	[CLS]＠[UNK][UNK]寿司で働いて電車見[UNK]	1
1432741431920062465	[CLS][UNK]月ラスト出勤日…蓋開けてみればご新規様と[UNK]様で完売ありがとう[UNK][UNK][UNK]良い再会できて気分は[UNK]でした[UNK][UNK][UNK][UNK]／[UNK]までお休み[UNK]ますが[UNK]日〜[UNK]日ま迄、[UNK][UNK]なって[UNK]ご用意各種しておきますね[UNK]お[UNK]なさい[UNK]＃密着[UNK]＃[UNK]マッサージ＃金の玉クラブ[UNK]：／／ｔ．ｃｏ／[UNK][UNK][UNK]	0
1432723119408623631	[CLS]小さい電車は好きだけれどね。	1
1432721324116488195	[CLS]実は[UNK]の路面電車の方が幅があることに気付く。	1
1432712803148869645	[CLS][UNK]日終わった～打ち合わせ[UNK]件無事終了。もう少しで[UNK]ヶ月のスイス遠征なので[UNK]処理してから行きたい。そして明日は[UNK]のスタッフ研修旅行。笑[UNK]：／／ｔ．ｃｏ／[UNK][UNK][UNK]	1
1432710085864796162	[CLS]シチリア島って、電車に乗って（電車が）そのままフェリーに乗って行く[UNK]。[UNK]！	0
1432709232667865099	[CLS]＠[UNK][UNK][UNK]、この写真、画質が[UNK]いいね。普段の様子、コミュニティにアップしてした、写真も見たよ。新しいカメラ、[UNK]のα[UNK]ｃのカメラで撮影したのかな？[UNK]家全員で[UNK]高原へ旅行ができて、良かったね。生配信[UNK]本含め、[UNK]本全部見たよ。[UNK]さん、よく[UNK]ね。＃[UNK]	0
1432705400986537993	[CLS]＠[UNK]＿[UNK][UNK]！そんな事言ってくれてありがとう！[UNK]も[UNK]に[UNK]会いたいねんで！！！でもな内外からの圧力が[UNK]あって外出禁止令[UNK]なってるねんここは耐え[UNK]ないと、今後が無いような感じやから…泣！	1
1432698584986701830	[CLS][UNK]いる途中で電車を[UNK]「次にしよう」という気分になるが、[UNK]で電車を[UNK][UNK]しますよね。	0
1432697549832417283	[CLS][UNK]年[UNK]ヶ月。最近よくドライブ[UNK]＝[UNK][UNK]＊に行って[UNK]景色を[UNK]見る（[UNK]）[UNK][UNK]空や[UNK]なんかも…[UNK][UNK][UNK]コロナで外出できないので、車から降りないでドライブだけ…[UNK]それでも心が[UNK]なる[UNK][UNK]がいた時も[UNK]人でよく[UNK]を[UNK]、ドライブ行った[UNK]ε－（[UNK][UNK][UNK]；）[UNK]：／／ｔ．ｃｏ／[UNK][UNK]Ｃ[UNK][UNK]	0
1432694514423009285	[CLS]チーフ業務で基本平日出勤しないと行けない状況で[UNK]研修出てるのに更に[UNK]の実習予定とか[UNK]ない[UNK]（＾ｏ＾）／	1
1432692900287029253	[CLS]姉妹店のキャストさんのラスト出勤に来ました。[UNK]休みにはいる直前のラスト[UNK][UNK]を撮りました。これは[UNK]ですね。しばらく[UNK]なくなるのが[UNK]けど、またいつか[UNK]ことを期待して、[UNK]けど、一旦お別れです。今までありがとう[UNK]。[UNK]：／／ｔ．ｃｏ／[UNK][UNK][UNK]	0
1432692581066948613	[CLS]＃カーライフ大阪店＃自社ローン＃全国対応＃車の生活＃車好きな人と繋がりたい＃キャンプ＃[UNK]＃[UNK]＃[UNK]＃フェア開催中＃バンフェア[UNK]：／／ｔ．ｃｏ／[UNK][UNK][UNK]：／／ｔ．ｃｏ／[UNK][UNK][UNK]	2
1432691309278633985	[CLS][UNK]．[UNK]．[UNK]阪急電車撮影＃阪急電車＃阪急電鉄＃阪急神戸線＃阪急京都線＃阪急宝塚線＃阪急電車コラボ＃[UNK]トレイン＃[UNK]ちゃん号＃阪急沿線＃十三駅[UNK]＃踏切撮影＃電車撮影＃電車撮影は素人です＃電車撮影する人と繋がりたい場所：十三駅[UNK]：／／ｔ．ｃｏ／ｘ[UNK][UNK][UNK]ｖ	0
1432688506015391745	[CLS][UNK]時出勤[UNK]！[UNK]：／／ｔ．ｃｏ／[UNK][UNK]Ｋ[UNK]Ｄ[UNK]Ｓ[UNK]	0
1432687087275282437	[CLS]＃[UNK]模型製作しているせいもあり、好きな電車でもあり、最近積極的に乗っている[UNK]の[UNK]系降りると早速観察してます。[UNK]系登場時は[UNK]標識灯が[UNK]のに、今ではこの黄[UNK]標識灯が[UNK]感じています。走っている間にしっかりと目に[UNK]おきます♪[UNK]：／／ｔ．ｃｏ／[UNK][UNK][UNK]	0
1432685517653557248	[CLS]Ｉ’[UNK][UNK]系新幹線電車ｉｎ神戸市長田区[UNK][UNK]丁目[UNK]－[UNK]，兵庫県[UNK]：／／ｔ．ｃｏ／Ｖ[UNK][UNK][UNK]Ｗ[UNK]	2
1432684370599370759	[CLS]＠[UNK]佐藤[UNK]さん、[UNK][UNK][UNK][UNK]お願い[UNK]ます。長崎皿うどん[UNK][UNK]ね。食べて[UNK]ね[UNK][UNK]ですね。長崎県に旅行行けると良いですね[UNK][UNK]行ったなら旅の思い出話を聴かせて下さいね[UNK]	0
1432680767658737665	[CLS]進撃の巨人アニメを[UNK]の協力で毎日少しずつ[UNK]で見てる。（[UNK]は原作最終話まで履修済）[UNK][UNK]話[UNK]分だが、その時間を[UNK]のに帰宅後の[UNK][UNK]、[UNK]の[UNK]を[UNK]して[UNK]くれる。果てには[UNK]つけの為、夜[UNK]なかった[UNK]を翌朝[UNK][UNK][UNK]出勤していく。→	0
1432678794293223432	[CLS]今日で[UNK]月も終わり。帰りの電車で寝過ごして[UNK]目の前が海でした。年々寝過ごした時の距離が伸びています。家で作業をメインにしていきます。	0
1432673503220797446	[CLS]．．[UNK]を活かして[UNK]ショート[UNK]．[UNK]のゆるさが[UNK]ん[UNK]〜〜〜．．今日から[UNK]出勤です！！．．場所：[UNK][UNK]：／／ｔ．ｃｏ／[UNK][UNK][UNK]	0
1432667208681865216	[CLS]久々に電車[UNK][UNK]暑いななんか冷房[UNK][UNK]ない	2
1432666622725005314	[CLS]電車に乗っている[UNK]。最近気づきました？車内広告が減っていること。実は世の中から広告を[UNK]と[UNK][UNK]なります。広告は企業毎に好き放題にデザインするので、[UNK]がごちゃついてしまうのです。それも味なのかな？でも街全体をデザイン[UNK]楽しそうだ[UNK][UNK]	1
1432662035095953413	[CLS]知り合い同士の[UNK][UNK]撮影のレベルなら良いと思いますが、[UNK]取れないくらいになると…[UNK]と個人的には思います[UNK]いつもの電車[UNK]何が[UNK][UNK]？[UNK]という疑問も分かりますが[UNK]いつもの電車撮るほど[UNK]ことはないですね[UNK]※だから腕が上がらない[UNK]？とも言われ[UNK]が[UNK]	1
1432661481267494917	[CLS]着メロ配信の仕事をしていた時代を[UNK]。なんか[UNK]するほど[UNK][UNK]日に[UNK]回くらいは[UNK]帰宅だったな…土日出勤も時々してた中で日本ダービーや香港[UNK]をよく現地に観に[UNK]ものだ（今でも信じられない）	0
1432659592094183433	[CLS]＃カーライフ大阪店＃自社ローン＃全国対応＃車の生活＃車好きな人と繋がりたい＃キャンプ＃[UNK]＃[UNK]＃[UNK]＃車＃トヨタ＃[UNK][UNK]：／／ｔ．ｃｏ／[UNK][UNK][UNK]：／／ｔ．ｃｏ／ｋ[UNK]ＭＣ[UNK][UNK]	2
1432659183099277315	[CLS]＃カーライフ大阪店＃自社ローン＃全国対応＃車の生活＃車好きな人と繋がりたい＃キャンプ＃[UNK]＃[UNK]＃[UNK]＃車＃[UNK]＿[UNK]：／／ｔ．ｃｏ／[UNK][UNK][UNK]：／／ｔ．ｃｏ／[UNK][UNK][UNK]	2
1432649806845861894	[CLS][UNK][UNK]として働く際には、以下の覚悟を持たせた方がいい（皮肉）・帰宅困難？[UNK]！！災害発生時の徒歩出勤も[UNK]！！・計画運休？[UNK]道具一式持参[UNK]！！・[UNK]？[UNK]！！罹患は[UNK]も承知！！	2
1432530314392264707	[CLS]＠[UNK][UNK]飲みに行きたいです（笑）	0
1432645077600325635	[CLS][UNK]は[UNK][UNK]にお土産まわりなのです[UNK][UNK]（[UNK][UNK]‘＊）[UNK]また明日から出勤してる（明日は満了）[UNK]以降は空き枠まだあるから予約待ってる！[UNK]：／／ｔ．ｃｏ／ｔ[UNK]Ｒ[UNK]Ｑ[UNK][UNK]	0
1432642645420089346	[CLS]＠[UNK]終わった。今の打線の状態で秋山、[UNK]で勝てないなら、[UNK]には暗いトンネルしか見えないわ。阪神電車で甲子園駅通ったけど球場行かなくて良かった。	2
1432636214566215685	[CLS]京都に流れる川と[UNK]鴨川。鴨川かもしれないし、[UNK]かもしれないし、賀茂川かもしれない。曖昧な日本文化らしいところはある。＃鴨川＃京都＃[UNK]＃京都駅＃電車[UNK]：／／ｔ．ｃｏ／[UNK][UNK][UNK]	2
1432631626249297926	[CLS][UNK]オリンピックもやる[UNK]から、私たちも旅行してもいいよね、と、[UNK]効果！で、[UNK]月の大感染拡大。[UNK]：／／ｔ．ｃｏ／[UNK][UNK][UNK]	0
1432631471773159424	[CLS]＠[UNK]＿[UNK]もう電車ですｗ	2
1432631396925796354	[CLS]今日仕事に[UNK]しました。理由は[UNK]です。[UNK]時出勤なのに起きたの[UNK]時[UNK]分でした。[UNK]確定です。	2
1432630650759114754	[CLS]＠[UNK][UNK]早く隠れ家に飲みに行ける日が来ることを[UNK]ます[UNK]	0
1432627397610774528	[CLS]＠[UNK][UNK][UNK][UNK][UNK]私も[UNK]接触者かもしれませんが、もしもの事があっても責任等取れませんので！と言って[UNK]上司に書いて[UNK][UNK]んで出勤してらマスク越しに[UNK]と[UNK]みるとか[UNK][UNK][UNK]	2
1432626691684245508	[CLS]この時期に電車でマスクしてへんのはもう[UNK]人って認識で[UNK]か？[UNK][UNK]	2
1432626082658729989	[CLS]阪急電車の窓から今日のサヨナラ[UNK]：／／ｔ．ｃｏ／[UNK][UNK]	2
1432625372277972993	[CLS][UNK]駅の隣が[UNK]駅、複雑すぎる。[UNK]標高が[UNK]ｍもあり、[UNK]登山電車です[UNK]（＠[UNK]駅ｉｎ神戸市，兵庫県）[UNK]：／／ｔ．ｃｏ／[UNK][UNK]ｈ[UNK][UNK][UNK][UNK]：／／ｔ．ｃｏ／[UNK][UNK]	2
1432621983208906757	[CLS]近鉄電車乗車中明らかにサッカー小僧[UNK][UNK][UNK]人、竹田駅で降りていった…[UNK]行くんかな。[UNK][UNK]	2
1432620311418003457	[CLS][UNK][UNK]で電車に[UNK]。[UNK]写真なんか[UNK]る場合やなかった	2
1432620252232175617	[CLS]仕事が終わり電車[UNK][UNK]に乗って帰ります[UNK]：／／ｔ．ｃｏ／[UNK][UNK][UNK]	2
1432616567632658434	[CLS]＠[UNK][UNK]京都線でよく[UNK]な。その特急電車。	0
1432613703812149250	[CLS]京都へ到着＃自転車旅行＃旅行＃写真[UNK]：／／ｔ．ｃｏ／ｊ[UNK]ＦＩ[UNK]Ｂ[UNK]Ｙ[UNK]Ｊ	0
1432606591090507784	[CLS]紅茶好きの私が、[UNK]飲みにしている紅茶の銘柄は、”[UNK]（[UNK]・ティー）”。実店舗での入手ルートは、[UNK]スーパーマーケット・成城石井・[UNK]など限られておりますが…ＥＣでは、簡単にお求め[UNK]ますし、かなりの良心価格ですので、[UNK]です。［[UNK]／[UNK]］	0
1432601601898733570	[CLS]今から大阪梅田駅から阪神電車の[UNK]系の直通特急に乗ります[UNK]＃阪神[UNK]系[UNK]：／／ｔ．ｃｏ／[UNK][UNK][UNK]	0
1432599298164736000	[CLS]出勤途中乗って来た大学生[UNK][UNK]人、他にも席[UNK]るのに[UNK][UNK]なかよしで座るなよ[UNK]隣と向かいに[UNK]体型ばかり[UNK][UNK][UNK][UNK][UNK]：／／ｔ．ｃｏ／[UNK]	2
1432586039206428672	[CLS]＠[UNK][UNK]く[UNK]！ｗ[UNK]か、楽しそうな旅行ツイみて元気[UNK]何よりです！	0
1432583946982756354	[CLS][UNK]が[UNK]のか、早速[UNK]きら〜[UNK]お[UNK]中も[UNK][UNK][UNK]、ステイモードで呼びかけたときも[UNK][UNK]くれたし、今日の[UNK]りんごは[UNK]きらモード[UNK]＃[UNK]りんご＃[UNK]＃[UNK]＃[UNK]との暮らし[UNK]：／／ｔ．ｃｏ／[UNK][UNK][UNK][UNK]	0
1432582962206314497	[CLS][UNK]／[UNK]（火）出勤[UNK][UNK]：[UNK]〜[UNK]：[UNK]迄[UNK][UNK]お仕事[UNK]お勤めお疲れ[UNK][UNK]日中[UNK][UNK]歩き回ると[UNK]ますね是非[UNK]訪問して[UNK]密着[UNK][UNK][UNK]を[UNK]いらして下さいね身体[UNK][UNK]！間違いないです[UNK][UNK][UNK][UNK][UNK]京都[UNK][UNK]．[UNK]：／／ｔ．ｃｏ／[UNK][UNK][UNK]	0
1432579524974112773	[CLS]さすがに限界なのであとは電車乗ります[UNK][UNK]	1
1432577415113543680	[CLS][UNK][UNK][UNK]電車今日はいろいろ楽しい日だね（笑）みんな[UNK][UNK]（＊[UNK][UNK][UNK]）ノ＃大阪メトロ[UNK]線＃大阪メトロ[UNK]系＃[UNK]電車場所：[UNK]線[UNK]駅[UNK]：／／ｔ．ｃｏ／[UNK][UNK]ｗ[UNK]	0
1432560144429113344	[CLS]アポまで[UNK]時間[UNK]ったので、[UNK]飲みに来た[UNK]：／／ｔ．ｃｏ／[UNK]	1
1432559335301861377	[CLS][UNK][UNK]柄電車で[UNK]（（ｏ（＾[UNK]＾）ｏ））実はかなり[UNK]んよ[UNK][UNK]お猿さんが[UNK]る（笑）[UNK][UNK][UNK][UNK][UNK]＃大阪メトロ[UNK]線＃大阪メトロ[UNK]系場所：大阪市営地下鉄[UNK]線[UNK]駅[UNK]・[UNK]番線ホーム[UNK]：／／ｔ．ｃｏ／[UNK]	0
1432551302391685122	[CLS][UNK]ここまで来た。道中の道[UNK]。ここから[UNK]オレでも飲みに行き[UNK]かね[UNK]：／／ｔ．ｃｏ／Ａｄ[UNK][UNK][UNK]ｅ[UNK][UNK]	2
1432547555536084994	[CLS][UNK]は子供の頃、ロサンゼルスに住んでた[UNK]か！[UNK]自分は[UNK]のアメリカの聖地制覇してる！（大学の卒業旅行で行った）	0
1432544560803024899	[CLS]長崎は[UNK]泊で電車で[UNK]ゴー	1
1432543368727314439	[CLS][UNK]ＫＯカンパニーの社長さんが飲みに来て[UNK][UNK][UNK]。笑	0
1432537898176311299	[CLS][UNK]さんありがとう[UNK]まだ全種類揃ってた！！！[UNK]今回も[UNK]可愛い[UNK][UNK][UNK][UNK]かわよ[UNK][UNK]出勤前に[UNK]ＢＢ飲んでパワーチャージ[UNK][UNK][UNK][UNK][UNK][UNK][UNK][UNK][UNK][UNK][UNK]：／／ｔ．ｃｏ／[UNK][UNK]ｘ[UNK][UNK]	0
1433172360752996357	[CLS]＠[UNK][UNK]ポストまだ見てないから出勤時に見て入ってたら回収しないと[UNK]	1
1432520142123012102	[CLS]地雷系みたいな[UNK]電車内で相方に都市伝説を[UNK]として語るやつ小学校くらいから服のセンスと興味の対象変わってないのかもしれないって[UNK]なんか[UNK][UNK]きた	2
1432516701166342146	[CLS]＠[UNK][UNK][UNK][UNK][UNK]電車で遊びに行くし来るし無問題です[UNK]（＾ｏ＾）／	0
1432510589159436288	[CLS]失敗した[UNK]今日は[UNK]するから、[UNK]もいい服装で出勤するようにと、みんなに伝えてたのに、言った本人が忘れて、お気に入りの白い[UNK]シャツで出勤してるという[UNK]	2
1432503490467680258	[CLS][UNK][UNK]ツイートってやつ[UNK][UNK][UNK]見ました鬼の[UNK]やって映画中[UNK]見て[UNK][UNK]吐きにいったけど、映画中には復活して[UNK]ラーメン食べて飲みに行って帰りましたちゃん[UNK]。笑[UNK]：／／ｔ．ｃｏ／[UNK][UNK]ＮＯ[UNK]	0
1432503448751144965	[CLS][UNK]の遅れを取り戻す為休日出勤です[UNK]て[UNK][UNK][UNK][UNK]が[UNK]次は[UNK]です＃[UNK][UNK]：／／ｔ．ｃｏ／ｐ[UNK][UNK][UNK][UNK]	2
1432499398118760454	[CLS][UNK][UNK]〜[UNK][UNK]す[UNK]コ[UNK]南海電車、スタンプラリー延期は[UNK]けどそれでも[UNK][UNK]、可愛すぎた[UNK][UNK][UNK]：／／ｔ．ｃｏ／[UNK]	1
1432496264659169283	[CLS]＠[UNK]＿[UNK][UNK]おはよう[UNK][UNK]お仕事、出勤するにも[UNK]ですね今日も外は[UNK]なります[UNK][UNK]も[UNK]お願いします[UNK]	0
1433214941801103360	[CLS][UNK]日はワクチン接種[UNK]回目で[UNK]が[UNK]日だし[UNK]、[UNK]は[UNK]（兼身体[UNK]）[UNK]はシンメモ発売日[UNK]夜から？[UNK]年待たされた旅行月末はクロの軌跡が出るのか〜	2
1433213720516194310	[CLS]電車内で大声で会話する人がいた、悪だってニュースが言ってた。マスクから鼻出してたら強制[UNK]って鼻出してる人[UNK]いる。[UNK]したら熱ある[UNK]らコロナ[UNK]か？って差別[UNK]な。[UNK]を避けましょうって掲げて、買い物の列は早く行け行けって詰めてくる	2
1433213126929956864	[CLS]＠[UNK][UNK]あ、旅行[UNK]かと	1
1433211960112422914	[CLS]おはよう[UNK][UNK]、[UNK][UNK]木曜日の西宮市、雨の朝です〜[UNK]前線が停滞する影響で各[UNK]です、気温は高くなく過ごしやすく、[UNK]お買い物には[UNK]、明日も雨マークです、[UNK]、お誕生日＆[UNK]；記念日の[UNK]、[UNK][UNK]〜[UNK][UNK]、[UNK]福あれです〜[UNK][UNK][UNK][UNK]：／／ｔ．ｃｏ／[UNK][UNK]ｒ[UNK]	0
1433211682839531530	[CLS][UNK]日ぶりの出勤日（・ω・）ノ（＠ちょっとお堅めの職場[UNK][UNK]ｉｎ神戸市中央区，兵庫県）[UNK]：／／ｔ．ｃｏ／[UNK]：／／ｔ．ｃｏ／[UNK][UNK][UNK][UNK]ｑ	1
1433211629005541378	[CLS]電車乗ってるお[UNK][UNK]でか[UNK]つけてるの可愛い	0
1433210933535330307	[CLS]＠[UNK][UNK]おはよう[UNK][UNK]出勤済みｗ	0
1433210222781218817	[CLS]いま電車乗ってんねんけど左斜め前に立ってる肥満体型の黄色い服着てメガネかけてる[UNK]にずっと[UNK]られててちょっと気が[UNK][UNK][UNK]	1
1433209320083165185	[CLS]出勤[UNK]（＠自宅（新居）ｉｎ京都市，京都府）[UNK]：／／ｔ．ｃｏ／[UNK][UNK][UNK][UNK]ｏｒ	2
1433205308805898240	[CLS]＠[UNK][UNK]阪神電車、です。[UNK]：／／ｔ．ｃｏ／[UNK][UNK][UNK]	0
1433203522351210497	[CLS][UNK]も無事に出勤前の上の天神[UNK]神社[UNK]さまへ参拝[UNK][UNK][UNK]コロナ[UNK]疫病[UNK][UNK][UNK]祈願[UNK]を[UNK][UNK]今日は二日[UNK]の方も少なく普段通り…[UNK]は[UNK]だけ見かける所[UNK]、僧か修験っぽい[UNK]にお稲荷さまを[UNK]いる時から後ろに[UNK]れ…[UNK]ｈｔｔｐｓ：／／ｔ．ｃｏ／[UNK][UNK][UNK]	0
1433199416467361793	[CLS]境内から阪急電車がみえる[UNK]：／／ｔ．ｃｏ／[UNK]	2
1433198646879678465	[CLS]＠[UNK]＿[UNK]おはよう[UNK]今日も堺（[UNK]）に[UNK]〜雨の運転は[UNK]な	0
1433198266846519296	[CLS]＠[UNK][UNK]＃[UNK]＃秋田[UNK]さんスタッフの[UNK]、お早[UNK][UNK]居[UNK][UNK][UNK]外出て植物達に[UNK]ながら挨拶してたらまるで台風でも来たはる[UNK]か？と思わせる[UNK][UNK]（え）[UNK][UNK]くれた[UNK]ましたわ[UNK][UNK][UNK]は[UNK]焼き具合[UNK]秋田さんは週の[UNK][UNK]時間[UNK]下さい[UNK][UNK][UNK]：／／ｔ．ｃｏ／[UNK][UNK][UNK]	0
1433197057578209280	[CLS][UNK]。電車乗り間違え[UNK]（；[UNK][UNK][UNK]）[UNK]	2
1433195053397073929	[CLS][UNK]：[UNK]／[UNK]の[UNK]が悪くなる前にバイクで出勤しようかと[UNK]＃[UNK]お[UNK]	1
1433191646942810116	[CLS]＃お[UNK][UNK]さん、[UNK]おはよう[UNK][UNK]今は、雨、降ってません。車で出勤なので、少し早めに出勤します[UNK][UNK]秦[UNK]	1
1433188994116771847	[CLS]＃カーライフ大阪店＃自社ローン＃全国対応＃車のある生活＃車好きな人と繋がりたい＃キャンプ＃[UNK]＃[UNK]＃[UNK]＃車＃[UNK]＃[UNK][UNK]＃[UNK]＿[UNK]：／／ｔ．ｃｏ／[UNK][UNK][UNK]：／／ｔ．ｃｏ／[UNK]	2
1433185145792577536	[CLS]おはよう[UNK][UNK][UNK][UNK]なくて[UNK][UNK]がや[UNK]ます[UNK]今日[UNK]生物と化学します[UNK][UNK]入りたい[UNK][UNK][UNK]三宮出勤します[UNK][UNK]：／／ｔ．ｃｏ／[UNK][UNK][UNK]	0
1433180426835828736	[CLS]おはよう[UNK][UNK]夜中に降った雨は現在[UNK]いますが、夕方まで降るみたいなので傘を持って[UNK]くださいね〜[UNK]お仕事の方もお休みの方も[UNK][UNK]＃京都＃[UNK]＃企業公式相互フォロー＃企業公式が[UNK]地元の天気を言い合う[UNK]：／／ｔ．ｃｏ／[UNK][UNK][UNK]	1
1433178779376046088	[CLS]＠[UNK][UNK]ちゃん、おは[UNK]（＾＾）出勤ちゅう	0
1433177484284026887	[CLS]＃お[UNK]おはよう[UNK]雨降り出してきました出勤するのが[UNK]音で[UNK]少し待って[UNK]週末までもう[UNK]今日も[UNK]入れて[UNK][UNK]ます。リクエスト東京[UNK]オーケストラｆｅａｔ[UNK]武士[UNK]	0
1433173906781843464	[CLS]おはよう[UNK]＆[UNK]；（＿＿）＆[UNK]；雨の朝となりました。一雨毎に[UNK]なる[UNK]か？[UNK]よりは[UNK]－[UNK]日は[UNK]出勤なので弁当作りは[UNK]ストックしてて少しは[UNK]なっていますが、やはり[UNK]出勤の日は[UNK]ですね（[UNK]。[UNK]；）[UNK]も[UNK]ご安全に[UNK]お願い[UNK]ます[UNK]（[UNK][UNK][UNK][UNK][UNK]）[UNK][UNK]：／／ｔ．ｃｏ／[UNK]ｙ[UNK][UNK]	1
1433173218567802883	[CLS]出勤時間に[UNK]で大雨か！	1
1433023673410064390	[CLS][UNK]、[UNK]。[UNK]夜[UNK][UNK]に電車で[UNK]読んでてちょっと[UNK]すぎ？夢の中にいる[UNK]。＃[UNK]	2
1433169072850677761	[CLS]朝の通勤電車、[UNK]さん[UNK]人も[UNK]、満足[UNK]知り合いじゃないので、声掛けしてません[UNK][UNK][UNK]	0
1433163736454504451	[CLS]＃[UNK][UNK]＃[UNK][UNK]田村君、[UNK]おはよう[UNK][UNK]お天気は悪いですが、[UNK][UNK]ます[UNK]出勤準備しながら聞かせてもらいます[UNK]	1
1433160381523009537	[CLS]＠Ｐ[UNK][UNK][UNK]ＦＲ[UNK][UNK]＠[UNK][UNK]ｋ[UNK][UNK]富山旅行ですか[UNK]お酒は[UNK]ませんね[UNK]	2
1433155571797090305	[CLS]あさ通勤時に耳につけた[UNK]の[UNK]の充電がないことに[UNK]もそのままつけて出勤する＃つけないと[UNK]＃[UNK]＃聴いてるふり＃[UNK]あるある	1
1433153418462380040	[CLS][UNK]〜[UNK][UNK][UNK][UNK][UNK][UNK]今日は本業[UNK]、今から出勤です。[UNK][UNK]時半起きで非常に[UNK]です。天気も[UNK]、[UNK]今日は[UNK]…途中で[UNK]しないように気をつけないと[UNK][UNK][UNK]今日は広い範囲で雨模様の一日になり[UNK]。[UNK]どうか事故にはお気をつけて、今日も良い一日を[UNK][UNK]	0
1433136670275112965	[CLS]＠[UNK]＿[UNK]いつも電車好きな息子さんのツイートみて[UNK]れてます[UNK]百済の貨物ターミナルが時々出てくるのもうちの近所[UNK]勝手に[UNK][UNK]ってます[UNK]育児[UNK]と思いますが[UNK]ください[UNK]（[UNK][UNK][UNK]＊）و	0
1433128576816087040	[CLS]＠[UNK]場所はアレかもですが、神戸元町の電車の高架下にあるレコード屋さんがお店の前まで[UNK]レコード積んであって興奮しました[UNK][UNK]	0
1433127409151201280	[CLS][UNK]の出勤予定複雑すぎる	2
1433111857196191744	[CLS][UNK][UNK]か。尼崎市コロナ感染の市立小教諭自らの感染を学校側に報告せず出勤[UNK]式後に担任のクラスで授業（読売テレビニュース）[UNK]：／／ｔ．ｃｏ／[UNK][UNK][UNK][UNK][UNK]＃[UNK][UNK]	2
1433099509337243649	[CLS]＠[UNK]＿ｄｅえ？電車に乗るだけで？私はドイツについても数日は[UNK]ないし、図書館に行ってもそれまで[UNK]たせいで文章もなかなか頭に入らず、やる気が戻るのに数日を要します。	2
1433088342191575040	[CLS][UNK]ｍ[UNK]ドアの電車を[UNK]ことがあります、	0
1433087953023102980	[CLS]国鉄[UNK]系から改造した電車があるんだけど[UNK][UNK]来ない。	2
1433087149541265413	[CLS]「日本車両製」ではなく「田中車両（後の近畿車輛）」の電車が走ってる。	2
1433086888328327172	[CLS]戦中に名鉄に合併されなかったのでちょっと毛色が違う電車が走ってる。	1
1433085529025761291	[CLS][UNK]ｍ級の電車を走らせたい。	1
1433085245583024129	[CLS][UNK]週間に[UNK]度の出勤日[UNK]他は自宅で[UNK][UNK]お昼ご飯は、サルベーコンへ[UNK][UNK]前回は[UNK]ランチだったので、今日は[UNK]ランチ[UNK][UNK][UNK][UNK]＃サルベーコン＃ランチ＃お昼ご飯＃[UNK]＃[UNK]ランチ場所：[UNK][UNK]【サル・ベーコン】[UNK]：／／ｔ．ｃｏ／[UNK][UNK][UNK][UNK]ａ	0
1433084884776468481	[CLS]阪急電車観てる。この映画何回観てもいい。中谷[UNK]が特にいいよね。	0
1433082454454145030	[CLS]＠[UNK][UNK]稀に熱が出るのと、[UNK]するくらいです。→[UNK]の職場では当選者が複数いますが、全員無症状で無事に出勤してます。。	0
1433071566095409156	[CLS]いつもの帰りの電車何か人多い[UNK]？[UNK]、コロナ増えてるよな[UNK]また東京越えるんじゃね？	0
1433057454443536384	[CLS]コロナで自分が思っているより[UNK]る事に気づいてしまうと、[UNK]に[UNK]気持ちが沈んで[UNK]します。そんな時、好きな音楽が[UNK]番[UNK]助けてくれています[UNK][UNK]『[UNK]超える〜』って聴きながら「そうだ、私[UNK]超えてる！早く[UNK]！」って…まだ電車の中なんだけど[UNK]	0
1433057174868086787	[CLS]南海電車難波駅にてす[UNK]コ[UNK]電車[UNK]＃南海電車＃す[UNK]コ[UNK]場所：難波駅[UNK]：／／ｔ．ｃｏ／[UNK][UNK][UNK][UNK][UNK]	2
1433050826373615619	[CLS]わい氏、明日[UNK]時半出勤に変更になったと[UNK]聞かされる	2
1433047349505396743	[CLS][UNK]の『[UNK]』は[UNK]名曲だと思うマン。昔、みんなで、カラオケに行って、この曲を歌ったとき、僕の天敵とも[UNK]人が「[UNK]、[UNK]嫌い[UNK]この曲だけは[UNK]わ」と発言したのを聞き、心の[UNK]からの[UNK]を抱いたことがまるで[UNK]のことのよう。	0
1433047341200601092	[CLS]＃カーライフ大阪店＃自社ローン＃全国対応＃車の生活＃車好きな人と繋がりたい＃キャンプ＃[UNK]＃[UNK]＃[UNK]＃車[UNK]：／／ｔ．ｃｏ／ＳＡ[UNK][UNK][UNK][UNK]：／／ｔ．ｃｏ／[UNK]	2
1433045902344667142	[CLS]＃カーライフ大阪店＃自社ローン＃全国対応＃車の生活＃車好きな人と繋がりたい＃キャンプ＃[UNK]＃[UNK]＃[UNK]＃車[UNK]：／／ｔ．ｃｏ／[UNK][UNK][UNK]：／／ｔ．ｃｏ／[UNK][UNK]Ａ[UNK]	2
1433045396071145476	[CLS]＠[UNK]「旅行の友」は老舗中の老舗です。この物語は語り継ぎたい。[UNK]：／／ｔ．ｃｏ／[UNK][UNK][UNK]	0
1433043508101738500	[CLS]現地からの虎[UNK][UNK]が[UNK]すぎて、電車乗って帰る前に勝利の[UNK]で[UNK]を楽しむ[UNK][UNK]：／／ｔ．ｃｏ／[UNK]	0
1433038094433873926	[CLS]＠[UNK][UNK]次回は、コロナ[UNK]、飲みに行きましょうね[UNK]	0
1433035360200638465	[CLS]＠[UNK][UNK][UNK]明日、このシャツを着て出勤します。[UNK][UNK]	0
1433032707437592576	[CLS]＠ＭＴ[UNK]早くコロナ[UNK]ませんかね！？飲みにいきたいですね[UNK]	2
1433030991770120202	[CLS]能勢電鉄の[UNK][UNK]電車[UNK]が[UNK]まででしたか[UNK]何度かチャンスはあったのですが、あまり機会に恵まれなかった印象です[UNK][UNK]：／／ｔ．ｃｏ／[UNK][UNK][UNK][UNK]Ｈ	1
1432921436843175937	[CLS][UNK]、無事に帰ってきました。家族旅行二日間は…朝から風呂入って〜しっかり朝食食べて〜[UNK]リゾート神戸へプールでした。その後は…初箕面温泉[UNK]へ…続[UNK]：／／ｔ．ｃｏ／[UNK]	0
1433023059137425410	[CLS]今年も[UNK]号は[UNK]所へ[UNK]したんだ[UNK][UNK]よく[UNK]くれてるから日々感謝だ[UNK][UNK]：／／ｔ．ｃｏ／Ｙ[UNK][UNK][UNK]ｒ[UNK]Ｐ	0
1433021989053034498	[CLS]＠[UNK]良き[UNK]電車♥	0
1433020495402729472	[CLS]禁酒[UNK]時間達成を記念して飲んでます[UNK]はスーパーの安い[UNK]の焼き[UNK]だよ[UNK]車で外出したんだから持ち帰りの店で買って[UNK]よかった明日から資格試験の勉強再開ダイエットは遅くとも土曜日までには再開それまでに完全復活します[UNK]：／／ｔ．ｃｏ／Ｎ[UNK][UNK]	0
1433012127174823940	[CLS]おし[UNK]。今日は難波で[UNK]の[UNK]食べてから帰ります。早く海外旅行したい[UNK][UNK]。[UNK][UNK][UNK]：／／ｔ．ｃｏ／[UNK][UNK][UNK][UNK]Ｑ	0
1433005988034928646	[CLS]＠[UNK]＿[UNK]今日は少し早めに出勤したので気付かず[UNK][UNK]ん[UNK]もう[UNK]の時間になってしまいました[UNK]	2
1433004618074652679	[CLS][UNK][UNK]月。毎年夏らしい事をすることもなく、ひたすら仕事をする日々。そんなボクの楽しみは夏休み公開の映画。夏じゃなくても時間を[UNK]映画を見に行くん[UNK]、クーラーが[UNK]映画館に[UNK]を[UNK]鑑賞してると夏[UNK]〜と感じるね。	0
1432999477846036484	[CLS]＠[UNK][UNK][UNK][UNK]天理大の試合を見に神戸まで行きました。またスタンドで見たいです	0
1432998664658690052	[CLS][UNK]日ぶりの外出（＠エコステーション[UNK][UNK]駐輪場－＠[UNK][UNK][UNK]ｉｎ京都市，京都府）[UNK]：／／ｔ．ｃｏ／Ｇ[UNK][UNK][UNK][UNK]ｐ[UNK]ｃ	0
1432996173837594624	[CLS]＠[UNK]路面電車の？	2
1432987042934247426	[CLS]大阪駅到着！田舎の民からすると電車が[UNK]分おきくらいに発車するの[UNK]よ[UNK]	0
1432982024210448393	[CLS]同時出勤[UNK]：／／ｔ．ｃｏ／[UNK]	1
1432980601343135749	[CLS]阪神尼崎[UNK]：[UNK]Ｆ高速神戸で山陽電車に乗り換えだよね。＃とある鉄道好きボクっ娘エルフの乗車記録[UNK]：／／ｔ．ｃｏ／[UNK][UNK][UNK]Ａ[UNK]	0
1432976685712822275	[CLS]＃[UNK]（＃[UNK]）さんの＃[UNK]ライブ[UNK][UNK]：／／ｔ．ｃｏ／[UNK][UNK]Ｊで[UNK]話題になった＃吉野家[UNK]〜電車や[UNK]使って仕事したので帰宅するのが待ちきれずｗ久々に[UNK]”丼セット”というのがあり「[UNK]円セット」でチーズ[UNK]＋[UNK]サラダ＋[UNK]に[UNK][UNK]も紅[UNK]も[UNK]〜お[UNK]も＃ナチ活[UNK]：／／ｔ．ｃｏ／[UNK][UNK][UNK]	0
1432972277503512578	[CLS]私専業主婦なんだけど[UNK]歳の子供がいるし二世帯住宅だし、[UNK][UNK]つけて遊びにもいかなかったのにコロナ[UNK]なりました。感染源は家族感染。義弟から。ただでさえ電車通勤の[UNK]なのに休みの度に競輪場、競馬場、競艇といき[UNK]て。遊びにも行かず、コロナ対策徹底してくれてたら	2
1432971710114922497	[CLS]＠[UNK][UNK]と[UNK]、[UNK]…確かに、高度成長期、眼鏡をかけて首からカメラを下げた[UNK]ない格好をして海外旅行に出ていた頃もありました。でも、ホテルのプールで立ち[UNK][UNK]をしたり[UNK]でも[UNK]でもまるで喧嘩をしている様な大声で話す事は無いかと。それにいきなり殴りかかる様なこともないと思う。	1
1432962372616876044	[CLS]偶然…電車で隣に顧客[UNK]	2
1432962239900749827	[CLS][UNK]二回も電車に[UNK]なかったのが未だに、、、	2
1432955526128693252	[CLS]【速報】小学校の教職員が『コロナ陽性[UNK]日後に出勤』体調改善で自ら判断…管理職に伝えず兵庫・尼崎市（ＭＢＳニュース）＃Ｙａｈｏｏニュース[UNK]：／／ｔ．ｃｏ／[UNK][UNK][UNK][UNK][UNK]酷すぎる[UNK]	2
1432954494409535493	[CLS][UNK]月タマちゃんの東京＃[UNK]出勤日のお知らせ＃[UNK][UNK]日〜[UNK]日[UNK]日〜[UNK]日ご予約はまだ若干の空きがあります。[UNK]：／／ｔ．ｃｏ／[UNK][UNK]ｑ	2
1432952835210027008	[CLS]大邱行きたいと思ってたのにコロナ。早く旅行行きたい[UNK][UNK]：／／ｔ．ｃｏ／[UNK][UNK][UNK]	0
1432951982474424323	[CLS]アットジャムのアーカイブ閲覧期限は今日の[UNK]時までなんですね[UNK]変更されたため見れないかも[UNK]出張と重なったので、電車の中で見るしかないのか。目立つ[UNK][UNK]	1
1432948565282734092	[CLS]今日の出勤[UNK][UNK][UNK]さんでエビと[UNK]の[UNK]＃ランチ＃[UNK]＃[UNK][UNK]：／／ｔ．ｃｏ／[UNK][UNK][UNK]ｒ[UNK][UNK]	0
1432947635858513930	[CLS]明日は[UNK]ヶ月[UNK]ぶりの出勤[UNK]	1
1432945505433096192	[CLS]ラウンジ閉鎖し[UNK]、南海電車で移動します（[UNK]も運休[UNK]…）。[UNK]：／／ｔ．ｃｏ／[UNK][UNK][UNK]	0
1432944029931429891	[CLS]私の場合、風俗で過去[UNK]出勤する事もありましたが、そのような『[UNK]！』は全く[UNK]なかったです。そのままの意味の[UNK]の意味でなく[UNK][UNK]れてる様に捉えましたし謎の風潮ですよね[UNK]【お店の人数確保的都合】[UNK]ので、人数確保に貢献できてるし[UNK]て[UNK]ね[UNK]みたいな…[UNK]ｈｔｔｐｓ：／／ｔ．ｃｏ／[UNK][UNK][UNK]	2
1432942916264030210	[CLS]＠[UNK][UNK]今年の誕生日プレゼントは…富山旅行です…！（我自身でホテルとかは手配しています。）	0
1432936373862891521	[CLS]＠[UNK][UNK]我は外出（趣味で）していますよ。	0
1432935527498469382	[CLS][UNK]。今日からいよいよ[UNK]月[UNK]夏がひと段落して秋の[UNK]を少しずつ…ですね[UNK]も変わらず少な[UNK][UNK][UNK]日～[UNK]日迄の出勤です[UNK][UNK]ご縁[UNK]方が楽しく[UNK]幸せなお時間をお過ごし[UNK]様な各種ご用意しておきます＾＿＾お[UNK]ご利用[UNK]ますと[UNK][UNK][UNK]：／／ｔ．ｃｏ／[UNK][UNK]ｏ[UNK][UNK]：／／ｔ．ｃｏ／[UNK]：／／ｔ．ｃｏ／[UNK][UNK][UNK]	0
1432933521018867712	[CLS]＠[UNK][UNK]今我が乗っている電車、和歌山駅から高田経由の奈良行きです…[UNK]です…	2
1432930342223036426	[CLS][UNK]週間に[UNK]回電車に乗る日	2
1432927405513924621	[CLS]＠[UNK]夏休み〜どこも行かずに稽古[UNK]ましたから！人が少なく夏休み終わってからの家族旅行にしました。[UNK]様で、人が少なくゆっくり出来て良かったですわ[UNK][UNK]	0
1433523826940268544	[CLS]＠[UNK][UNK][UNK][UNK]、最終電車のみ見られる光景なのかなって思いました。理由は線路内の落下物が無いかの点検や完全確認を最終列車に乗務する車掌が[UNK]行っているということも考えられます。あくまでも私個人の見解ですが、、、	1
1432917488195358722	[CLS]＃カーライフ大阪店＃自社ローン＃全国対応＃車の生活＃車好きな人と繋がりたい＃キャンプ＃[UNK]＃[UNK]＃[UNK]＃車＃[UNK]＿[UNK]：／／ｔ．ｃｏ／[UNK][UNK][UNK]：／／ｔ．ｃｏ／ａｒ[UNK][UNK][UNK]Ｃ	2
1432915141771755520	[CLS]ワクチン打った所[UNK][UNK]し熱出なかったから普通に出勤で[UNK]	1
1432911481285140481	[CLS]＠[UNK]ｒａそう言う気持ち時々なります。辞めるとか[UNK]なくてもいいのでは。自分は[UNK]行く個人旅行（国内）が解決法になりました。今はコロナで[UNK]が、何かご[UNK]的なことを見つけ[UNK]いいと思うのですが。	1
1432909682486571013	[CLS]＠[UNK][UNK]誰でも出来ることしかしていない。しかも年間休日[UNK]日（出勤未稼働日含む）。	2
1432902028678754309	[CLS]電車はそんな大事な役を果たした他の劇場があるでしょうか。宝塚歌劇団は阪急宝塚駅にすぐ近くがあります。＃宝塚歌劇団＃宝塚市＃阪急電車＃イラスト＃イラスト好きさんと繋がりたい[UNK]：／／ｔ．ｃｏ／[UNK][UNK][UNK]Ｋ	0
1432894155894657028	[CLS][UNK]（笑）。状況に[UNK]…。電車や駅のトイレやＡＴＭではマッチ箱ぐらいですな（笑）。[UNK]あなたの心の広さ[UNK][UNK]針の穴[UNK][UNK]クラスの座席[UNK][UNK][UNK]学校のプール[UNK]【[UNK]布袋】[UNK]東京ドーム[UNK]太平洋[UNK]宇宙＃あなたの心の広さはこの位[UNK]：／／ｔ．ｃｏ／[UNK][UNK]	0
1432893271072673795	[CLS]大阪に到着＃旅行＃写真[UNK]：／／ｔ．ｃｏ／[UNK][UNK]	0
1432885654711504896	[CLS]＠[UNK][UNK]おはよう[UNK][UNK][UNK][UNK]よく[UNK]います[UNK][UNK][UNK][UNK]（＾[UNK]＾）ノ[UNK]お気を付けて[UNK]下さい[UNK]	0
1432885263349342213	[CLS]子どもと電車を見に[UNK]階へよくいくが[UNK]階の荒廃ぶりは震災時のままだからなんだ。[UNK]これは…[UNK]歳“元地上げ屋”と手を組み…神戸市の再開発に重大疑惑なぜ「さんプラザ」は復興の波から取り残されたのか[UNK]復興＃[UNK]＃文春オンライン[UNK]：／／ｔ．ｃｏ／[UNK][UNK]ｘ	0
1432885103315746825	[CLS][UNK]に[UNK]月になりました（＾＿＾；）かなり[UNK]なり、過ごしやすくなりましたが、まだまだコロナの収束が見えない状況です。[UNK]、[UNK]不要な外出は極力避け、お[UNK]の際は気をつけて下さい。	1
1432874680721895426	[CLS]＠ＭＴ[UNK][UNK]ゴルフ行った後寝てしまってた[UNK]お誕生日[UNK]！！今度飲みに[UNK]！[UNK]	0
1432872072980549640	[CLS]朝からベリーグッドマンのドリーム[UNK]聞いて高校野球[UNK]泣きそうになりながら出勤してる…今日から[UNK]ヶ月だけ梅田です…通勤…[UNK]…[UNK][UNK]	2
1432856654148562953	[CLS]いつもの出勤時間より[UNK]分早く自宅を出発しただけで済みました（笑）今日[UNK]日椅子生活[UNK]ます[UNK]：／／ｔ．ｃｏ／[UNK][UNK]Ｑ	0
1433578474552246289	[CLS]これも[UNK]電車移動[UNK][UNK]：／／ｔ．ｃｏ／[UNK][UNK][UNK][UNK]	0
1433578040135598102	[CLS][UNK]系を見てきました。いつも乗る電車ですが、こうやってみると[UNK]ブラックフェイスです。電機子[UNK]の音．．．わ．．．わかりますか．．．？？？[UNK]ｈｔｔｐｓ：／／ｔ．ｃｏ／[UNK]	1
1433574652312371250	[CLS]小浜温泉[UNK][UNK]湯（[UNK]共同浴場）｜わたしが[UNK]長崎のお気に入り[UNK][UNK]｜【公式】長崎観光／旅行ポータルサイト[UNK]旅ネット[UNK]：／／ｔ．ｃｏ／[UNK][UNK][UNK][UNK]	0
1433574640455073843	[CLS]＿＃カーライフ大阪店＃自社ローン＃全国対応＃車のある生活＃車好きな人と繋がりたい＃キャンプ＃[UNK]＃[UNK]＃[UNK]＃車[UNK]：／／ｔ．ｃｏ／[UNK][UNK]	2
1433574590144397331	[CLS]＿＃カーライフ大阪店＃自社ローン＃全国対応＃車のある生活＃車好きな人と繋がりたい＃キャンプ＃[UNK]＃[UNK]＃[UNK]＃車＃[UNK]＿ＯＳ＃一度お問い合わせ下さい[UNK]：／／ｔ．ｃｏ／[UNK][UNK][UNK]：／／ｔ．ｃｏ／[UNK][UNK][UNK]	2
1433573285808074753	[CLS]＠[UNK]＿[UNK][UNK][UNK]さんおはよう[UNK][UNK]今日は[UNK]ＭＨｚも開けましたね[UNK][UNK]当局も[UNK]ＭＨｚの時は出勤ギリギリなので[UNK]しながらです[UNK][UNK]今日は[UNK][UNK][UNK]さんも[UNK]な[UNK]日をお過ごし下さい[UNK][UNK][UNK]	0
1433571854959226887	[CLS]出勤[UNK]（＠自宅（新居）ｉｎ京都市，京都府）[UNK]：／／ｔ．ｃｏ／[UNK]	2
1433571660121083905	[CLS]密を避けるため通勤[UNK]、その電車も[UNK]ので[UNK]良いですか？	1
1433571237117116422	[CLS]おはよう[UNK]、人間夫婦とぬいぐるみの本屋ユニット[UNK]です[UNK][UNK][UNK][UNK][UNK]最近の[UNK]「旅行に行きたい」。[UNK]もの食べて温泉入って[UNK]の[UNK]で[UNK]したい。そんなことを思いながら、日本の名湯を巡る入浴剤で身体を[UNK]、窓を開けて新しい風を[UNK]、お庭の植物を[UNK]朝[UNK][UNK]：／／ｔ．ｃｏ／[UNK][UNK]Ｈ[UNK][UNK]	0
1433568207843905544	[CLS]＠[UNK][UNK][UNK]おはよう[UNK][UNK][UNK]さん♪今日は一日雨ですね[UNK][UNK]車か電車[UNK]迷いながら準備中です[UNK]天気予報では明日は[UNK]マーク[UNK]ですね。[UNK]と今日も一日[UNK]ましょう[UNK][UNK]もちろんやる気スイッチは…[UNK]	0
1433567866637352960	[CLS]人それぞれアイデアが生まれやすい場が。電車の中、トイレの中、[UNK]の中とか。自分は風呂場で頭を[UNK]いる時。頭を刺激し[UNK]するからなのかな。ただアイデアが[UNK]出すと[UNK]の後ボディソープでも頭を[UNK]しまう事も。再度[UNK]で[UNK]が[UNK]アイデアも流れてしまう時も。	1
1433565951853621251	[CLS]おはよう[UNK][UNK][UNK][UNK][UNK]も無事に出勤前の上の天神[UNK]神社[UNK]さまへ参拝[UNK][UNK][UNK]コロナ[UNK]疫病[UNK][UNK][UNK]祈願[UNK]を[UNK][UNK][UNK]駅から上がると[UNK]と降り出した雨ですが、[UNK]終わるまでは傘は出さずとも[UNK]か[UNK][UNK]公園に[UNK]雨[UNK][UNK]強くなってきました夏[UNK][UNK]：／／ｔ．ｃｏ／[UNK]	0
1433565879883632647	[CLS]おはよう[UNK]。[UNK]の過ごしやすい朝です。今日も雨がちなお天気、激しけ降る時間帯もあり傘を持って[UNK]下さい。気温は[UNK]℃前後と[UNK]より低めの予想です。[UNK]の[UNK]は芸能ＤＸ、[UNK]さんはリモートでした。今日の[UNK]は[UNK]さんは芸人〜♪（笑）	0
1433563980669227012	[CLS]＠[UNK][UNK][UNK]さん、おはよう〜[UNK][UNK][UNK]はしないの？	2
1433561031511449607	[CLS]乗車率[UNK]％、マスク率[UNK]％。いろいろ[UNK]出勤。（＠[UNK]駅ｉｎ生駒市，奈良県）[UNK]：／／ｔ．ｃｏ／[UNK][UNK][UNK]	0
1433546260993044481	[CLS]おはよう[UNK]。[UNK]は[UNK]時に家を出ての朝ラン＆[UNK]；ラジオ体操参加！今日の大阪は日中は雨ですが終日[UNK]一日なり[UNK]。[UNK]は外出続きで予定のタスクがこなし切れなかったので今日一気に回収しよう！今日も一日[UNK]ましょう＾＿＾＃ランニング＃朝ラン[UNK]：／／ｔ．ｃｏ／[UNK][UNK][UNK]	0
1433540173459976227	[CLS]おはよう[UNK][UNK]はご心配おかけ[UNK]ました[UNK][UNK]はなんとか若干背中が[UNK]程度ぐらいで[UNK]おります。今日も[UNK]出勤で[UNK]。雨模様が続きますが、[UNK]どうかご安全に[UNK]お願い[UNK]ます[UNK][UNK]の[UNK]さん[UNK]弁当[UNK][UNK]鶏肉レモン塩焼き[UNK][UNK][UNK]煮塩[UNK][UNK]：／／ｔ．ｃｏ／[UNK]	0
1433538777901723651	[CLS]朝は早めの出勤です。野菜ジュースで[UNK]通りです。天気は雨が降り[UNK]。	0
1433372897431719936	[CLS][UNK]鉄道ひとり旅と言う番組見ています東京だ[UNK]又、暇があれば小旅行を兼ねて旅行したいものですねコロナが早く[UNK]良いで[UNK][UNK][UNK][UNK][UNK]場所：[UNK]：／／ｔ．ｃｏ／[UNK][UNK]ＪＵ[UNK]Ｕ	0
1433520001768558628	[CLS]少なくとも、[UNK][UNK]の[UNK]厚生として…本人：休日は徹底的に[UNK]サービス家族：保育園・[UNK]保育の優先枠及び本人抜きでの旅行はいる[UNK]は？	1
1433475604830035980	[CLS]＠[UNK]＿[UNK]貨物を[UNK]眺められるところはなかなかないですからね！近鉄だと[UNK]駅の[UNK]の奥に展望デッキあるんですけど電車を上から眺められてなかなか見ることの無い角度からの景色が楽しめるので[UNK]ですよありがとう[UNK]、私も手を振ってくれる方たちに元気[UNK]ます（＊[UNK]ω‘＊）	0
1433471478150860800	[CLS]京都、ここはどこでしょうクイズ[UNK]ヒント：あっ、天井に忍者が！ここはある電車の中です。[UNK]電車でしょうか。京都で忍者と言えば、[UNK]ですね。その近くを走っています。場所：[UNK]，[UNK]：／／ｔ．ｃｏ／[UNK]	2
1433464723102572545	[CLS]＠[UNK][UNK]Ｄ楽しいとか、面白いとか感じる所に若干の[UNK]があったりする[UNK]かね[UNK][UNK]ちゃんの自己中心[UNK]ね[UNK]これから出勤して芳賀向けです[UNK]よく寝ましたが[UNK]感じず行けるかな？[UNK]ナイトの移動ご安全に[UNK][UNK]	1
1433445128509612035	[CLS]卒業旅行[UNK][UNK]シンガポールとグアム行ってたのにこんな仕事[UNK]やっても何も[UNK]ないわ[UNK]	2
1433443769995563016	[CLS][UNK]電車[UNK]ので少し遅く来て良いですか？って[UNK]、良いよって言われたので良かった。	1
1433439339640352768	[CLS]ジムの帰りに乗った[UNK]ちゃんコラボの阪急電車[UNK][UNK][UNK][UNK][UNK][UNK][UNK]：／／ｔ．ｃｏ／[UNK][UNK][UNK][UNK]Ｆ[UNK]	0
1433438432424980492	[CLS][UNK]本早くなった[UNK]。この電車も[UNK][UNK]たん[UNK][UNK]……緊急事態宣言の絡みで行先も変わってるし。場所：ＪＲ関西空港[UNK]：／／ｔ．ｃｏ／[UNK]	2
1433437385442820101	[CLS][UNK]さんは路線よりは電車系じゃないかなって話[UNK]て思うんだけど？[UNK]のこととかよく番組内で言ってる印象があって。＃[UNK][UNK]	1
1433432539331383304	[CLS]赤い電車に乗りたい[UNK]：／／ｔ．ｃｏ／[UNK][UNK][UNK][UNK][UNK]	0
1433431296563290116	[CLS]＠[UNK]＿[UNK]心広い[UNK]さん相手に[UNK]飲みに行き[UNK][UNK]	0
1433430948524150786	[CLS]＠[UNK]＿[UNK]＿[UNK]あれ[UNK]見たいし[UNK]阪急沿線に住んでるのにまだ見れてないんすよ、、[UNK][UNK]子って[UNK]電車[UNK]よね、、気持ちわかりますけど[UNK][UNK]	0
1433429626949304328	[CLS]電車で一人で笑い[UNK]の大変[UNK][UNK][UNK]：／／ｔ．ｃｏ／ｒ[UNK][UNK]	0
1433427425812107268	[CLS]外出してて、なんかのきっかけでマスクを[UNK]時のパニック[UNK]ない。	2
1433424264770691074	[CLS]電車移動が[UNK]けどバイクと車を覚えると電車はトロイし知らん人いっぱいおる[UNK]かっていう理由で[UNK]感じる	1
1433424141051318275	[CLS]＠[UNK][UNK][UNK][UNK][UNK]新幹線[UNK]で当日中に東京[UNK]も東京からの電車がないのですよ夜[UNK]	2
1433414362509709323	[CLS]初の[UNK]ＴのＬＩＶＥ[UNK][UNK][UNK]分で[UNK]ん[UNK][UNK]時半に家出たのに電車間違えすぎて[UNK]時に着いた[UNK]安定に席が[UNK][UNK][UNK]した（？）けど[UNK][UNK]しＬＩＶＥ中周り[UNK]せずに暴れれる空気感がすごい好きだった[UNK]個人的に[UNK][UNK]がすごい[UNK]（？？）＃[UNK]Ｔシャツ屋さん[UNK]：／／ｔ．ｃｏ／[UNK][UNK][UNK]	1
1433412194868219913	[CLS][UNK]明けでちょっと[UNK]なると思て電車で京都へ。前特典会で[UNK][UNK][UNK]、開場前に[UNK]行って[UNK]Ａ[UNK]の[UNK]買って、ライブ本編はさすが[UNK]！良すぎで追加[UNK]曲も[UNK]まだ見てないので[UNK]けどまた次の機会に。[UNK][UNK]明日の大阪城[UNK]も楽しみ、[UNK]！[UNK]：／／ｔ．ｃｏ／[UNK][UNK][UNK]	0
1433409534798688258	[CLS]＠[UNK][UNK]中止やったんですネ[UNK]「緊急事態宣言」からの仕事は、[UNK]なるくらいの状況です[UNK]今日も、[UNK]日なので入りましたが[UNK]時から[UNK]時[UNK]分まで仕事したのは[UNK]回だけです[UNK]最後の[UNK]、入りましたが最終電車まで待たないとダメかもしれません。	2
1433404699915341825	[CLS]京都駅、[UNK]時[UNK]分現在の状況です。人が歩いていないですし、電車から降りてくる人も少ない[UNK]後、[UNK]台出ないと順番が回ってこない[UNK]最終電車までに[UNK][UNK]「緊急事態宣言」以降、どんどん悪くなっています[UNK][UNK][UNK][UNK]：／／ｔ．ｃｏ／[UNK][UNK][UNK][UNK][UNK]	2
1433403598017208330	[CLS][UNK]さんとの旅行[UNK]は鹿児島これで九州制覇！！あとは東北と沖縄、あと地方の各離島だな[UNK]：／／ｔ．ｃｏ／[UNK][UNK][UNK]	0
1433401493625851914	[CLS]駅のホームで[UNK]と電車の中で[UNK][UNK]も[UNK]オレだが、エレベーターの中で話をするなよ。[UNK]がない[UNK]。	2
1433400625178447884	[CLS]＠[UNK][UNK]打ち合わせは[UNK]飲みにいきましょう＾＾今ちょうどあのお寿司屋さんで飲んでます＾＾	0
1433397175568920580	[CLS]＠[UNK]＿＿＿ｓレオくんは小さい時から[UNK]よ。ひとりになりたい時？とか自ら[UNK]に入って寝てたりするよ[UNK][UNK]の時も[UNK]に入って車に[UNK]よ[UNK]	0
1433391953681342467	[CLS]千年ぶりに近鉄電車に乗ってイル。	1
1433390779557298176	[CLS]＠[UNK]秋は[UNK]出来ると良いですね[UNK]	1
1433389248833409029	[CLS][UNK][UNK][UNK][UNK]も[UNK]も睡眠不足、[UNK]日で[UNK]時間しか。人[UNK]の中、電車で[UNK]ってか[UNK]？誰か[UNK]ぜ！誰もおらんわ[UNK]。アイドルはもう興味無くなったし、っていうか、[UNK][UNK]させてくれるとこなくなったし、っていうか、ようわからんようになってきた。老人クラブ活動するか	2
1433379216578400264	[CLS]私には言えない出来ない遺族松永さんの行動に言動[UNK][UNK]飯塚が車椅子で外出するのを[UNK]ます。そしてブレーキを踏みましたが車の[UNK]私に過失はありませんと[UNK][UNK]：／／ｔ．ｃｏ／[UNK][UNK]ｙ[UNK][UNK]	2
1433379181199388677	[CLS]土曜出勤確定して[UNK]る	0
1433377787952336901	[CLS]電車の中で[UNK]聴いてて[UNK]で半分体が動いてしまってたら目の前の人に見られてた[UNK]	2
1433373382200868868	[CLS]＠[UNK]こんなもんです（外出すると[UNK]度台になる）	2
1433268020739076104	[CLS]＠[UNK][UNK]大阪天満宮[UNK][UNK]は[UNK]時過ぎに[UNK]の[UNK]時半に[UNK]出勤出来た[UNK][UNK]	0
1433366724389138436	[CLS][UNK]。[UNK]月[UNK]日の今日一日中雨でした[UNK][UNK]帰り「サントリー[UNK][UNK]の秋」で[UNK][UNK]枚方市駅に[UNK]乗った電車と「機関車トーマス」コラボ車両と急行列車を撮りました[UNK][UNK]：／／ｔ．ｃｏ／[UNK][UNK][UNK]	0
1433365975710121989	[CLS]会議終わり出勤するので待ってます！！お得[UNK][UNK]：／／ｔ．ｃｏ／[UNK][UNK][UNK][UNK][UNK]	0
1433354784992464901	[CLS]＠＿[UNK]＿[UNK]で韓国旅行にいく人の気持ちが[UNK]ない。食事も採る[UNK]？	2
1433354504573882369	[CLS]大阪から出発して、神戸→岡山→鳥取→島根→広島→福岡の[UNK]日間の弾丸旅行[UNK][UNK]人生[UNK]度目の飛行機[UNK]大阪城が[UNK]見えたヨ[UNK][UNK][UNK]：／／ｔ．ｃｏ／Ｂ[UNK]Ｖ[UNK]	2
1433353687858958337	[CLS]＠[UNK][UNK]昔血管[UNK]神経反射で電車で意識[UNK]ことあります（[UNK]・ω・[UNK]）ゆっくり[UNK]お大事にしてくださいね	0
1433350426208845826	[CLS][UNK]と比べて電車[UNK]！[UNK]や[UNK]	1
1433348155697885189	[CLS]【新スタッフ出勤日】[UNK]日、[UNK]日、[UNK]日【[UNK]月お休み予定】[UNK]日、[UNK]日、[UNK]日、[UNK]日、[UNK]日（[UNK][UNK]日はライブ参戦の予定ですが中止になれば営業[UNK]ます）【[UNK]月イベント予定】[UNK]日…ゲスト[UNK][UNK][UNK]：[UNK]〜[UNK]：[UNK]（※予約不要）（[UNK]緊急事態宣言の延長があればこちらのイベントも延期[UNK]ます→ｈｔｔｐｓ：／／ｔ．ｃｏ／[UNK][UNK]ｒ	2
1433340954170200065	[CLS]【[UNK][UNK][UNK]月[UNK]日出勤キャスト[UNK][UNK]】[UNK]マリン[UNK]－[UNK][UNK][UNK][UNK][UNK]－[UNK][UNK]きゅう[UNK]－[UNK][UNK][UNK]－[UNK][UNK]うたん[UNK]－[UNK]＠[UNK]＃コンカフェ＃大阪＃[UNK]＃[UNK]＃[UNK]＃メイド＃メイドカフェ[UNK]：／／ｔ．ｃｏ／[UNK][UNK][UNK]	0
1433340696547631104	[CLS]雨だから[UNK]勤務にしたのか、電車が[UNK]る	2
1433339440911433732	[CLS][UNK][UNK]のすぐ近所の小学校[UNK]。[UNK]やめて〜。教諭が感染報告せずに出勤し授業、小学校が臨時休校…児童[UNK]人らに[UNK]検査（読売新聞オンライン）[UNK]：／／ｔ．ｃｏ／[UNK][UNK][UNK]	2
1433335463541018631	[CLS][UNK][UNK]のスケジュールがほしい[UNK]鬼の外出許可申請しないといけない[UNK][UNK]お願いします[UNK]＃[UNK][UNK]＿[UNK]	2
1433332424314798085	[CLS]京都から阪急電車で十三駅に到着。「[UNK]」と書いて「[UNK]」と読む。つまり「そ」が[UNK]ない！京都出身の伊丹十三は、伊丹空港と十三駅から取ったのかな？＃十三駅＃阪急電車＃急行＃乗り換え[UNK]：／／ｔ．ｃｏ／[UNK][UNK][UNK]	2
1433331230565535744	[CLS]だ[UNK]〜大阪（＊[UNK][UNK][UNK]＊）動物園に出勤しま〜す[UNK][UNK]って[UNK][UNK][UNK][UNK][UNK]	0
1433329501333721092	[CLS]＠[UNK]明日の出勤[UNK]すねｗ	0
1433329097061535747	[CLS]ひと月前に飲みに来る宣言してたんだよ[UNK][UNK][UNK][UNK]：／／ｔ．ｃｏ／[UNK][UNK][UNK]	2
1433325766373044227	[CLS]次の出勤で退職届けを出そう。	2
1433311831179804674	[CLS]放出から[UNK]行きに乗車した[UNK]なのに、[UNK]行きと[UNK]してる…次に到着した駅は[UNK]なんだが、この電車は[UNK]へ向かっているのだろう…	2
1433310125935108106	[CLS]＃カーライフ大阪店＃自社ローン＃全国対応＃車のある生活＃車好きな人と繋がりたい＃キャンプ＃[UNK]＃[UNK]＃[UNK]＃車【[UNK][UNK]．[UNK]】[UNK]：／／ｔ．ｃｏ／[UNK][UNK][UNK]	0
1433306570830475269	[CLS]電車降りる時に、乗っていたのが女性専用車両であった時の気持ちたるや、[UNK]すぎた[UNK]視線集まってたんか勘違いしてたわ／／／	1
1433305860814508032	[CLS]可愛い[UNK]私も[UNK]日出勤します[UNK]暫くお休み[UNK]その前にタイミング合う方お待ちしております（＊[UNK]‘）[UNK][UNK]：／／ｔ．ｃｏ／[UNK][UNK]ｚ[UNK][UNK]	0
1433302730391506944	[CLS]＿＃カーライフ大阪店＃自社ローン＃全国対応＃車のある生活＃車好きな人と繋がりたい＃キャンプ＃[UNK]＃[UNK]＃[UNK]＃車＃[UNK]掲載中[UNK]：／／ｔ．ｃｏ／Ｔ[UNK][UNK]：／／ｔ．ｃｏ／[UNK][UNK][UNK][UNK]	2
1433300549659545605	[CLS]四条大橋から阪急の京都[UNK]駅へ。途中で京阪の祇園四条駅と[UNK]改札の中に入ったが、改札前の[UNK]から駅員さんと話をして、自動改札でｉＰｈｏｎｅのＳｕｉｃａタッチで[UNK]。京阪と阪急の違いがわからなかった。。。トイレがホームにある[UNK]＃四条＃京都[UNK]駅＃阪急＃京都＃電車＃トイレ[UNK]：／／ｔ．ｃｏ／[UNK][UNK][UNK][UNK]	2
1433295439550304258	[CLS]＠[UNK]＿[UNK]＠[UNK][UNK]の頃西成の[UNK]ン[UNK]ン電車は運転士が王様やったホームベンチに座ってるだけで”乗るん[UNK]？[UNK]”[UNK]：／／ｔ．ｃｏ／[UNK][UNK]	2
1433290024431194117	[CLS]今日の大阪市淀川区の天気は雨。夕方までは雨の[UNK]。今日は電車で出勤したから、帰りは駅前のマクドで[UNK]だな。	2
1433287639172481027	[CLS]伊丹空港着[UNK]モノレールの駅に[UNK][UNK]のポスター[UNK]阪急電車に乗り換えて、車内にもたくさんのポスター[UNK]来たんだ[UNK]っていう喜び[UNK]明日、[UNK]雪組[UNK]します[UNK][UNK]さ〜〜ん[UNK]	0
1433282562214928391	[CLS]＠[UNK]明石から高槻まで快速の普通電車[UNK]行きです。	1
1433274631536799747	[CLS][UNK]を投稿しました。『長い電車移動』＃[UNK]＃大阪[UNK]：／／ｔ．ｃｏ／[UNK]	1
1433274453895512073	[CLS]ラーメン荘これが好きだから[UNK][UNK]ポン大[UNK]どこにも[UNK]でき[UNK]も…これが食びれるからいい[UNK][UNK][UNK]：／／ｔ．ｃｏ／[UNK][UNK][UNK][UNK][UNK]	0
1433270185482465280	[CLS]＠Ｒ[UNK]ｔｈホイなもう食べた[UNK]体重い[UNK][UNK]出勤！！良い一日を！！	0
1433268442065354754	[CLS]＠[UNK]＿[UNK][UNK]旅行費に使い方たいです。	0
1433268188096106502	[CLS]今日のお昼はコレ[UNK][UNK]勤務だけど、午前中は[UNK]だったので梅田へ。雨だけど[UNK][UNK]全く[UNK]ずに出勤出来るなんて、[UNK]過ぎる[UNK]＃ラーメン＃つけめん＃つけめん[UNK]場所：つけめん[UNK]阪急[UNK][UNK]：／／ｔ．ｃｏ／[UNK][UNK]Ｗ	2
1433908366984708100	[CLS]今日は[UNK]休日出勤やねん！タイガーも勝ったし気分ええわ[UNK]（笑）[UNK]ｈｔｔｐｓ：／／ｔ．ｃｏ／[UNK][UNK]	2
1433267421784133637	[CLS]出勤前にスタミナチャージしました[UNK][UNK]：／／ｔ．ｃｏ／[UNK][UNK][UNK]	1
1433262297372233732	[CLS][UNK][UNK]の[UNK]電車乗った、急性期病院に糖尿定期検査です、	1
1433260523798290433	[CLS]周りに[UNK]やら[UNK]方をわざわざ[UNK]に言ってくる[UNK]いるけど…[UNK][UNK]！って[UNK]にくる。電車通学の頃[UNK]プラットホームで[UNK]進みそうになって後ろから知ってる人に肩を[UNK]れ我に[UNK]。[UNK]わけではなく身体が[UNK]になる衝動と[UNK]今も戦ってる身にもなってくれ[UNK]：／／ｔ．ｃｏ／[UNK]	0
1433254295890059264	[CLS]って[UNK]コロナ禍であるがゆえ、室内には入れず、自分の車で待機する事[UNK]分！（待ちすぎ[UNK]！）[UNK]が来て『[UNK]、[UNK]と思うけど今日は[UNK]もらって今夜と明日の出勤前に[UNK]して、また教えて。』って事で帰宅した。	0
1433254294279507970	[CLS][UNK]、いつもと同じように出勤して（[UNK]）[UNK]したら[UNK]．[UNK]．[UNK]．[UNK]の熱。抗原検査した。[UNK]！→[UNK]分くらいで結果出るん[UNK]、医院長に報告待ちしてたらなかなか[UNK]が戻らず、職員に『どうなってるか聞いて欲しい』	2
1433251824711045121	[CLS]明日（[UNK]／[UNK]）の空き状況です[UNK][UNK]：[UNK][UNK]まで比較的お好きな時間帯のご案内が[UNK]枠数は非常に少ないので[UNK]ですよ[UNK][UNK]出勤者[UNK][UNK][UNK][UNK]岡本・藤原・檀・田中	0
1433250165012385794	[CLS]今年の北海道旅行のプラン[UNK]札幌→十勝→[UNK]→[UNK]→[UNK]直線距離だけで[UNK]運転…だと、、ほぼ一周じゃないか…でも自分で立てたプランだから満足	0
1433244678779031552	[CLS]〜癒しタイム〜今日は[UNK]体に癒しを[UNK]たまには電車移動でモーニング[UNK][UNK]健康チェックしてきます＃[UNK]＃癒しも[UNK]＃健康チェック＃モーニング＃[UNK]＃健康な体に感謝＃今日は[UNK]は我慢場所：[UNK][UNK]：／／ｔ．ｃｏ／[UNK][UNK]	0
1433244638702301186	[CLS]＃カーライフ大阪店＃自社ローン＃全国対応＃車のある生活＃車好きな人と繋がりたい＃キャンプ＃[UNK]＃[UNK]＃[UNK]＃車[UNK]：／／ｔ．ｃｏ／[UNK][UNK][UNK]：／／ｔ．ｃｏ／[UNK][UNK][UNK]	2
1433237472893444100	[CLS][UNK][UNK]すぎて阪急電車の中で[UNK]してる	2
1433237370845863938	[CLS]＠[UNK]＿[UNK]＿ｊｐおはよう[UNK][UNK]（＾－＾）ｖ[UNK][UNK]出勤です[UNK][UNK][UNK][UNK]	0
1433236656081936386	[CLS]明日電車[UNK]に雨[UNK][UNK]	2
1433235262545403905	[CLS]今日は木曜日[UNK]昼から[UNK][UNK][UNK][UNK][UNK]楽しみ[UNK][UNK]：／／ｔ．ｃｏ／[UNK]	1
1433232323445620737	[CLS][UNK]とか旅行関係の株主[UNK]銘柄を買うのは夢と希望の明日のロマン呉駅そばにもあった[UNK]ホテル	1
1433232191224524805	[CLS]＠[UNK][UNK]おはよう[UNK]。朝イチ一部返済して外出中です。市場に[UNK]ないので放置してます。[UNK]円ないか[UNK]〜（夢	2
1433228352505012229	[CLS]今日出勤の服装[UNK][UNK]毎回[UNK]	0
1433227240733507586	[CLS]明日、[UNK][UNK]人フルマラソン企画中[UNK]雨[UNK][UNK]最寄駅から嵐山まで行って[UNK]神社行って四条くらいから電車乗って[UNK]かな…と。	1
1433225970652168197	[CLS]＠[UNK][UNK]むしろ越えてかな[UNK]告知前にＰＣある町まで電車乗ってしまったプレイヤーも居たかもしれん、、、我々はあの悲劇を語り継がねばいけない[UNK]	2
1433220612869132288	[CLS]だから自分はそういう仕事には就いてないし（交通関係とか医療とか）命と仕事と[UNK]が大切なん？あのまま[UNK]仕事行ってたら絶対二度と[UNK]なかったし外の世界で[UNK]はの[UNK]死んでた。しかも出勤するって[UNK]んのに。そんな[UNK][UNK][UNK][UNK]日目。	2
1433220147016204289	[CLS]今日休日出勤予定してたけど朝それがあったので[UNK]休みますって上司に言ったけどスルー。見つかったので遅れて出勤しますって連絡したら、そんなんで左右されん[UNK][UNK]ええわと。子ども行方不明になっても仕事行くのかな。勿論仕事によってはそれでも行かな[UNK]仕事もあると思うけど	1
1433941982909370369	[CLS]＃[UNK]ペーパーの芯[UNK][UNK]～[UNK]私もどこかの旅行で買って持っていたことがあります。[UNK]、おはよう[UNK]。＃おのえ[UNK]＃[UNK][UNK]	0
1433939015837708293	[CLS]おはよう[UNK][UNK]、[UNK]土曜日の西宮市、[UNK]の朝です、[UNK]よりかは前線は南下するも各地影響あり、激しい雨のところもある[UNK]、お楽しみの休日、[UNK]お買い物に[UNK]下さい、[UNK]も[UNK]福あれです〜[UNK][UNK][UNK][UNK][UNK][UNK]：／／ｔ．ｃｏ／[UNK][UNK][UNK]	0
1433938794059681792	[CLS]＠[UNK]＿＿[UNK]あと、保健所から連絡あった時に「外出出来ないから支援物資ください」って言うて食料とか[UNK]おいた方がいいよ。あれで[UNK][UNK]ε－（[UNK][UNK][UNK]；）ホッ	2
1433936877753548800	[CLS]今阪急電車乗ってるが、車内[UNK]のに優先席乗ってる人個人的に理解できません。	2
1433936084233179140	[CLS]＠[UNK]おはよう[UNK][UNK]私も電車必ず[UNK]います[UNK]何回も京橋[UNK]…お気をつけを[UNK][UNK]このまま[UNK][UNK][UNK][UNK]	0
1433931862045380608	[CLS][UNK]熱出た[UNK]時半から[UNK]と痛みで寝れんかったプラス[UNK]から女の子の日で[UNK]薬飲みにも行けん[UNK]朝まで我慢した[UNK]階で[UNK]良かった	2
1433926279808438272	[CLS]おはよう[UNK]。今日も天気が芳しくありませんが仕事行くところです。今日は土曜日で電車は[UNK]ますが[UNK]月のダイヤ改正で京阪電車本数減り通勤にどう影響出るか[UNK]。それでは行ってきます[UNK][UNK][UNK]：／／ｔ．ｃｏ／[UNK][UNK][UNK]	1
1433920885371518976	[CLS]尼崎市立小学校教員が、[UNK]月[UNK]日に感染確認された後、[UNK]日の[UNK]式から出勤していた件、教育委員会事務局から第二報。学校名や教員の性別、年齢、どこの市に在住かは非公開。[UNK][UNK]市立小学校教職員の新型コロナウイルス感染確認後の出勤の事実について（第[UNK]報）[UNK]：／／ｔ．ｃｏ／[UNK]：／／ｔ．ｃｏ／Ｏ[UNK][UNK][UNK][UNK]：／／ｔ．ｃｏ／[UNK][UNK][UNK][UNK]ｄ	2
1433915889653465089	[CLS][UNK]大阪[UNK]だったのに今日は[UNK]の対面現場無いから今日は旅行モードとする！[UNK]：／／ｔ．ｃｏ／[UNK][UNK][UNK]	2
1433911974467801092	[CLS]電車[UNK]。	0
1433910001303621632	[CLS][UNK]．[UNK]連[UNK]でどんどん出勤時間早くなるのバグ[UNK]体力の低下と共に早くなる出勤時間	0
1433773846532800517	[CLS]打っても[UNK]んだが[UNK]低賃金[UNK][UNK]は休み取れない＆[UNK]；金ないから旅行もイベントも行けないんだが[UNK]ワクチン・検査活用で制限緩和旅行、大規模イベント容認分科会提言・新型コロナ（時事通信）＃Ｙａｈｏｏニュース[UNK]：／／ｔ．ｃｏ／[UNK][UNK][UNK]	2
1433904496925609984	[CLS]今日の[UNK]は巨大笑うセールスマン[UNK]系。雨が降り[UNK]降らない。場所：[UNK]駅[UNK]：／／ｔ．ｃｏ／[UNK][UNK]ｃ[UNK][UNK]	2
1433893772841013248	[CLS]＃[UNK][UNK][UNK][UNK]。土曜日の出勤[UNK][UNK][UNK]は[UNK][UNK]。でも電車[UNK]もバスも[UNK]いるし、最近やっと[UNK]なったし[UNK]いいかな。それに、お商売を[UNK]いる方に[UNK][UNK]。[UNK]リクエストし[UNK]。＃今日の[UNK][UNK]：／／ｔ．ｃｏ／[UNK][UNK][UNK]	2
1433887350048714754	[CLS]しかし、今夏の旅行は雨がよく降る…	1
1433855151857496066	[CLS]＃漱石分家兵役北海道[UNK]：／／ｔ．ｃｏ／[UNK][UNK]Ｊｏ[UNK]ｏ（漱石[UNK]歳）徴兵免除のため北海道に移籍、分家。東京専門学校（現・早稲田大学）の講師となる。＃[UNK]と関西旅行。松山へ行き、＃高浜[UNK]を知る。＃[UNK]	0
1433848118131388416	[CLS][UNK]には[UNK]アシストが〜とか[UNK][UNK]奴ら[UNK][UNK]に渋ハルの[UNK]配信で[UNK]なん見て[UNK]は難しいよねとか言ってんの普通に[UNK]。いい気分で出勤できますわよ（＾ω＾）[UNK]食べて[UNK]時間何[UNK]ｗ誰か配信してないかな[UNK]	0
1433847500834697220	[CLS]女の子をホストクラブへ案内する仕事[UNK][UNK]大阪[UNK]（[UNK][UNK][UNK]時）自由出勤週[UNK][UNK]Ｋ[UNK][UNK]ＯＫ罰金[UNK]一切無し体験あり全額日払い完全[UNK]制[UNK]日[UNK]以上可能最大[UNK]以上[UNK]月に[UNK]以上可能[UNK]＃[UNK]初回＃大阪ホスト＃[UNK]ホスト＃[UNK]＃[UNK]拡張希望	0
1433846004839637001	[CLS][UNK][UNK]女性の方[UNK]のプランのご紹介です[UNK]【渡韓[UNK]で韓国旅行気分を[UNK][UNK]！】プランで[UNK]！プラン特典としまして、韓国のお菓子、ジュース、美容フェイスパックがセットとなっております[UNK]ご予約お待ちしております♪[UNK]：／／ｔ．ｃｏ／[UNK][UNK][UNK]	0
1433841867028717568	[CLS]出勤。これ[UNK]もうノリ打ちか代打しかやらん。[UNK]：／／ｔ．ｃｏ／[UNK][UNK][UNK]	2
1433836842147725314	[CLS]ついに本性出してきたな。この[UNK]が。ワクチン・検査活用で制限緩和旅行、大規模イベント容認分科会提言・新型コロナ（時事通信）＃Ｙａｈｏｏニュース[UNK]：／／ｔ．ｃｏ／Ｋ[UNK][UNK]	1
1433829069557174278	[CLS]＠[UNK]電車が[UNK]分[UNK]したからです！	1
1433822184816799750	[CLS]＠[UNK]アメ村の南のところで飲みに行った[UNK]？	2
1433818463978414088	[CLS]阪神電車の尼崎駅利用が最近増えた。相互乗り入れで山陽電車、近鉄の車両が見られる。鉄道博物館にいるような気分になる。[UNK]：／／ｔ．ｃｏ／[UNK][UNK][UNK]Ｈ[UNK]Ｘ	0
1433813049605955590	[CLS]＠[UNK][UNK][UNK][UNK][UNK]＠[UNK]日本画家の上村[UNK]ですね[UNK]わたし、趣味が[UNK]るんです。あまり人と趣味があわないんです[UNK]だから[UNK]で美術館[UNK]コンサートに[UNK]してるんです[UNK][UNK]	0
1433809207619321858	[CLS]＠[UNK][UNK][UNK][UNK][UNK]＠[UNK][UNK]、ジョー・[UNK]との新婚旅行で日本に来た時のことだと。。わたし、モンロー好きなんです[UNK][UNK]	0
1433807467469676558	[CLS]なんや[UNK]電車[UNK]：[UNK][UNK][UNK]：[UNK]やった[UNK][UNK][UNK]した[UNK][UNK]	2
1433804403178311682	[CLS][UNK]も近鉄電車走ってる[UNK]ね！	0
1433798717442715659	[CLS]アプリでタクシー呼んでるのに[UNK]のタクシーに乗り込んでくる[UNK][UNK]。説得してリリースですわ。電車に間に合わない？知らないよ？[UNK]事[UNK][UNK]。	2
1433791853971730440	[CLS][UNK]。[UNK]時出勤[UNK]時半退社。ストレスで[UNK]そう。[UNK]も[UNK]も[UNK]！！！！	0
1433791755929878533	[CLS]＿＃カーライフ大阪店＃自社ローン＃全国対応＃車のある生活＃車好きな人と繋がりたい＃キャンプ＃[UNK]＃[UNK]＃[UNK]＃車＃ご[UNK]＃ありがとう[UNK][UNK]ご[UNK]のお客様[UNK][UNK]三重県よりご[UNK][UNK]ありがとう[UNK][UNK][UNK]：／／ｔ．ｃｏ／[UNK][UNK][UNK]：／／ｔ．ｃｏ／[UNK][UNK][UNK][UNK]	0
1433791260007927816	[CLS]＿＃カーライフ大阪店＃自社ローン＃全国対応＃車のある生活＃車好きな人と繋がりたい＃キャンプ＃[UNK]＃[UNK]＃[UNK]＃車[UNK]：／／ｔ．ｃｏ／[UNK][UNK][UNK]：／／ｔ．ｃｏ／[UNK][UNK][UNK]ｓ	2
1433790994407833605	[CLS]電車[UNK]通勤時間で[UNK]気づく事ばかり[UNK]密集した満員電車中[UNK]感染ない事に感謝です[UNK]満員[UNK]	0
1433788681941229577	[CLS][UNK][UNK]に飲みにも誘う[UNK]上司[UNK]まともに部下と呼ぶ人たちと[UNK]ことさえできない時代[UNK][UNK]：／／ｔ．ｃｏ／[UNK][UNK]ｔ[UNK][UNK]	2
1433784620181377035	[CLS]マスクはしないワクチンは打たないでも旅行で沖縄に行きたいは通らんのだよな陰謀論者からは、これに対する回答について絶対筋の通った物は帰ってこん	2
1433782964895117327	[CLS][UNK][UNK][UNK][UNK]勝った[UNK]勝った[UNK]また勝った[UNK]弱い読売にまた勝った[UNK][UNK]電車で早よ[UNK][UNK]	0
1433779032462561291	[CLS][UNK]電車でＧＯ再現率が高いゲーム（っ[UNK]ω‘ｃ）	0
1433778800219721728	[CLS]相方が西桑名から出てる[UNK]い電車やりだしたので、こちらも[UNK][UNK]めの作りかけに手を出している。前頭部にかけての丸こい[UNK]は[UNK]、[UNK]プラ板を[UNK]削り[UNK]！[UNK]：／／ｔ．ｃｏ／[UNK][UNK][UNK][UNK]	0
1433776945360097282	[CLS]＠[UNK][UNK][UNK]。お気持ちだけで、感謝です。[UNK]。私も早く、王子に行きたいです。王子は[UNK]、好きな仔が一杯。電車がまだ怖いのです。お[UNK]感謝です。	0
1433776469092696070	[CLS][UNK]巨人のユニフォームを着た女性が阪神電車から降りてくるのを見て、[UNK]の感	0
1433776361613656072	[CLS]撮り鉄[UNK]阪神電車[UNK]：／／ｔ．ｃｏ／[UNK][UNK][UNK][UNK][UNK]	0
1433776212908773377	[CLS]＠[UNK]＿＿＿＿＿＿ｎ香川だと飲みに行くのに車やバイク必要だしな…普通に飲みに行ける日常は[UNK]！	1
1433774547627491337	[CLS]出勤してるよん[UNK][UNK]：／／ｔ．ｃｏ／[UNK][UNK]	2
1433701075064791042	[CLS]電車でテレビが見られる！が[UNK]「[UNK]」いまも健在（[UNK]ニュース）＃Ｙａｈｏｏニュース[UNK]：／／ｔ．ｃｏ／[UNK][UNK][UNK]京阪は[UNK]で複々線が終わり複線区間から[UNK]走るので携帯電話ない頃はテレビでも見ないとやってられんかった。	2
1433772431580151808	[CLS]【公明党の実績♪】[UNK]景気・経済編／[UNK]支援金売上半減で最大[UNK]円！[UNK]飲食店の休業・[UNK]営業や外出自粛の影響を受けた中小事業者などへの「[UNK]支援金」。[UNK]：／／ｔ．ｃｏ／[UNK][UNK]（図：対象期間は[UNK]月分まで延長されました）＃公明党＃あなたに[UNK]暮らしを守る[UNK]：／／ｔ．ｃｏ／[UNK][UNK]Ｅ	0
1433771314058121227	[CLS]ワクチン・検査活用で制限緩和旅行、大規模イベント容認分科会提言・新型コロナ（時事通信）＃Ｙａｈｏｏニュース[UNK]：／／ｔ．ｃｏ／[UNK][UNK][UNK][UNK]＃[UNK]＃[UNK][UNK][UNK]＃押[UNK][UNK][UNK]＃大阪＃難波＃[UNK]＃千日前＃[UNK]＃[UNK]＃[UNK]	0
1433769385668214788	[CLS]ちょっともう飲みに行きたい[UNK]が	1
1433769043530452997	[CLS]サンドイッチマン、[UNK]が大ファンでいつもバスサンド見てた[UNK]ちょうど、新婚旅行で[UNK]温泉行ったんだけど、[UNK]週間後くらいのバスサンドが能登編で、「[UNK]ちゃん、ここ行ったね！連れて行ってくれたね。」[UNK]そうに隣で笑ってた[UNK]もう一度、連れて行ってあげたかったな。	0
1433766618081808386	[CLS]ワクチン[UNK]回目を打ってもう[UNK]日目！突然の三[UNK][UNK]も世間は不要不[UNK]外出は控えてください。ワクチン打った証明が[UNK]少し緩和されてもいいのでは？	2
1433763232951377923	[CLS]＠[UNK][UNK]＿[UNK]ｘ[UNK]ｕいつも見てくれて[UNK][UNK][UNK][UNK][UNK]今は仕事終わって、[UNK]帰る[UNK]があるから、料理作って食べてます。会社に弁当持参で出勤するかも。。これから季節は[UNK]そう。。	0
1433762564651896835	[CLS]昼休みに[UNK]で[UNK]。終わってから、写真のように雨の中を[UNK]第二棟へ帰る…[UNK][UNK][UNK]激しく降り、歩いていると靴、[UNK]の裾も[UNK]きた。[UNK]前線、活発[UNK]…[UNK]＃親里＃おや[UNK]＃天理＃天理教＃[UNK][UNK]＃世の中の[UNK]を願う＃[UNK]第二棟＃[UNK]＃[UNK]前線[UNK]：／／ｔ．ｃｏ／[UNK]	0
1433758426601910275	[CLS][UNK]連日出勤連日[UNK]完了[UNK][UNK]体調変化無し[UNK][UNK]よしゲームしよう[UNK]	0
1433756092870238209	[CLS]当社スタッフに体調不良者が出たことについてご心配をおかけした事をお[UNK][UNK]ます。現在の社会情勢を[UNK]、全スタッフの毎週検査を実施して[UNK]ます。また以前より、出勤時の体温チェックは行っておりす。並びに全スタッフがワクチンを接種できるよう取り組んで[UNK]ます。	0
1433756051157880837	[CLS]電車の隣に、どこかの[UNK]さんだろうか、[UNK]れた。[UNK][UNK]つけ油の匂いが[UNK]んだけど、家に帰ってきて[UNK]したら、どこから[UNK]つけ油の匂いが[UNK]のか[UNK]きて、[UNK][UNK]。	2
1433753583472701440	[CLS]駅前では電車の音が気になります。いまだハチ公なり得ず。[UNK]：／／ｔ．ｃｏ／[UNK]	1
1433747744661725188	[CLS]＠[UNK]＿[UNK][UNK]。仕事に行って、[UNK]院へ、肩が上がらない。長くかかり[UNK]。[UNK]、平日休み取って行こうかな？天王寺も、園長さん変わったし、一寸変わったかな？電車平日怖いけど。ホウチャン、[UNK]に会うためなら、[UNK]！	1
1433747367526744065	[CLS]接種[UNK]時間後、[UNK]（[UNK]．[UNK]）（。－＿－。）[UNK]身体の中で[UNK]いるのか…普段から飲んでる[UNK]の鎮痛剤服用で、頭痛は[UNK]。今夜が副反応のピークか？明日は出勤日なので、体調復活してほしい…＃[UNK]＃接種[UNK]回目＃翌日の副反応＃[UNK]出た	1
1433745112979283979	[CLS][UNK][UNK][UNK]着[UNK][UNK]電車[UNK][UNK][UNK][UNK][UNK][UNK]とった〜[UNK]（σ[UNK][UNK][UNK][UNK][UNK][UNK][UNK][UNK]）σ[UNK]絶対勝つぞ！タイガース！！[UNK][UNK]＃[UNK]シート[UNK]：／／ｔ．ｃｏ／Ｒ[UNK][UNK][UNK]ｓ	0
1433736935411884032	[CLS]今日は彩[UNK]の気分なので桜[UNK]季節にを聴きながら電車	0
1433736180521058312	[CLS]電車乗ってくる人くる人マスクしてないんだがコロナは終わったのか？	2
1433734270044966912	[CLS][UNK]週間ぶりの外出で歯医者へ。このところ続いていた治療が[UNK]完了。	0
1433733789222465537	[CLS]＠[UNK]そもそも外出をせずに済むように日保ちする商品を[UNK]してる[UNK]個人の嗜好に[UNK][UNK]合わせてられるか！	2
1433730132384964609	[CLS]家族旅行〜[UNK]日目最終日は…朝から[UNK][UNK][UNK]食べて〜皆[UNK]腹[UNK]〜やはり[UNK]でも[UNK][UNK][UNK]食べて〜[UNK]枚方パーク、ザ・[UNK][UNK]閉館まで[UNK]遊んで満足してました。フードも充実してる[UNK]一日中ゆっくり[UNK]ました[UNK][UNK][UNK]：／／ｔ．ｃｏ／Ｐ[UNK]Ｉ[UNK][UNK][UNK][UNK][UNK]	0
1433726795199565830	[CLS]＠[UNK]＿[UNK]大阪の田舎（松原市）からは電車で梅田＝車で奈良[UNK]変わらないぜ（ー[UNK][UNK]ー[UNK]）[UNK]！！[UNK]＃行くよ！！	2
1433726474217951234	[CLS]まる天そば[UNK]円＠そばとカレーの店[UNK]。阪神電車の百貨店口にあったカレーの[UNK]が西口に移転してそばとカレーの店になりました。昔[UNK]Ｂ級感[UNK]駅の[UNK]蕎麦屋の味。＃大阪グルメ＃梅田グルメ＃そばとカレーの店[UNK][UNK]：／／ｔ．ｃｏ／[UNK][UNK][UNK]	0
1433723722154848268	[CLS]＠[UNK][UNK]早く自由に世界へ旅行できる日が来ますように[UNK]	0
1433720139141115904	[CLS]徒歩で出勤しました。よし！いく[UNK][UNK]：／／ｔ．ｃｏ／[UNK][UNK][UNK]	0
1433715648639635467	[CLS]＠[UNK]＿[UNK]ありが[UNK][UNK][UNK]くん気分楽しみますｗ[UNK][UNK]この状況じゃどこも行けないよね…早く[UNK][UNK]したい[UNK]ｗ[UNK]	0
1433714015918706689	[CLS]【[UNK][UNK][UNK]月[UNK]日出勤キャスト[UNK][UNK]】[UNK][UNK][UNK]－[UNK]＠[UNK]＿[UNK]＿ｓ[UNK][UNK]－[UNK]＠[UNK]＿[UNK]＿マリン[UNK]－[UNK]＠[UNK]＿[UNK][UNK]みる[UNK]－[UNK]＠[UNK]＿[UNK]まな[UNK]－[UNK]＠ｍａ＿＿[UNK]＿＿[UNK]＿[UNK][UNK]－[UNK]＠[UNK][UNK]＿[UNK]きゅう[UNK]－[UNK]＠[UNK]＿[UNK]＿[UNK]＃コンカフェ＃大阪＃[UNK]＃[UNK]＃[UNK]＃メイド＃メイドカフェ[UNK]：／／ｔ．ｃｏ／[UNK][UNK]ｋ[UNK][UNK]	0
1433713136616361985	[CLS][UNK]、[UNK][UNK]の出勤は一部変更になっています。[UNK]マスター[UNK]まどか[UNK][UNK][UNK][UNK]ママ[UNK][UNK]♥まどかちゃん復活しました。♥ママが改名しました。「[UNK]ママ」です。では今夜も[UNK]お[UNK]します（＊[UNK][UNK][UNK]＊）．。．：＊[UNK]	0
1433711759097884675	[CLS][UNK]性格してるから、文明とか環境とか都市構造みたいなのに弱い。つまりどういうことかというと、阪神電車に乗りながら淀川越境してるだけで[UNK]	1
1433711073199149058	[CLS]東急運転士が考案「操縦テクだけで[UNK]」実践法ゆっくり走っても「ダイヤに影響しない」[UNK]とは？｜通勤電車－東洋経済オンライン[UNK]：／／ｔ．ｃｏ／[UNK][UNK]Ｙ[UNK][UNK]＠[UNK]より	2
1433705313299951620	[CLS]＠[UNK]＿[UNK]＠[UNK][UNK]お疲れ様[UNK]ファイヤーエール[UNK]して[UNK]、自家用車で、出勤か？レイたん[UNK]	2
1433702100018470913	[CLS]今日は休みな[UNK]、久々に＃[UNK]コーヒーロースターさんへアイスコーヒーを飲みに来とり[UNK][UNK][UNK]次なるイベントの打ち合わせも終わったし、嫁さん迎えにドライブして[UNK][UNK][UNK]では、また明日から[UNK]お願いします[UNK][UNK]＃リス狩り＃[UNK]＃[UNK]市＃日の本湯[UNK]：／／ｔ．ｃｏ／[UNK][UNK]	0
1433701495451521026	[CLS]＠Ｌ＿[UNK]＿Ｂ[UNK]わそれわ[UNK][UNK]（笑）早よ飲みに行かないと腕落ちすぎや（笑）	2
1433629893103816738	[CLS][UNK]、神戸は雨です。今日は、本番三日目です。御予約[UNK]おります。[UNK][UNK][UNK]ご予約[UNK][UNK][UNK][UNK]：／／ｔ．ｃｏ／[UNK][UNK][UNK][UNK][UNK]ご予約[UNK][UNK][UNK]腹が減っては戦ができぬ、というように、本番前に、[UNK]でお昼[UNK]を取りたいので、山陽電車と阪神電車で難波へ…。＃Ａ級[UNK]＃その間にあるもの[UNK]：／／ｔ．ｃｏ／[UNK][UNK][UNK]	0
1433698501423099905	[CLS]いま[UNK]テレビ見たけどワクチン接種した人だけが旅行やイベントに行けるん？ワクチンって強制になりつつ[UNK]なんか怖い世の中ワクチンって任意よね？ワクチンパッケージって何なん？	2
1433698327753678850	[CLS]＠[UNK]＿[UNK]阪急電車です…！	0
1433698289510072321	[CLS][UNK]は[UNK][UNK]周年ゲスト出勤[UNK]ありがとう[UNK]！たくさん[UNK]いただきまして[UNK]でした[UNK]かなり[UNK]やったおかげで生き恥をそこまで晒さずに済みました。非常に良かったです。私の携帯にも[UNK]残っていたので[UNK]ます。[UNK]：／／ｔ．ｃｏ／[UNK][UNK]ｊ	0
1433697973687357440	[CLS][UNK]報道ランナー和歌山県海南市の魚万[UNK]の[UNK][UNK]食べたい[UNK][UNK]円であのボリュームは魅力[UNK]ね南海の和歌山[UNK]チケット[UNK]和歌山市駅から和歌山バスで行ける[UNK][UNK][UNK]行ってみよう！＃報道ランナー＃[UNK]＃[UNK]＃[UNK]神社＃和歌山＃南海電車＃和歌山バス＃海南市[UNK]：／／ｔ．ｃｏ／[UNK][UNK][UNK]	0
1433697923447984132	[CLS]＠[UNK][UNK][UNK]。[UNK]前からの外出予定で寄り前に「[UNK]こんなもん[UNK]」と[UNK]して外出しました。で、昼過ぎ[UNK]見て驚きました。安倍総理復活？と一瞬思いましたがその後菅氏辞任の報で納得。が、売り玉の担[UNK]は納得できず。（[UNK]	1
1433694919667818496	[CLS]全面広告じゃない[UNK]電車雲模様は元々[UNK]立石電機の全面広告だったけど…この時は復刻カラーとしての登場。[UNK][UNK]．[UNK]．[UNK][UNK][UNK][UNK]．[UNK]．[UNK][UNK][UNK]．[UNK]．[UNK][UNK]：／／ｔ．ｃｏ／[UNK]	2
1433689030512631817	[CLS][UNK]、[UNK]梅田店出勤[UNK]ただ[UNK]次枠[UNK]時半から[UNK]時までの残り[UNK]枠なのでお早めのご予約お待ちしてます[UNK][UNK]の東京の[UNK]さん[UNK][UNK]の[UNK]…[UNK]夜は大阪[UNK]回目の[UNK]さん、延長付けて[UNK]時間予約ありがとう[UNK][UNK]人とも[UNK]すぎる[UNK][UNK]：／／ｔ．ｃｏ／[UNK][UNK]ｍｇｕ	0
1433688946077093888	[CLS]＠[UNK][UNK]＿ｋ＿ｈ＿ワイも阪神電車乗った[UNK][UNK][UNK]	0
1433687918262898693	[CLS]緊急事態地域で酒提供、時間制限も緩和…＃Ｙａｈｏｏニュース[UNK]：／／ｔ．ｃｏ／Ｇ[UNK][UNK][UNK]今までこのセリフをあなたは何度言いました？『コロナが[UNK]、飲みに[UNK][UNK]！！』もう少しですよ！！[UNK][UNK][UNK]！！＃[UNK]＃[UNK]＃大阪＃[UNK]＃千日前	2
1433685012616921097	[CLS]いつぶりかの[UNK]の[UNK]雨[UNK]の静かな神社はよい[UNK]そしてこれまた数年ぶりの[UNK]恋[UNK][UNK]他の神社にもあるけどここのは目を[UNK]たくなるような言葉でも[UNK]う[UNK][UNK]も大当たりで爆笑＊[UNK][UNK][UNK]）て、わたしは誰が好きなのだ？左は安心安全なお店で[UNK][UNK]ランチ[UNK]：／／ｔ．ｃｏ／[UNK]	0
1433681997126201346	[CLS]＠[UNK]Ｎ[UNK]大井川[UNK]のトーマスシリーズに乗車するのはちょっと恥かしい[UNK]写真の電車、名鉄に乗りたいのであります！	1
1433679918156500993	[CLS]＠[UNK][UNK][UNK][UNK]ワイも電車乗ったＺ	0
1433679549363986435	[CLS]左腕が・・俺の悪魔の左腕がっ（以下略ワクチン接種が終わって筋肉痛の管理人です。おそらくコロナワクチンと言うことではなく筋肉注射の弊害でしょうけど。おはよう[UNK]。というわけで珍しく今日から三日間管理人出勤デーです。よしなに。[UNK]のご[UNK]お買い物ご利用お待ちしてお（[UNK]／店長[UNK]：／／ｔ．ｃｏ／[UNK][UNK][UNK][UNK]ＡＰ	1
1433679357315141634	[CLS][UNK]で阪急さんからＪＲに乗換えて尼崎へ。[UNK]。また目の前で電車行って[UNK][UNK]ってか、階段[UNK]隣の[UNK]行かな[UNK]のに、[UNK]時間短すぎ。ＪＲほとんど乗った事ないから慣れてへんのに…。福知山線の事故以降、ダイヤに余裕持たせてるのは分かるけど、[UNK]の余裕も欲しいわ[UNK]	2
1433662887147581464	[CLS]今日は京都線仕様の[UNK]ちゃん電車に[UNK]ました！場所：大阪梅田駅[UNK]：／／ｔ．ｃｏ／[UNK][UNK][UNK]	2
1433659582786592773	[CLS]電車で[UNK]は[UNK]！	0
1433659452087955463	[CLS]電車で向かいに座ってる方[UNK]の上に[UNK][UNK][UNK]るなブラしてないのかと顔[UNK]男性やった[UNK]（＆[UNK]；＆[UNK]；[UNK]））[UNK][UNK]	2
1433658560173404162	[CLS]＠[UNK][UNK][UNK][UNK]電車乗る前に教え[UNK][UNK]	0
1433658301825179654	[CLS]＃[UNK]オープンしました！[UNK]は、[UNK]も出勤しております。お天気は雨が続いてますね[UNK][UNK]こんな日は[UNK]と[UNK]でも[UNK]か？[UNK]：[UNK]〜[UNK]：[UNK]で、今日も[UNK]お待ちしております！[UNK]：／／ｔ．ｃｏ／[UNK][UNK][UNK]Ｎ[UNK]ｇ	0
1433642933383618566	[CLS]＠[UNK][UNK][UNK]＠[UNK][UNK]＠[UNK]届きましたよ、[UNK][UNK]も済みました、後は[UNK]で[UNK]楽しみは、[UNK]よ[UNK]の[UNK]無さはご理解してや、[UNK]も自粛は[UNK][UNK]、[UNK]が対話してる[UNK]と思ってツイートしてますから、[UNK]、[UNK]ん[UNK]や、自粛は不要不[UNK]外出だけです、文章の文脈[UNK]再度[UNK]。	1
1433642295463718912	[CLS]＿＃カーライフ大阪店＃自社ローン＃全国対応＃車のある生活＃車好きな人と繋がりたい＃キャンプ＃[UNK]＃[UNK]＃[UNK]＃車＃[UNK]＃[UNK]度カメラ＃是非お問い合わせ下さいませ[UNK][UNK][UNK][UNK][UNK]場所：カーライフ大阪店[UNK]：／／ｔ．ｃｏ／[UNK][UNK]Ｖｐ[UNK][UNK]	2
1433640299981512705	[CLS]＿＃カーライフ大阪店＃自社ローン＃全国対応＃車のある生活＃車好きな人と繋がりたい＃キャンプ＃[UNK]＃[UNK]＃[UNK]＃車＃[UNK]＃[UNK]度カメラ＃是非お問い合わせ下さいませ[UNK][UNK][UNK][UNK][UNK][UNK]：／／ｔ．ｃｏ／ｋ[UNK]ｇ[UNK]ｃ[UNK][UNK]	2
1433639637004685349	[CLS]たまたま乗った電車が……[UNK]ね！＃[UNK]急行＃[UNK][UNK]＃[UNK]往来＃ノリ[UNK]＃[UNK]トン＃ヘッドマーク[UNK]：／／ｔ．ｃｏ／[UNK][UNK][UNK]ｒ	2
1433638259129684005	[CLS][UNK]出勤日。[UNK]外でランチ！[UNK]阪急梅田駅構内にあるお[UNK]キッチンさん[UNK][UNK]猫ワールドなんだけど、[UNK]の大根おろしまでねこちゃん！！[UNK]（なかなかの立体感）[UNK]：／／ｔ．ｃｏ／ｍ[UNK]ｃ[UNK]Ｖ[UNK]	0
1433636638605807652	[CLS]＠[UNK]＿[UNK]＿大阪も朝からかなり[UNK]めの雨です。今日は夕方から外出予定です。楽しい[UNK]をお過ごしください！	0
1433636391016042535	[CLS]＠[UNK]出勤お疲れ[UNK]！（笑）[UNK]：／／ｔ．ｃｏ／Ｔ[UNK]ＳＴ[UNK]ＩＦ[UNK]Ｖ	0
1433635735483998212	[CLS]外出の際はマスクを忘れずに[UNK][UNK]ないですが、出来る限り使い捨てでご利用下さい[UNK]＃感染対策＃マスクは使い捨て＃マスクは[UNK]＃感染予防＃第[UNK]波に備えて＃大切な人を守るために＃[UNK]薬店＃大東市＃城東区＃東大阪市＃[UNK]＃[UNK]市＃放出＃[UNK]＃[UNK]＃[UNK]鶴見＃蒲生四丁目[UNK]：／／ｔ．ｃｏ／[UNK][UNK][UNK]	2
1433635488011718658	[CLS]外出の際はマスクを忘れずに[UNK][UNK]ないですが、出来る限り使い捨てでご利用下さい[UNK]＃感染対策＃マスクは使い捨て＃マスクは[UNK]＃感染予防＃第[UNK]波に備えて＃大切な人を守るために＃コロナ慣れしないで＃[UNK]マスクは[UNK]ない＃[UNK]薬店＃鶴見区＃[UNK]＃大阪市＃ドラッグストア＃[UNK][UNK]：／／ｔ．ｃｏ／[UNK][UNK][UNK]	2
1433634684672491520	[CLS]今日はメロン[UNK]の妖精[UNK]ちゃんと一緒に[UNK]です。[UNK]山（＠[UNK]）[UNK]書いて、グッズ化して[UNK][UNK]ちゃんです[UNK]	0
1433632782027165730	[CLS]＿＃カーライフ大阪店＃自社ローン＃全国対応＃車のある生活＃車好きな人と繋がりたい＃キャンプ＃[UNK]＃[UNK]＃[UNK]＃車[UNK]：／／ｔ．ｃｏ／[UNK][UNK][UNK]：／／ｔ．ｃｏ／[UNK][UNK][UNK]	2
1433631374896885764	[CLS][UNK]電車[UNK][UNK][UNK]	2
1434291186584285184	[CLS][UNK][UNK]通勤中に[UNK]のチェーンが外れて[UNK][UNK]直しきらん[UNK][UNK][UNK]けながらもタクシー出勤…	2
1433627016545275931	[CLS][UNK]南海電車でした……宿泊ホテルは[UNK]ホテル[UNK]階のカフェには本格[UNK]が？！全[UNK]種＃ひとみんの[UNK][UNK]：／／ｔ．ｃｏ／[UNK][UNK][UNK]	0
1433624955510349827	[CLS]土曜日に大阪行くの、バイクで行こうと思ってたけど雨らしいので電車。電車[UNK][UNK]し電車乗るの楽しいから少し楽しみ。雨は雨で楽しいのよな。	1
1433621199204929539	[CLS][UNK]。また[UNK]降りの大雨[UNK]。電車止まるかも……[UNK]＃わたしの[UNK]きっぷツアー＃[UNK]は台風で電車止め＃今年は[UNK]回豪雨で電車止め＃[UNK]だは踏切故障で運転中止に[UNK]＃今はまた大雨に遭ってる＃なんか悪いことしたか[UNK]＃[UNK]模型にゴジラのフィギュア置いてみたいって思っただけ[UNK]	2
1433620956300210178	[CLS]＿＃カーライフ大阪店＃自社ローン＃全国対応＃車のある生活＃車好きな人と繋がりたい＃キャンプ＃[UNK]＃[UNK]＃[UNK]＃車[UNK]：／／ｔ．ｃｏ／[UNK]	2
1433619145556332553	[CLS]旅行の前の荷詰め、何回旅に出ても直前まで何回も確認しては[UNK]なる	2
1433617515599446016	[CLS]＠[UNK]＿＿＿＿[UNK]コメントありがとう[UNK]。[UNK]日が出勤日なので、腹[UNK]きます。	0
1433616755146903553	[CLS]この日は旅行で行けないけど…今後[UNK]しています[UNK][UNK]：／／ｔ．ｃｏ／[UNK][UNK]Ａ[UNK][UNK]	2
1433613484269342720	[CLS]鉄道プレス｜おおさか東線に「[UNK]系」が[UNK]年よりデビュー！トイレ付き電車へ[UNK]：／／ｔ．ｃｏ／[UNK][UNK][UNK]＠[UNK]から	0
1433612273143083010	[CLS]＿＃カーライフ大阪店＃自社ローン＃全国対応＃車のある生活＃車好きな人と繋がりたい＃キャンプ＃[UNK]＃[UNK]＃[UNK]＃車＃[UNK]＃[UNK]：／／ｔ．ｃｏ／[UNK][UNK][UNK]：／／ｔ．ｃｏ／[UNK]	2
1433612208991133697	[CLS]現在、大阪市では【大雨警報】が発令されています[UNK][UNK]外出の方は、[UNK]お気をつけください[UNK][UNK][UNK]：／／ｔ．ｃｏ／[UNK][UNK][UNK]	2
1433611986349092914	[CLS]＿＃カーライフ大阪店＃自社ローン＃全国対応＃車のある生活＃車好きな人と繋がりたい＃キャンプ＃[UNK]＃[UNK]＃[UNK]＃車＃[UNK]＃[UNK][UNK]：／／ｔ．ｃｏ／[UNK][UNK][UNK]：／／ｔ．ｃｏ／[UNK][UNK]Ｒ	2
1433610176733409288	[CLS]大阪市と東大阪市に大雨警報出ました…夜から仕事で姫路に行くけど電車止まらないといいけど…	1
1433604137745149977	[CLS]＠[UNK]＿[UNK][UNK]さん、おはよう[UNK][UNK][UNK]ね！なんか牛乳より飲みやすいと感じております[UNK]雨降りですが、外出の際はお足元に注意して下さいね[UNK]	1
1433603859968978954	[CLS]ちなみにこの物件、道路を挟んだ向かい側は[UNK]である。北側は広いグラウンドのある公園で、[UNK]は[UNK]がサッカーの練習をしている間にランニングや[UNK]をしている。まるでジムとして使えと[UNK]だ。問題があるとすれば、電車の駅から遠いことである。	1
1433603800070193152	[CLS]近鉄電車の中広告始まった[UNK][UNK]みて[UNK][UNK]見つけてね[UNK][UNK]＃[UNK]＃命＃牛＃[UNK]＃アート館＃近鉄電車＃電車＃風の牧場＃ミュージカル＃オリジナル＃言葉には＃翼が[UNK]る＃佐賀＃近鉄[UNK]：／／ｔ．ｃｏ／[UNK][UNK]	0
1433603600102486050	[CLS]＠[UNK]＿[UNK]おはよう[UNK]！[UNK]の際は気をつけて行ってくださいね、[UNK]さん、今日も一日[UNK]ましょう！	2
1433602399927562270	[CLS]「女の出勤日だけ売上金が足りない」…レジから[UNK]回、[UNK]円を[UNK]：社会：ニュース：読売新聞オンライン[UNK]：／／ｔ．ｃｏ／[UNK][UNK]ｍ[UNK]	2
1433599599004962817	[CLS]＠Ｒ[UNK]ｔｈおはよう[UNK][UNK][UNK]弁当[UNK][UNK][UNK]雨雨[UNK]（笑）出勤！！	0
1433599284700540930	[CLS]旅行行くならこれがいいな。[UNK]：／／ｔ．ｃｏ／[UNK]Ｚ[UNK][UNK]	1
1433599112947986461	[CLS]おはよう[UNK][UNK][UNK]。今日も[UNK]雨ですね。仕事[UNK]電車で堺まで歯医者行くのに[UNK]なりますね。	0
1433590528482824192	[CLS]＠[UNK]今日の雨のせいで明日休日出勤[UNK]！	0
1433587587638120448	[CLS]＠[UNK][UNK]そう、何より[UNK][UNK]。私は、両方共、電車、[UNK]やったので、[UNK]です。	0
1433586187415875585	[CLS]おはよう[UNK][UNK][UNK][UNK]今日は、金曜日で平日なのに朝早い（[UNK]）です[UNK][UNK][UNK]通勤電車の人[UNK]で既に疲れ[UNK]が[UNK]・・・でも、こんな時間（[UNK]時過ぎ）に来れてしまって[UNK][UNK][UNK][UNK]というわけで、茶[UNK][UNK]でも[UNK]いて目[UNK][UNK][UNK]、[UNK][UNK][UNK][UNK][UNK][UNK][UNK][UNK]：／／ｔ．ｃｏ／Ｘ[UNK][UNK][UNK][UNK]	0
1433585313889153025	[CLS][UNK]よう[UNK][UNK]今日は＃ドラえもんの誕生日[UNK]奈良県奈良市雨[UNK][UNK][UNK][UNK]℃→[UNK]℃今日は[UNK]（[UNK]店舗と全部署）会議[UNK]オンラインも[UNK]と慣れて[UNK]いました[UNK][UNK][UNK]旅行も[UNK]会まだ出来ないけど[UNK]＃企業公式が[UNK]地元の天気を言い合う＃企業公式夏のフォロー祭り＃企業相互フォロー[UNK]：／／ｔ．ｃｏ／[UNK][UNK][UNK][UNK][UNK]	0
1433581384749105175	[CLS][UNK]系は恐らく地元で唯一見られる国鉄型の旅客電車かと思います。最後くらい京阪神ゆかりのスカイブルー一色とか見たいですね（[UNK]・ω・[UNK]）[UNK]：／／ｔ．ｃｏ／[UNK][UNK][UNK]	0
1434303421134213124	[CLS]おはよう[UNK][UNK][UNK]今日は夫と夫のお父様と[UNK]	0
1434302999447293953	[CLS]生存確認と[UNK]とコリン[UNK]は送迎付きで[UNK]フリーコンサートに参加[UNK]周年[UNK][UNK][UNK][UNK]の[UNK]周年への元気を[UNK]ました（＾Ｏ＾）／[UNK]年におよぶコロナ禍の中大勢の[UNK]と[UNK]報告や[UNK]僕は[UNK]人間と[UNK]ました[UNK][UNK]：／／ｔ．ｃｏ／[UNK][UNK][UNK]	0
1434302072787111937	[CLS]おはよう[UNK][UNK]、サンデー日曜日の西宮市、青空の朝です、前線は列島から離れ[UNK]ですが、上空に[UNK]が流れ込み不安定なお天気だ[UNK]、[UNK]いても急な雨もありで、[UNK]の休日も[UNK]です、[UNK]も家族揃って[UNK][UNK]日にしましょう〜[UNK][UNK][UNK][UNK][UNK][UNK]：／／ｔ．ｃｏ／[UNK]	0
1434302025005633540	[CLS]今日も日曜出勤[UNK]。盆休み[UNK]から[UNK]回も日曜休みあり[UNK]ん（・[UNK]・）	1
1434293716949209091	[CLS]ここは大阪ではなく池袋に[UNK]ウィークリーマンションの一室で、近くを走る[UNK]は阪急電車ではなく[UNK]荒川線（今ではさくらトラムというらしい）のような気がしてならない何故か[UNK][UNK]大部屋に入院してきた人が[UNK]さんということです妄想は[UNK]	1
1434292005354369027	[CLS]久々に電車で新大阪以東に[UNK]わ[UNK]一時間半、電車に[UNK]ます[UNK]	1
1434129045831127046	[CLS]電車で叫びそうになった！[UNK][UNK]！泣きそう	2
1434291138505019392	[CLS][UNK]年[UNK]月[UNK]日ハワイ島への新婚旅行にてＶｏｌ．[UNK][UNK]：／／ｔ．ｃｏ／[UNK][UNK]	0
1434291002144030725	[CLS][UNK]年[UNK]月[UNK]日ハワイ島への新婚旅行にてＶｏｌ．[UNK][UNK]：／／ｔ．ｃｏ／[UNK][UNK][UNK][UNK]	0
1434290817045204994	[CLS][UNK]年[UNK]月[UNK]日ハワイ島への新婚旅行にて[UNK]：／／ｔ．ｃｏ／[UNK][UNK][UNK]	0
1434286565350526977	[CLS]おはよう[UNK][UNK][UNK][UNK]ます[UNK][UNK][UNK]気温も高くなく[UNK][UNK]て[UNK]朝で[UNK]こんな[UNK][UNK]の今日も[UNK]営業です[UNK]あっ[UNK]末は土日とも休業ですので覚えておいて下さいね[UNK]＃[UNK]＃[UNK]＃大阪＃自動車＃車＃[UNK][UNK]：／／ｔ．ｃｏ／[UNK][UNK][UNK][UNK]Ｙ	2
1434276933345296385	[CLS]おはよう[UNK][UNK]日曜出勤です。手首は[UNK]ました。[UNK]時間勤務[UNK]考えたほうが良いかな〜[UNK]月で契約更新。かと言って次の仕事は探してないけど[UNK]考え[UNK]。今日も[UNK][UNK]。＃いまそら＃[UNK]観測的な[UNK]：／／ｔ．ｃｏ／[UNK][UNK][UNK]	1
1434271701043335168	[CLS]＃これを見た人はラッピングの電車の写真を[UNK]楽しいラッピングを[UNK]企画してくれる阪急電車[UNK]宝塚線編です[UNK][UNK]：／／ｔ．ｃｏ／[UNK][UNK][UNK]	0
1434271092558876674	[CLS]関大では[UNK][UNK]日まで臨時[UNK]要請となりました。関西大学に寄りますと大阪府吹田市に緊急事態宣言が発令を受け[UNK]月[UNK]日より万博記念公園駅に降車を控えるようにしたいとコメントをしている大阪モノレール空港線の利用客を半分減らす外出自粛規制で公共交通機関の利用自粛を要請する[UNK]：／／ｔ．ｃｏ／Ｇ[UNK][UNK]	2
1434270814606561281	[CLS]＠[UNK][UNK]おはよう[UNK]。[UNK]ですか？	1
1434270219808083968	[CLS]＠[UNK]＿[UNK]私も早朝から[UNK]です[UNK]	0
1434266900419153926	[CLS]子供頃から現在高齢者ですが生きてきた経緯好きなように[UNK]過ごしてきた今日自分自身薬飲んで[UNK]定期検査病院に行きますが[UNK][UNK]、遊び趣味飲んでツイッターしたり過ごしています、私は[UNK]が若い時の親しい友達ゴルフ、[UNK]、旅行した友達[UNK]いたが一緒にいる人達いない、	0
1434263509701779458	[CLS][UNK]回目の接種で[UNK]松山ライブ日に熱が[UNK]ライブ見に行けない。[UNK]、職場の人達からは「[UNK]回目は熱出ない[UNK]」と言われて翌日出勤にしているが。。。	2
1434259644474486784	[CLS]おはよう[UNK]。いい天気，[UNK][UNK]ですね。[UNK]：／／ｔ．ｃｏ／[UNK][UNK]Ｖ[UNK][UNK]	0
1434247675042426880	[CLS]え、夜から外出て[UNK][UNK]走って今帰ってきた。[UNK]：／／ｔ．ｃｏ／[UNK]	2
1434244705630318596	[CLS]【路線】阪急京都本線【種別】普通【行先】梅田【車両】[UNK]【区間】西[UNK]→南方＃[UNK][UNK]夏旅第[UNK]弾[UNK]本目＃[UNK]乗車記録[UNK]夏もラスト！[UNK]旅行もラスト！弾丸福岡してきます。	0
1434235734592872448	[CLS]大阪と神戸を結んで日本一の距離だった路面電車「[UNK]線」の[UNK]年前その運賃はいくら？〈[UNK]〉（[UNK]．）[UNK]：／／ｔ．ｃｏ／ＡＨ[UNK][UNK]	2
1434192225865371651	[CLS]＠[UNK]＿[UNK]業務委託[UNK]休みとか出勤時間自由聞くし稼ぎながらいける[UNK]！バイト[UNK]すぎん？笑	0
1434180545349513217	[CLS][UNK]月別府に旅行したい[UNK]が	1
1434164447224893445	[CLS]職場で、東京[UNK]いつもどこへ飲みに行くの？って聞かれたから上野と神田と新宿です[UNK]って[UNK][UNK]丁目系ね！って言われた[UNK]	0
1434160466218024964	[CLS]鈴木社長！スタッフの[UNK]！大阪でも[UNK]・[UNK][UNK]のシャツで毎週土日に外出（三宮、梅田、[UNK]）してますからね。よく[UNK]シャツの方から話しかけられます。[UNK]Ｔシャツはこちら[UNK]：／／ｔ．ｃｏ／[UNK]＃[UNK]＃[UNK]＃[UNK]＃[UNK]できるシャツ＃プロレスファンから話しかけられる[UNK]：／／ｔ．ｃｏ／[UNK][UNK][UNK]	0
1434155720476221443	[CLS]＠[UNK][UNK]特に電車乗ってると[UNK]	0
1434149997604478977	[CLS][UNK]は大阪。明日は旅行業の試験です！[UNK]から[UNK][UNK]ドライブしてるけど、[UNK]と[UNK]岸和田の祭りも明日は中止[UNK]。[UNK]ですね。[UNK]良き日本の文化が早く戻る事を願っています。＠[UNK]，[UNK]：／／ｔ．ｃｏ／[UNK][UNK]Ｈ	0
1434149641835081728	[CLS]＠[UNK]＿[UNK]Ｍ本当に引退したんですね。明日も[UNK][UNK]中之島間を走ってい[UNK]ね。子供の頃の[UNK]電車。そしてドアが[UNK]不思議な電車。僕の子供も一度[UNK]「ドアがいっぱい」「一番好きな[UNK]系」と言って[UNK]系のファンに。親子で[UNK]思い出が出来た[UNK]系にありがとう。そしてサヨナラ	0
1434148199774646276	[CLS]＠[UNK][UNK]さんを愛し！南海電車に飛行機と！[UNK][UNK]センスが甥っ子ちゃんには魔法使いのように思えるのかもですな！[UNK][UNK]それと蜘蛛を作りますし[UNK]	0
1434145440811786240	[CLS]＠[UNK][UNK][UNK][UNK]出勤はしたが後に発熱してしまったんですね……無理しなよとはリーダーが言ってくれてたので…	1
1434144860148101120	[CLS]電車で大阪市から比較的近いのに池田市は[UNK]これだけ陽性者が少ない[UNK]か	0
1434143776751046661	[CLS]＠[UNK][UNK][UNK][UNK]出勤はしたが[UNK]されたんですか…	2
1434138110904864771	[CLS][UNK][UNK][UNK]勝った[UNK]勝った[UNK]また勝った[UNK]弱い巨人にまた勝った[UNK][UNK]電車で早よ[UNK][UNK]	0
1434137594367860737	[CLS]電車内で大山のサヨナラホームランを虎テレで観た。阪神ユニ着た人と「勝ったと思って帰ってる読売ファン、サヨナラ負けって知らんのと[UNK][UNK][UNK]」って話してたら、近くにいた読売ファンのお[UNK]に[UNK]らしく「気[UNK]悪いねん、だから阪神ファン[UNK]ねん[UNK]」って[UNK]してた…[UNK][UNK]	1
1434131748946808838	[CLS]たまに電車に乗ってる立場なのは承知の上ですが、乗り換え待ち長すぎると思います。[UNK]分しか[UNK]ない電車を[UNK]分待つとか[UNK]以外の何者でもない。乗る人減って大変なところ[UNK]ですが、他社とか関係なく乗り合わせ良くしてください。[UNK]電車での外出したくなくなります	2
1434130414071738377	[CLS]＠[UNK][UNK]＠[UNK][UNK]ｖ[UNK]新型コロナの予防接種副反応は改善してます[UNK]連日、[UNK]の食料品買い込みに[UNK]満載してます[UNK]冷蔵庫・冷凍室・野菜室マ全部[UNK][UNK]週間以上は自宅で巣[UNK]次の[UNK]は、[UNK]水曜日の大学病院[UNK][UNK][UNK]逆転サヨナラ勝ちで、[UNK]買った『業務スーパー[UNK][UNK]ケーキ』御祝い[UNK][UNK][UNK]：／／ｔ．ｃｏ／[UNK][UNK][UNK]	0
1434129324009877505	[CLS]大山逆転サヨナラホームラン[UNK][UNK][UNK]帰りの電車の速報で知るねん！	0
1434038685473722369	[CLS]＠[UNK]＿[UNK]東大阪に家引っ越ししたからまた飲みにおいで[UNK][UNK]	0
1434125322123833350	[CLS]＃[UNK]中之島[UNK]は、[UNK]・＃大阪市役所まえの、日本銀行大阪支店横、京阪電車中之島線大江橋駅にて、作品展示・ワークショップを今年度も、[UNK]月[UNK]からスター[UNK]ます。素晴らしい建物です。[UNK]近代建築の第一人者・[UNK][UNK]が設計した[UNK]様式の洋風建築です。[UNK]：／／ｔ．ｃｏ／[UNK]	0
1434125177416212480	[CLS][UNK]落ちます[UNK][UNK][UNK]お[UNK]なさい[UNK]今日[UNK]電車[UNK]また旅したくなってきた。[UNK]我慢我慢。[UNK]ｈｔｔｐｓ：／／ｔ．ｃｏ／[UNK]	0
1434122939645915136	[CLS]＠[UNK]＿[UNK]電車気にするの[UNK]ん！？[UNK]	2
1434121768671735813	[CLS]お嬢様、出勤されました！いつも、いってき[UNK]！って、[UNK]、手を[UNK]、もっいっかい、[UNK]、手をふります！子供は、[UNK]ときそんな感じなのか[UNK]	0
1434120220164046857	[CLS]＠[UNK]南海は[UNK]へ行く時に乗る電車。カメラ向けた事無い[UNK][UNK]鉄道マクロってジャンルどうですか！	2
1434117234746556420	[CLS]県外出れないし古い大阪のガイドブックを使って観光してみようと思って購入・・・古すぎたか[UNK]：／／ｔ．ｃｏ／[UNK][UNK]	1
1434111716309168135	[CLS][UNK][UNK]さよならさよなら[UNK][UNK][UNK]阪神電車ではよ[UNK]	0
1434111434711990279	[CLS]＠[UNK][UNK][UNK]＠[UNK][UNK][UNK]ピーク時には[UNK]時間あたり[UNK]本という今よりずっと列車本数が多かったのにのにもかかわらず、混雑度が[UNK]朝の[UNK]ラッシュを支えてくれた[UNK]系、今まで本当にありがとう。京阪沿線民は[UNK]扉の電車を忘れないよ。	0
1434109271281586178	[CLS]電車の歴史が、お金の歴史[UNK][UNK][UNK][UNK]：／／ｔ．ｃｏ／[UNK][UNK][UNK]	2
1434108495931092993	[CLS]オタク[UNK]旅行、終了（＠大阪駅ｉｎ大阪市，大阪府）[UNK]：／／ｔ．ｃｏ／[UNK][UNK][UNK]	2
1434105009952550916	[CLS]＠[UNK][UNK]ｏｎ[UNK]つい[UNK]まで大阪駅いたのに、電車[UNK]った[UNK]これは食べたかった[UNK][UNK]：／／ｔ．ｃｏ／[UNK][UNK][UNK][UNK]	2
1434102784014438402	[CLS]（[UNK]，[UNK]）あの、電車で梅田まで行くにはどう[UNK]いいんですかね？そもそも梅田じゃないんですか。阪神電車乗ります。大阪駅まで戻ることは[UNK]ない。[UNK]：／／ｔ．ｃｏ／[UNK][UNK][UNK]	2
1434100178886152192	[CLS]＠[UNK][UNK][UNK][UNK]ｉ大変[UNK]お言葉、ありがとう[UNK][UNK][UNK]穏やかな気持ちで旅行を楽しめる日々が、早く戻ってるくることを祈る[UNK]。	0
1434096859052527618	[CLS]平家物語のアニメが放送さ[UNK]また山陽電車がラッピング電車とかやりそう[UNK]山陽電車はアニメコラボとかは[UNK]よね	0
1434094822428581888	[CLS]＠[UNK]だよね。。。だよね。。。新しい過ごし方に[UNK]と言っても無理があるよ。。。[UNK][UNK]子供たちも[UNK]けど、もともと広い世界を知ってる者からしたら（海外新婚旅行以来行ってないけど）なんか息が[UNK]よね。[UNK]	1
1434090540568432640	[CLS]腕の違和感はもう[UNK]無くなったっぽい。実は[UNK]時間後くらい[UNK]にも熱が上がりそうな身体が[UNK]なりそうな副作用らしきもの見えたのだが、サラダパン[UNK]（笑）持ってきておいた薬飲んで電車で寝落ちしていたら[UNK][UNK]いた。[UNK]回目は[UNK][UNK]待機しよう、[UNK]に．．．	1
1434089893399982091	[CLS]＠[UNK][UNK][UNK]＠[UNK][UNK][UNK]自宅では下着と[UNK]だからまだ[UNK]ですけど、外出時が[UNK]辛いんですよね…[UNK]明日にでも[UNK]に行ってみます（＾＾。	1
1434081922179764227	[CLS]お仕事終わりました帰宅の電車待ち	0
1434081917515694081	[CLS]【[UNK][UNK][UNK]月[UNK]日出勤キャスト[UNK][UNK]】[UNK]丙[UNK][UNK][UNK]－[UNK]＠＿[UNK]＿[UNK][UNK]－[UNK]＠[UNK]＿[UNK]＿マリン[UNK]－[UNK]＠[UNK]＿[UNK][UNK][UNK]みる[UNK]－[UNK]＠[UNK]＿[UNK][UNK]まな[UNK]－[UNK]＠ｍａ＿＿[UNK]＿＿[UNK]＿きゅう[UNK]－[UNK]＠[UNK]＿[UNK]＿[UNK][UNK][UNK]－[UNK]＠[UNK][UNK]＿[UNK]：／／ｔ．ｃｏ／[UNK]	0
1434079756052426754	[CLS][UNK]、たとえスイスと同じ（ようなｗ）風景でも、髪を[UNK]隠れてるか気にしないと[UNK]、好きな格好できない地域を旅行しても楽しくないんだよねわかるか[UNK]、この[UNK]。欧州[UNK]じゃ無いけど、人々の解放的な感じってリゾートに必須よな	0
1434079697323716611	[CLS]ホテル代無料イベント＆私の[UNK]月の出勤…いよいよ明日までとなります[UNK][UNK][UNK]マッサージ、前立腺マッサージ[UNK]＆オイルマッサージ、しっかり[UNK]密着付きで[UNK][UNK]のお楽しみマッサージの[UNK]ご[UNK][UNK][UNK]お誘いブログです[UNK][UNK][UNK][UNK]：／／ｔ．ｃｏ／[UNK][UNK]ｗ[UNK]Ｊ[UNK]＃[UNK]マッサージ＃[UNK][UNK]：／／ｔ．ｃｏ／[UNK][UNK]：／／ｔ．ｃｏ／[UNK][UNK][UNK]	0
1434073594259148805	[CLS]電車ちょうど来た！[UNK]良い[UNK]	0
1434070870796877825	[CLS]＠[UNK]＿[UNK]確かにさよなら運転的なイベントは[UNK]いますからね…ただ、京橋駅のホームにホームドアの一部が設置されて[UNK]れていますが、今日の寝屋川車庫でホームドア本体を積んだ電車が目撃されているのでなければ、明日設置とかではないような…	1
1434065331262087172	[CLS]ちなみに沖縄旅行に行きたいけど行けないので、少しでも気分に[UNK]たいという思いでこの景品にされた[UNK]。	1
1434063305484685314	[CLS][UNK]外出（＠京都市ｉｎ京都府）[UNK]：／／ｔ．ｃｏ／[UNK][UNK][UNK][UNK][UNK]Ａ	2
1434063125452447744	[CLS][UNK]、また雨降って来たけど[UNK]にお[UNK][UNK]：／／ｔ．ｃｏ／[UNK][UNK][UNK]Ｆ	1
1434062859835637761	[CLS]仕事が、休みだからといって[UNK]気が[UNK]訳ではないんだよね。[UNK][UNK]言いながら医者にも行かないような気分屋に縛り付けられて振り回されてかえって[UNK]こともある。むしろ通勤電車でシートに座って[UNK]と[UNK]してる時間が[UNK]番[UNK]する…。	0
1434061515489832970	[CLS][UNK][UNK][UNK]「隣通しではありません兵庫県と京都府です電車で[UNK]時間半かかります」[UNK][UNK][UNK]「隣通しです。[UNK]分くらいで[UNK]ます」[UNK][UNK]すぎ	2
1434048670278635523	[CLS]出勤前に[UNK]！[UNK]個目[UNK]＃[UNK]ウォーク＃[UNK]ウォーク[UNK]：／／ｔ．ｃｏ／[UNK][UNK]ＣＧ[UNK][UNK]	0
1434046956716711939	[CLS]阪神タイガース首位奪回へ！今日も来ました甲子園！[UNK]サンガの試合は帰りの電車内で[UNK]視聴します！[UNK]：／／ｔ．ｃｏ／Ｓ[UNK][UNK][UNK][UNK]	0
1434042322405101568	[CLS]「[UNK]が[UNK]フィリピンのセブに行って[UNK]ヶ月くらい語学学校に入ってそれで[UNK]の英語を[UNK]ようになって[UNK]、[UNK]年ゆっくり世界を旅行したいね」[UNK]日経「当たり前を探し続ける菅[UNK]」両親は[UNK]で私が起きた頃に畑から帰ってくる。田舎の人は皆そうですよ。全てが仕事の毎日を当たり前[UNK]と	0
1433961451031384068	[CLS]おはよう[UNK][UNK][UNK]は毎日新聞に[UNK]月に[UNK]が主催した語学留学プログラムが紹介されましたよ[UNK][UNK]海外旅行に行きたいな＃京都＃語学留学＃韓国語[UNK]：／／ｔ．ｃｏ／Ｉ[UNK][UNK]	0
1434038252835512322	[CLS]出勤途中に購入出来ました[UNK][UNK]夜まで[UNK][UNK][UNK][UNK]：／／ｔ．ｃｏ／[UNK][UNK][UNK]	0
1434037978335105027	[CLS]＠[UNK]＿[UNK]優勝旅行か何か？（[UNK][UNK]）	2
1434035378344759297	[CLS]奈良から出[UNK]、電車に[UNK]る。	2
1434033085989806083	[CLS]和歌山旅行でイオンに[UNK]うあたり頭おか[UNK]：／／ｔ．ｃｏ／[UNK][UNK][UNK]	1
1434032390763003904	[CLS]＿＃カーライフ大阪店＃自社ローン＃全国対応＃車のある生活＃車好きな人と繋がりたい＃キャンプ＃[UNK]＃[UNK]＃[UNK]＃車[UNK]：／／ｔ．ｃｏ／[UNK][UNK][UNK]：／／ｔ．ｃｏ／ｈ[UNK][UNK]	2
1434032030434562048	[CLS]関西[UNK]！[UNK]！[UNK]に帰るまでが旅行だから引き続き[UNK]いきたい	0
1434031129820991491	[CLS]＠[UNK][UNK]旅行は[UNK]	0
1434029755750182915	[CLS]移動中、練習[UNK]るうちに[UNK][UNK][UNK]がある！電車[UNK]。[UNK]：／／ｔ．ｃｏ／[UNK][UNK][UNK][UNK]ｅ	1
1434028491494735875	[CLS]少し[UNK][UNK]：／／ｔ．ｃｏ／ｋ[UNK][UNK][UNK][UNK]	1
1434026348129898496	[CLS]電車車輌に乗った瞬間にわかる。「この車輌には[UNK]を持った奴が居る。」	2
1434022189607444481	[CLS]おは[UNK]（っ[UNK]ω‘ｃ）[UNK]食べに行くのと日本旅行の[UNK]取りに梅田行こうとしたらこの有様よ・・・[UNK]：／／ｔ．ｃｏ／[UNK][UNK][UNK][UNK]	2
1434017544063660032	[CLS][UNK]か[UNK]んけど、[UNK][UNK][UNK][UNK]電車（（ｏ（＾[UNK]＾）ｏ））[UNK]何が[UNK][UNK]な（笑）＃北千里行き＃地下鉄[UNK]＃大阪メトロ[UNK]線＃大阪メトロ[UNK]系場所：大阪市営地下鉄[UNK]線[UNK]駅[UNK]・[UNK]番線ホーム[UNK]：／／ｔ．ｃｏ／[UNK][UNK][UNK]	0
1434017132065472516	[CLS]接種[UNK]日後頭痛、筋肉痛とも軽減。朝体温[UNK]．[UNK]と[UNK]だったが、鎮痛剤飲んですぐ下がる。出勤したけど今日は仕事も[UNK]ってことで、午前中で[UNK][UNK]（＾ｏ＾）／＃[UNK]＃接種後の体調＃ワクチン副反応	0
1434014183629025282	[CLS]＠[UNK][UNK][UNK]〜[UNK][UNK][UNK][UNK][UNK][UNK]さん[UNK][UNK][UNK]起きたてから超幸せに[UNK][UNK][UNK][UNK]ありがとう[UNK]（＊[UNK][UNK][UNK]＊）[UNK]のお花をまた[UNK][UNK][UNK]な始まりになります[UNK][UNK]さんの今日[UNK][UNK][UNK]でありますように[UNK][UNK][UNK][UNK][UNK]旅行[UNK][UNK]ので[UNK][UNK][UNK]：／／ｔ．ｃｏ／[UNK][UNK]ｖ[UNK][UNK][UNK][UNK]	0
1434009223889702919	[CLS]＠[UNK][UNK]車掌としても、点状ブロックから電車側に出られると、到着[UNK]出発監視の際に[UNK]にならないか[UNK]します。[UNK]に気付かずＣ弁引かなかったとなると[UNK]ことになるので…	1
1434002101605072904	[CLS][UNK]外出て[UNK][UNK]でコーヒー飲んでるんだけど[UNK]すぎてどんどん[UNK]なってきている。家より[UNK]なる。これは．．．実家！！？？	2
1433997361928282112	[CLS]ワクチン・検査活用で制限緩和旅行、大規模イベント容認―分科会提言・新型コロナ（時事通信ニュース）[UNK]：／／ｔ．ｃｏ／[UNK][UNK]＃[UNK][UNK]	0
1433997107518660608	[CLS]きょうは出勤。雨には[UNK]ずに[UNK]。＃[UNK]＃[UNK][UNK]場所：大阪工業大学（[UNK]）[UNK]：／／ｔ．ｃｏ／[UNK][UNK][UNK]	1
1433996168543965184	[CLS]今日は電車通勤！雨も[UNK]て足[UNK]な（[UNK]歩き過ぎた）とか思いながら駐車場の角[UNK]時駐車場から[UNK]猫が[UNK]来て[UNK]って[UNK]きて。可愛いけど、あげるものなくて[UNK]ねと声かけて歩き出すと目の前に[UNK]人がいて[UNK]今日はいい日だ！	0
1433992832243548162	[CLS]息子念願の電車に[UNK]パン屋来た[UNK]：／／ｔ．ｃｏ／[UNK][UNK][UNK]	2
1433990168818552837	[CLS]何波目かも分からない感染拡大、増える[UNK]勤務。外出さえできない今、観光に携わるいちホテルマンとして、何ができるか考えてみた。[UNK][UNK]程度に、未来の[UNK]を楽しめる。[UNK]泊[UNK]日も[UNK]ない…＃[UNK]泊[UNK]分旅行で”布施のまち”をお楽しみ下さい！[UNK]：／／ｔ．ｃｏ／[UNK][UNK][UNK][UNK]	0
1433985742338805766	[CLS]ロックダウン中のベトナムからの部品供給が[UNK]、[UNK]と[UNK]の操業が停止[UNK]・・・（；－ω－）[UNK][UNK]は月木金の[UNK]日掃除やら設備のメンテナンスやらで出勤あったけど、[UNK]（本来なら[UNK]）は[UNK]休業（爆）さらに[UNK]かけるかのように操業の停止が[UNK]週間延長｜ω；‘）	2
1433982695076347906	[CLS]＠[UNK]ひどい[UNK]の[UNK]は、ステロイドと免疫抑制剤を常用してるから、ワクチンを打っても免疫ができにくい[UNK]重症化防止にワクチン接種変異ウイルスは空気感染あるのかも満員電車も怖いです[UNK]ちゃここさんは仕事の関連で、[UNK]強制接種されたのかな？医療従事者は優先接種あったけど介護は？	2
1433982275532689409	[CLS][UNK]高校の時の室長に電車で偶然会った相変わらずユーモア溢れるいいキャラやった	0
1433973330407673856	[CLS]おはよう[UNK][UNK][UNK]／[UNK]のご案内状況です。[UNK]は田中以外全員出勤でどの時間帯もご予約取りやすくなってます！おまちしてます♪[UNK]：／／ｔ．ｃｏ／Ｑ[UNK][UNK]	0
1433971602165620740	[CLS][UNK][UNK]♪（[UNK][UNK][UNK]）京阪電車の[UNK]日乗車券、今なら牛乳石鹸もらえますね。（[UNK][UNK][UNK]）個数限定♪（[UNK][UNK][UNK]）ｂ[UNK][UNK]のやつ、やって[UNK]かな？（[UNK][UNK][UNK]）[UNK]＃京阪電車＃牛乳石鹸[UNK]：／／ｔ．ｃｏ／[UNK][UNK][UNK]	0
1433967504515207170	[CLS]阪急電車の特急、[UNK]はあるのだが、[UNK]らく車内放送の音量が小さい。音質、雰囲気は他社の追従を許さないので大変[UNK]。＃阪急＃特急＃車内放送＃駅の放送	2
1433966009380065286	[CLS]＠[UNK][UNK][UNK][UNK]薬[UNK]一錠飲んで様子みてます[UNK][UNK]今日は外出[UNK][UNK]な[UNK]	1
1433965913007476740	[CLS]＠[UNK]ええ天気[UNK]神戸は[UNK]細かい事で[UNK]が洗濯物[UNK]外出（仕事）又途中雨[UNK][UNK]〜で、戻り部屋[UNK]に[UNK]だった、[UNK]な、[UNK]笑って下さいな、笑いが平和をもたらし[UNK]、お[UNK]。	0
1433962714712330241	[CLS]＠[UNK][UNK][UNK]！私これ大好物です！岩手の[UNK]に旅行して初めて食べたのですが、[UNK][UNK]いてす。もう[UNK]の領域です。それ以来大ファンになりまして、わざわざ大阪市内まで買いに行ってます。大阪で取扱いしてるお店少ないのです[UNK]	0
1433961861649625089	[CLS]カレー[UNK]店主の[UNK][UNK]カレー[UNK]コロナが[UNK]飲みに[UNK][UNK][UNK][UNK][UNK]酒場[UNK]だもん堺市堺区新町[UNK]－[UNK]＃[UNK]だもん＃カレー＃堺＃堺好き＃堺好きな人と繋がりたい＃[UNK]一雄＃[UNK]一雄＃[UNK]一雄応援隊＃[UNK]一雄好き＃[UNK]一雄好きと繋がりたい[UNK]：／／ｔ．ｃｏ／ｇ[UNK][UNK]	0
1433942916162985986	[CLS][UNK]日前自転車で[UNK]そうになり、右手首を軽く[UNK]（と思う）。出勤時だったのでそのまま出勤し、[UNK]けど[UNK][UNK]し放置。その[UNK]日後[UNK]右手首を[UNK]。そして[UNK]日前階段でこけかけて右手首で全体重を支える。良くなっていた右手首はまた[UNK]なり、受難続きの右手首。これは[UNK]？それとも病院？	2
1433958746640707589	[CLS]雨の音が激しすぎて、電車のアナウンスなんも聞こえないレベル	2
1433950489373134849	[CLS]電車での道中、[UNK][UNK]の電池が[UNK][UNK]。（知らんがな）	0
1433950007262998530	[CLS][UNK]、コロナ禍で京阪電車[UNK]の特急がこの時間ほとんど準急になってる。ほぼギリギリ[UNK][UNK]ます様に[UNK][UNK]	2
1433949926409453568	[CLS][UNK]瞬間、幻になっても。。[UNK]、[UNK]さん大阪ライブ。この日のために[UNK][UNK]を徹底し、外食外出は極力控えて楽しみ[UNK]いたのです。[UNK]♪今日のお目覚めは、[UNK][UNK]「[UNK]」。この日も会場にいた。オレの声、入っているかな。＃[UNK][UNK]＃サクライブ[UNK][UNK]：／／ｔ．ｃｏ／[UNK][UNK][UNK]	0
1433946010103922689	[CLS]白浜旅行は[UNK]楽しいね（[UNK][UNK][UNK]）[UNK][UNK]いい[UNK]になったん[UNK]、体が筋肉痛とか[UNK]全般体が痛すぎるｗ[UNK][UNK]したし[UNK]にも[UNK]れ[UNK][UNK]けどいい旅行でした！[UNK]：／／ｔ．ｃｏ／[UNK][UNK]ＧＩ	0
1433945789458309120	[CLS]電車の中で聴く二人の約束もなかなか[UNK]い	1
1433943375351140353	[CLS]おはよう[UNK][UNK]日が[UNK][UNK][UNK]また[UNK]今日は[UNK][UNK]か雨[UNK][UNK]かな[UNK][UNK][UNK]今日はお友達と[UNK][UNK][UNK][UNK]駅までＧｏです[UNK][UNK]良い土曜日を[UNK][UNK]：／／ｔ．ｃｏ／[UNK][UNK]	0
1433943355784790018	[CLS]今日も神戸空港から[UNK]ぜ！[UNK]一便遅[UNK]からか、旅行解禁の風潮が高まってるからかはわからんが、明らかに[UNK]よりも出発ロビー内が[UNK][UNK]なるべく人がいないところで待機します[UNK][UNK]：／／ｔ．ｃｏ／[UNK][UNK]Ｇ[UNK][UNK]	1
