1327813345336983552	[CLS]＠[UNK]＿[UNK][UNK]良かった[UNK]パパもゆっくりと論文作成できるね。[UNK][UNK]は直に見れば[UNK]さがわかるよ。イギリスの公園の池にもいるはずだよ[UNK]外出できるようになれば、動物園に連れて[UNK]良いし[UNK][UNK]でもドアでこちらの公園散歩させてあげたいわ。うちの双子達[UNK][UNK]の背中に乗せて[UNK]したいわ[UNK][UNK]	0
1328125026206318592	[CLS][UNK]おはよう[UNK][UNK]今日から＃文化芸術による子供育成総合事業の公演のため＃福岡市立鶴田小学校へ[UNK]と[UNK]、[UNK]＃鈴木浩二さんと一緒に（＾＾）ｖいってきます[UNK]＃[UNK]＃通勤＃出勤[UNK]：／／ｔ．ｃｏ／[UNK]	0
1328117296192131072	[CLS]満員電車ってこんな暑いのか…今まで[UNK]避けて来たからはじめましてだよ…	2
1328110415121842177	[CLS]出勤途中のコンビニに西スポが無かった[UNK][UNK]	2
1328080832217530368	[CLS][UNK]、出勤。	0
1328073435021332480	[CLS]おはよう[UNK]。[UNK]は[UNK]したり、打ち合わせしたり、リモートで会議したりちょっとだけ[UNK]週になり[UNK]。[UNK]も[UNK]お願いします（＾＾）	0
1327977545749340160	[CLS]＠[UNK]＿[UNK]電車派[UNK]ですが、通勤は自転車[UNK]です。	0
1327973941013409793	[CLS][UNK][UNK]の[UNK]と叙勲のお祝いでプチ旅行プレゼント[UNK]景色[UNK]良い！[UNK]は[UNK]を[UNK]だと思って喜んでたな[UNK]笑[UNK]：／／ｔ．ｃｏ／Ｇ[UNK][UNK][UNK]ＬＩ	0
1327969748781449217	[CLS]誰〜もいなかった。電車が来る迄の[UNK]分ゆ〜[UNK]。[UNK]：／／ｔ．ｃｏ／[UNK]	2
1327968255038824450	[CLS]＠[UNK]＿[UNK]当時の画像もってた。レア出勤の劇団員だった気がする。[UNK]：／／ｔ．ｃｏ／[UNK][UNK]	1
1327955681069002753	[CLS][UNK]ちゃん[UNK]にて二日間の旅行終了！[UNK]：／／ｔ．ｃｏ／[UNK][UNK]	2
1327950982395772929	[CLS]友達と旅行したり、大勢で[UNK]したことなかったから、最近すごい楽しいし[UNK][UNK]って[UNK]する。[UNK]：／／ｔ．ｃｏ／[UNK][UNK][UNK]	0
1327948632398544896	[CLS]単純労働で[UNK]番[UNK]方法は[UNK]女の子限定にはなるけど風俗[UNK][UNK]な。たくさん出勤すれば月に手取り[UNK]円[UNK]。税金引かれること考えれば年収[UNK]円の開業医並に[UNK][UNK]。年収[UNK]円なんて開業医でもかなり上位。。	1
1327935679444054024	[CLS]今日は[UNK][UNK]人で[UNK][UNK][UNK]いたけど[UNK][UNK]＾＿＾ｈｔｔｐｓ：／／ｔ．ｃｏ／[UNK]	0
1327916124575449088	[CLS]明日より再び[UNK]課長出勤。平野区のチェリーボーイです。[UNK]ｈｔｔｐｓ：／／ｔ．ｃｏ／[UNK]：／／ｔ．ｃｏ／[UNK][UNK]	0
1327908351116783626	[CLS]西鉄電車に乗換[UNK]（＠天神駅ｉｎ福岡市，福岡県）[UNK]：／／ｔ．ｃｏ／[UNK][UNK][UNK][UNK]ｇ	2
1327907853168992257	[CLS]休日に[UNK][UNK]で[UNK]の[UNK]へ♪[UNK][UNK]時間ぐらいの渋滞に巻き込まれて死ぬかと思ったけどその後の紅葉は[UNK][UNK][UNK]場所：[UNK][UNK]：／／ｔ．ｃｏ／[UNK]	0
1327905679122722816	[CLS][UNK]から奇跡の生還。出勤します。＃[UNK]	0
1327905450558255105	[CLS]グッズも買ったので、飲みに行きます[UNK][UNK][UNK][UNK][UNK]＃[UNK]：／／ｔ．ｃｏ／[UNK][UNK][UNK][UNK]	0
1327897652168585218	[CLS]蓄電池電車に乗る。[UNK]線、かなり[UNK]乗るなと[UNK]：／／ｔ．ｃｏ／[UNK]	2
1327890151238995969	[CLS]休日出勤[UNK]ので風呂入って帰る[UNK]（＠[UNK]の湯－＠[UNK][UNK]町，佐賀県）[UNK]：／／ｔ．ｃｏ／[UNK]	1
1327888961901981697	[CLS][UNK][UNK][UNK]日目[UNK]家族旅行が終わり福岡の自宅に到着[UNK]何かＴｗｉｔｔｅｒが[UNK]な[UNK]早く[UNK]とか[UNK]とか誰か見せてください[UNK]噂であの男は未だ引退してない[UNK]がｗ	0
1327880768132050944	[CLS]＠[UNK][UNK]紅葉してますね〜[UNK][UNK]したくなります！	0
1327865391666712577	[CLS]＠[UNK]＿Ｃａｒ昨年、ソウルへ旅行に行った時に[UNK]を売ってるお店を見かけましたが、やはり少し高いので[UNK]買うのが大変な印象でした。	0
1327854715917402113	[CLS]鳥栖駅で電車を降りて、駅構内を見下ろす跨線橋「虹の橋」へ。ここも「ＳＬ[UNK]」を[UNK]と、待っている人たちがいましたが、久留米駅に比べると圧倒的に[UNK]いました。ＳＬ[UNK]は[UNK]を[UNK]ながら、鳥栖駅に入線。明治時代に建てられた鳥栖駅舎と、大正時代に造られたＳＬが共演しました。[UNK]：／／ｔ．ｃｏ／[UNK][UNK]ｏ[UNK]	0
1327853152196935681	[CLS]設営と警備のため、博多駅へ。疲れ果てたので、電車で[UNK]分寝落ち確定です。＃立憲民主党＃立憲民主党福岡県総支部連合会[UNK]：／／ｔ．ｃｏ／[UNK][UNK][UNK][UNK]Ｍ	0
1327848785662230528	[CLS][UNK]の昼食すき家[UNK][UNK]種のチーズ[UNK]ランチセット休日出勤はお昼休みを好きな時間に[UNK]良い。チー牛を食べたすぎて、バスで[UNK]区間先の、駅前四丁目（住吉方面）目の前にあるすき家へ。すき家に一人で入ったのは初めてかもしれない。生活圏にあれば通い[UNK]けど近くにないのが[UNK][UNK]：／／ｔ．ｃｏ／[UNK][UNK]	1
1327839164616691712	[CLS][UNK]して線路上で電車を止めることさえできれば．．．（危	1
1327835044321267712	[CLS]銚子電鉄の映画「電車を止めるな！」みてきました。[UNK]さんと同じくらい泣きました。場所：[UNK]若松[UNK]：／／ｔ．ｃｏ／[UNK]	0
1327832081112604672	[CLS]ゆかりさん、出勤[UNK]ました[UNK][UNK]ご予約の紳士様を迎えする準備を[UNK][UNK]ます[UNK][UNK]：／／ｔ．ｃｏ／[UNK][UNK]ｍ[UNK]ｍ	1
1327820041233051648	[CLS]福岡旅行、最後の[UNK]は[UNK]小屋に行って[UNK]。[UNK]、飲み物は持ち込み可。だから安い[UNK][UNK]場所：かきのますだ[UNK]：／／ｔ．ｃｏ／[UNK]Ｋ[UNK][UNK][UNK][UNK]	0
1327815561837834241	[CLS]地方で走ってる[UNK]の座席の電車って、どうやって[UNK][UNK]の？[UNK]人数が限られるし、存在してる意味が良く分からない。	2
1328262030499803136	[CLS]白色企業[UNK][UNK]（＾ｏ＾）／[UNK][UNK]時間[UNK]分後には電車に乗ってるこの白さ。今までは・昔は週[UNK]時間労働土曜日半ドン出勤・[UNK]代の[UNK]何それうまいの？（＊＆[UNK]；[UNK]＆[UNK]；）[UNK]・[UNK]業という終わるまで終わらない究極のブラック企業しか経験が無いので、この白さに[UNK]され[UNK]（[UNK][UNK]）	0
1327810688681590786	[CLS]休日出勤なんだから昼は中華[UNK]くらい許してちょ[UNK]：／／ｔ．ｃｏ／[UNK][UNK]	1
1327810531705630721	[CLS]出勤！！三重県は[UNK]町向け〜スタートです♪＃長距離トラック（＠[UNK]町ｉｎ福岡県）[UNK]：／／ｔ．ｃｏ／[UNK][UNK]ＡＤ[UNK][UNK]：／／ｔ．ｃｏ／Ｈ[UNK]ＢＭ[UNK][UNK]	0
1327810300993626113	[CLS]＠[UNK]＿[UNK]＿[UNK][UNK]周年、[UNK][UNK][UNK]遠くでも近くでも、旅行いいですよね[UNK]楽しまれて下さいませ〜（[UNK][UNK]‘）	0
1327808279192322050	[CLS][UNK]電車とバスと乗った！！[UNK][UNK][UNK][UNK]	0
1327807435340460033	[CLS][UNK][UNK][UNK]今日も[UNK]にて仕事です[UNK][UNK][UNK]土日に出勤しましたが、時間差を置いてやはりお客様は多いですね[UNK][UNK]と[UNK]ますよ[UNK]今日もお弁当[UNK]＃[UNK]ご飯＃小さめの[UNK]＃[UNK]＃[UNK]の塩焼き＃[UNK][UNK][UNK]：／／ｔ．ｃｏ／[UNK][UNK][UNK]	0
1327803394279444480	[CLS]有料特急列車が無料快速列車に[UNK]れる瞬間。キハ[UNK]系が[UNK]を上げながら[UNK]しても、近郊型電車には敵わないのか…。＃[UNK][UNK][UNK]：／／ｔ．ｃｏ／[UNK][UNK][UNK]	2
1327790789318090754	[CLS][UNK]、おはよう[UNK][UNK][UNK]今日は[UNK]の[UNK][UNK]ですね[UNK][UNK]のお昼ご飯は[UNK]うどんで[UNK]か[UNK]今日も元気いっぱい開店します[UNK]＃[UNK]うどん＃[UNK]市場所：筑豊[UNK]組合[UNK]うどん[UNK]：／／ｔ．ｃｏ／[UNK][UNK][UNK]	0
1327788141114114048	[CLS]朝[UNK]も[UNK][UNK][UNK]も飲みに来たけど、[UNK]おうどん食べたかったん[UNK][UNK]が[UNK]て、[UNK][UNK]、[UNK]も[UNK]、[UNK]味が[UNK][UNK][UNK][UNK]めの麺が、さらに優しい感じ。大阪とか阪神間のおうどんにも似てる気がする。朝から[UNK]いっぱい[UNK][UNK]：／／ｔ．ｃｏ／[UNK]	1
1327786601536077825	[CLS]今日の佐賀は[UNK][UNK]です＃[UNK]＃佐賀県＃[UNK][UNK]：／／ｔ．ｃｏ／[UNK][UNK][UNK]	2
1327786381028978688	[CLS]＠[UNK][UNK]早よ来んね[UNK]休日出勤して休み取れるようにしてるんに[UNK]	2
1327777948951138304	[CLS][UNK]Ｃ天神土[UNK]最寄り→天神四丁目（Ｗ[UNK]→）Ｗ大橋[UNK][UNK]天神北→電気ビル＃[UNK]にバスナビ天気も気温も[UNK]に最適な日曜日だけど休日出勤してくる。仕事が早く[UNK]早く[UNK]して別の日に午後休[UNK]時間[UNK]別の日に[UNK]をとるのだ[UNK]：／／ｔ．ｃｏ／ｗ[UNK][UNK][UNK]	0
1327772076745191425	[CLS]どもです[UNK][UNK]今日も[UNK]出勤日[UNK]モーニングブレイクタイム[UNK][UNK]＃[UNK]モーニングブレイクタイム＃[UNK]天神地下街店＃[UNK][UNK]＃[UNK][UNK][UNK]：／／ｔ．ｃｏ／[UNK]	0
1327770207461412864	[CLS][UNK]西鉄旅行様のオフィシャルツアーでアウェイ山口へソーシャル[UNK]とってるのでバス[UNK]台くらい？準備して[UNK]ありがとう[UNK]。＃[UNK]＃西鉄旅行＃うちの自慢のスポンサー＃[UNK]福岡[UNK]：／／ｔ．ｃｏ／[UNK][UNK][UNK]	0
1327769304863969281	[CLS]何を[UNK][UNK]実は[UNK]の録画用[UNK]購入したわ[UNK][UNK]ということで日曜日出勤行ってき[UNK][UNK][UNK][UNK][UNK]：／／ｔ．ｃｏ／[UNK]	2
1328485156496101377	[CLS][UNK][UNK]。[UNK]→博多普通鳥栖鹿児島本線博多→[UNK]普通[UNK][UNK]＃[UNK][UNK]録[UNK]電車通勤しとります。[UNK]：／／ｔ．ｃｏ／[UNK][UNK][UNK]	0
1328480888401788930	[CLS]おはよう[UNK][UNK][UNK]今日も[UNK]日お仕事[UNK]くださいませ[UNK][UNK][UNK]は[UNK]です[UNK]今日は[UNK]出勤日[UNK]出かける前に休憩してます（笑）[UNK]の朝食[UNK][UNK]＃[UNK]ご飯＃ご飯＃豆腐と[UNK]の[UNK][UNK]：／／ｔ．ｃｏ／[UNK][UNK][UNK][UNK]	0
1328471636895416320	[CLS]＃[UNK]＃久留米＃[UNK]久留米市は[UNK]模様です今日も一日[UNK]お願いします[UNK]：／／ｔ．ｃｏ／Ｅ[UNK]ｒａ[UNK][UNK]	2
1328459833666801666	[CLS]＠[UNK]＿[UNK]回目の九州仕事なので次は旅行で来たいです[UNK]	0
1328458276241956864	[CLS]電車で隣の人と肩が常に[UNK]るの[UNK][UNK]ない[UNK]天神方面に行ってる[UNK]ないのに[UNK]人多い[UNK][UNK]	2
1328456624491560961	[CLS]おはよう[UNK]！朝[UNK]時に起きて風呂入りすぐに電車乗り久留米へ。今日は社員と熊本営業へ行ってきます。一日一日、今日の活動に[UNK]をつけて[UNK]なき様に日々生きていきます。てな、感じで今日も[UNK][UNK]！	0
1328356581193478150	[CLS]これからの時代で必要な業務環境[UNK]長時間労働を[UNK][UNK]ＡＩやコンピューターを最大限に活用する事[UNK][UNK]を活用した業務[UNK][UNK]を活用した[UNK][UNK]女性をもっと活用し男性にはない個性を[UNK]力を身に付ける事。[UNK]研修制度の見直し[UNK]時間労働週に[UNK]日出勤導入[UNK][UNK]容認する事	0
1328354921826041856	[CLS]これからの時代で適合性が欠けている社会[UNK]長時間労働[UNK]男女差別[UNK]オフィスに出勤[UNK]休みが少ない[UNK]個人の自由を認めてない[UNK]低賃金[UNK]人の個性を認めない[UNK]その人の人生観を無視	2
1328333296632119297	[CLS]＠[UNK]＿[UNK]＿[UNK]電車[UNK]バス[UNK]使えば行けるけど乗り換えあるので[UNK]です！	0
1328328812786946051	[CLS][UNK]トラベル使ったけど、旅行満足度はコロナ前の定額[UNK]・宿代時より落ちるかな。割引って何かデメリットがあるから割引なんだな、と改めて感じる。	1
1328327071966216192	[CLS]＠[UNK]＿[UNK]今日はオンタイムで[UNK]なかったので[UNK]で明朝の出勤時間の[UNK]にします[UNK]＃[UNK]＃[UNK]	0
1328311729210617856	[CLS][UNK]チャンスタッフ募集です[UNK][UNK][UNK]含む週[UNK]〜出勤可能な方[UNK][UNK]付き、車通勤可能詳しくはご連絡ください[UNK][UNK]担当松浦まで＃[UNK]＃福岡＃アルバイト[UNK]：／／ｔ．ｃｏ／[UNK][UNK][UNK]	2
1328285726174191616	[CLS]＃[UNK]＃博多[UNK]＃[UNK][UNK]コラボイベント[UNK]無事出勤[UNK]だった[UNK][UNK]接触してサイズ感確認[UNK][UNK]：／／ｔ．ｃｏ／[UNK][UNK][UNK][UNK]	0
1328281811814760448	[CLS]＠[UNK]＿[UNK][UNK]：[UNK]出勤だったから[UNK]そして、明日は[UNK]出勤	0
1328274585612009476	[CLS]＠[UNK][UNK]自我が完全に[UNK]とキャラが立たなくなるのと、コンサートに[UNK][UNK]を招かないと[UNK]なる大人の事情で本人から昔を語ることはなさ[UNK]けどさくらの前に復活させた試作ゾンビっぽいナンバリングだけに[UNK]くんから何か語られるのは[UNK]もですね	0
1328267060049190913	[CLS]昨年末鹿児島に一人旅某有名ホテルに[UNK]トラベルの格安プランで宿泊。お値段以上の[UNK]に感動して[UNK]のメモを残して帰りました。また旅行、[UNK]食事に行こう[UNK]と[UNK]人は多い。誇りを持ってください。[UNK]：／／ｔ．ｃｏ／[UNK][UNK][UNK][UNK]ｆ	0
1328263767411441665	[CLS][UNK]食べに行きたいけど、[UNK]で臭いが取れないので、休みの前の日に行くか。行っても食べ放題だけどね。明日も出勤で[UNK]。	0
1328580079908163585	[CLS][UNK]なん？北海道札幌市に外出自粛を要請へ[UNK]年[UNK]月[UNK]日[UNK]：／／ｔ．ｃｏ／[UNK][UNK][UNK][UNK]	2
1328255041468203008	[CLS]＠[UNK][UNK]＿ＰＲ仕事柄、旅行は諦めざる得ないので、京都の写真アップは[UNK][UNK]です[UNK]	2
1328248327436075008	[CLS]今日は[UNK][UNK]様から体験型旅行の当選連絡が[UNK][UNK][UNK]ありがとう[UNK][UNK]家族で楽しみたいと思います[UNK][UNK][UNK]	0
1328211930121551873	[CLS]五島列島に旅行に行く予定。その前に映画『沈黙』を観た。ずっと観たいと思ってたけど、[UNK]なり[UNK]見れず。学生時代に遠藤[UNK]は[UNK]のだけど、覚えてない。今観てよかった。歳を重ねて、感じ方が変わってきてる気がする。宗教とは何か。人間の強さとは。	1
1328209999512780801	[CLS]グループホームも[UNK]では、天気の良い日が続いてるからお散歩へ連日[UNK]しています[UNK]ゆっくりお散歩していると、新しい発見がいろいろあって楽しいですね[UNK]今回はお花を発見[UNK]鑑賞と休憩タイムです[UNK][UNK]グループホーム[UNK]のブログ[UNK][UNK]：／／ｔ．ｃｏ／[UNK][UNK][UNK]＃グループホームも[UNK]＃[UNK]区[UNK]：／／ｔ．ｃｏ／Ｌ[UNK][UNK]	0
1328208332864188416	[CLS][UNK]末、三[UNK]は京都行きマス。しかし[UNK]出勤の可能性…（（（（；[UNK][UNK][UNK]）））））））	1
1328202071070261248	[CLS][UNK]号車チームが[UNK]したのは、[UNK]月[UNK]日に[UNK]したばかりの【[UNK][UNK]】[UNK][UNK]専門店です[UNK][UNK]が[UNK]使われています[UNK]福岡の方はもちろん、福岡旅行に来た方にも行っていただきたいお店です[UNK]＃[UNK]＃[UNK]ラジオ＃カラー放送やめます＃[UNK]福岡ももち[UNK]：／／ｔ．ｃｏ／[UNK][UNK]Ｊ[UNK][UNK]	2
1328200914365153280	[CLS]＠[UNK][UNK]西鉄市内電車[UNK][UNK]。	0
1328190049163173889	[CLS]また、八幡駅近くの[UNK]で事故なの？電車遅れてるし。。	2
1328184788151255040	[CLS]学校休みだから[UNK]人で[UNK][UNK][UNK]：／／ｔ．ｃｏ／[UNK][UNK][UNK]	0
1328176889387573249	[CLS][UNK]、[UNK]トラベルで佐賀県に日帰り旅行に行きます[UNK]、感染に気をつけて行くけどね[UNK][UNK][UNK]が付いてるなんて[UNK]ね＃[UNK]トラベル	2
1328174393650941952	[CLS]旅行前日だけど、[UNK]すぎ。なんも準備しとらん	2
1328172483510292481	[CLS]＠[UNK][UNK]私も録画してます[UNK]車で出勤するとき見ながら行きました。	0
1328169490740244480	[CLS]若い頃は一人で旅行なんて[UNK]絶対に出来なかったけどおじさんになってからはむしろ一人旅行が[UNK]楽しい。	0
1328137092711411713	[CLS][UNK]．．．今日出勤時に[UNK]度も事故りかけた．．．早く[UNK]	1
1328126845095591938	[CLS]お前は名古屋に詳しいときく何[UNK]にいくのに[UNK]？正月に家族旅行いきたいと言う。内の者も医療関係やっててなかなか一緒に行けないお主小樽[UNK]！[UNK]の[UNK]の[UNK][UNK][UNK][UNK][UNK]：／／ｔ．ｃｏ／ｓ[UNK][UNK][UNK][UNK]	0
1328843126643965956	[CLS]出産前は子供何人欲しいとか[UNK]ったけどいまは全く先の事考えられん、[UNK]をゆっくり育てたい、[UNK]人で仲良く[UNK]したい！というより、まず自分の[UNK]が持たん[UNK]ソフトとは違う[UNK]いるけん辛いんよね[UNK]	1
1328841995494649857	[CLS]電車で[UNK]してる人見ると[UNK]降りる駅[UNK]ないか[UNK]なるナウ	2
1328841905493340163	[CLS]＠[UNK][UNK]おはよう[UNK][UNK][UNK][UNK]相変わらず[UNK]ですね[UNK][UNK]出勤してます。今日も[UNK]お願いします[UNK][UNK]	0
1328832629043466240	[CLS]今このコロナ渦で[UNK]観光旅行できるわけない[UNK]！！！[UNK]キャンペーンは直ちに一時中止にす[UNK]よ！！主権者国民で一時中止にしましょうよ！！現状はもうどうしようもないです[UNK][UNK][UNK][UNK][UNK]	2
1328700608065331200	[CLS]鍵[UNK]ので再び出勤[UNK]	1
1328697105859244032	[CLS]結局、[UNK]は折衷案で、『[UNK][UNK]を食べた後、友達と飲みに行く』という行動をした。	1
1328694237408284673	[CLS]＠[UNK]・西鉄バス：スマートループ[UNK]・西鉄電車：[UNK]／[UNK]／[UNK]形・ＪＲ九州：[UNK][UNK]系／[UNK]系[UNK]番台／[UNK]系でお願いします！	0
1328689716858765313	[CLS]＠[UNK][UNK]以前、埼玉県でも感染者が無断外出してたニュースもあったな[UNK]	1
1328671913586016258	[CLS][UNK]電車席譲ってくれんから[UNK]ヶ月の[UNK]は張って[UNK]です＿（：[UNK]」ｚ）＿	2
1328671752130445312	[CLS]持ってたワイヤレス[UNK]無く[UNK]・・・電車の座席に置き[UNK]のまま降りたな	2
1328655357980274690	[CLS]間もなく僕の誕生日だというのに、日帰り旅行[UNK]が妻に捨てられた。妻がもらってきたのに。[UNK]、妻はお友達と長崎に[UNK]泊旅行に行くという。[UNK]感[UNK]ない。いいもん、もう。[UNK]やる。	2
1328614273052884992	[CLS]別府温泉の帰りに[UNK]にも[UNK]観光しました[UNK]紅葉がかなり[UNK]こちらもかなり[UNK]ました[UNK][UNK]編[UNK]＃裏[UNK]男子＃旅行＃ドライブ＃大人の休日[UNK]：／／ｔ．ｃｏ／Ｚ[UNK]Ｊ[UNK]Ｏ[UNK][UNK]	0
1328590478938345472	[CLS][UNK]保育園では、電車の見学に行きました[UNK][UNK]〜[UNK]って[UNK]ね[UNK]車掌さんが手を振ってくれて[UNK]ね[UNK][UNK]保育園のブログ[UNK][UNK]：／／ｔ．ｃｏ／[UNK][UNK]ｑ＃[UNK]保育園＃[UNK]区＃保育園＃社会福祉法人も[UNK]聖友会	0
1328582468799225858	[CLS]＠[UNK]そうなんだ[UNK][UNK]暑い[UNK][UNK][UNK][UNK]右[UNK]の痛みひどくなって[UNK]ません[UNK][UNK]今日はリハビリ外出中の[UNK]より[UNK][UNK]	2
1328581921559998466	[CLS]今日のオレ[UNK][UNK]今日は、関西旅行から昼に戻ってきた[UNK][UNK]、[UNK]に遭遇する事にも希望を持って。でも、やはりそう上手くは行かないね[UNK][UNK]まだ[UNK]を[UNK]年でも想い続けると決意して、半月[UNK]神さんの[UNK]にも[UNK]ずに、いざ助けを求められた時に、助けられる大きな器になる決意をした日でも。[UNK]：／／ｔ．ｃｏ／[UNK]	0
1328581341529694209	[CLS]北海道の今日のコロナ感染者数[UNK]人です。北海道は不要不[UNK]外出禁止令要請です。事実上のロックダウンです。札幌はステージ[UNK]適用です。北海道の[UNK]自分自身と家族の命を守る行動をしてください。[UNK][UNK][UNK][UNK][UNK]	2
1329010913794424833	[CLS]明日は[UNK]時出勤で良いんだって、[UNK][UNK][UNK]	1
1328570542190977025	[CLS]高齢者の命を[UNK]閉じ込めておくほうが[UNK]。外出してストレス発散免疫力ＵＰ[UNK][UNK]一杯経済回して[UNK]。[UNK]：／／ｔ．ｃｏ／[UNK][UNK]Ｅ[UNK][UNK]	0
1328570227165196289	[CLS]＠[UNK][UNK][UNK]行ってみたいとは思いつつ、重い腰が上がらない[UNK]紅葉、[UNK]の[UNK]。人が多いとも聞きます。夕方早く[UNK]ので、行かれる際はお早めに[UNK]される事をおすすめします[UNK]お見えになられる際は佐賀のグルメも[UNK]してくださいね[UNK][UNK]：／／ｔ．ｃｏ／[UNK]	0
1328559614837678080	[CLS]＠[UNK][UNK][UNK]京都市電の痕跡と言うと、[UNK]の円町交差点や北野[UNK]町交差点の角に立つ[UNK]もそうですね。[UNK]に飾りが付いています。[UNK]で市バスを使った[UNK]導入への社会実験も行われましたが、渋滞がひどくなって実現しませんでした。北九州もそうですが、路面電車を一度失うと復活は[UNK]ね。	0
1328559519643811840	[CLS][UNK]ランキング[UNK]市が春日市を抜いて[UNK]位！！[UNK]市の欠点は電車が新幹線しかない[UNK]。大橋駅から[UNK]市に西鉄電車伸ばして[UNK]最強の街になるんだけどね〜[UNK][UNK][UNK]：／／ｔ．ｃｏ／[UNK][UNK][UNK]	2
1328539720326889474	[CLS]基本的に[UNK]勤[UNK]休土日休み[UNK]月は[UNK]回の休みのうち[UNK]回出勤[UNK]月は[UNK]回の休みのうち[UNK]回出勤[UNK]予定深夜まで[UNK]平日→通常勤務[UNK]→工事[UNK]平日→通常勤務麻痺して何[UNK]になると？ここ数日の疲労感が[UNK]なく[UNK]は[UNK]にも気づかず[UNK][UNK]分前に[UNK]辛[UNK]	1
1328531785202892800	[CLS][UNK][UNK][UNK]！！！あ、研修旅行中です（＾＿＾；）＃[UNK]＃唐津＃[UNK]ちゃん[UNK][UNK]：／／ｔ．ｃｏ／[UNK][UNK]ｒ[UNK][UNK][UNK]ｒ[UNK]	0
1328526740516311040	[CLS]北海道のロックダウンは確実！！北海道の[UNK]は不要不[UNK]外出禁止令要請をしました。[UNK][UNK][UNK]	2
1328517195119218688	[CLS]祝日出勤[UNK]。今日は自分の為だけに使わせて[UNK]ます！[UNK]：／／ｔ．ｃｏ／[UNK][UNK]Ｈ	1
1328512122892894208	[CLS]西唐津到着。[UNK]、[UNK]単線を最[UNK]快速電車がかっ飛ばすなかなか[UNK]路線だった。[UNK]：／／ｔ．ｃｏ／[UNK]	1
1328511272522895360	[CLS]おはよう[UNK][UNK]京都旅行から無事に帰ってきました〜[UNK]紅葉シーズンの京都は初だったのでとても満足[UNK]現実世界に戻ってきたのでまた[UNK][UNK]たいと思います！[UNK]：＠[UNK][UNK][UNK]＃福岡撮影会＃モデル撮影会＃[UNK]撮影＃ワンサイド福岡＃ワンサイド撮影会＃[UNK][UNK]：／／ｔ．ｃｏ／[UNK][UNK][UNK][UNK][UNK]	0
1328507154752438272	[CLS]夫の[UNK]検査結果が陰性とわかり、[UNK][UNK]。今日お休みした[UNK]は、明日の水曜日に振替。もともと出勤前の方がきて[UNK]るから、朝だと曜日が違ってもあまり影響はないとのこと。[UNK]。	0
1328503582216380422	[CLS][UNK]は[UNK]から出勤[UNK]の[UNK]でキャンプ。天気も良く、気温も高く[UNK]。[UNK]キャンプ楽しいよね[UNK][UNK]の[UNK]ありがとう[UNK][UNK]＃[UNK]自然の郷キャンプ場＃[UNK]＃西日本新聞＃ファンファン北九州＃キャンプ＃ソロテント場所：[UNK]台[UNK]：／／ｔ．ｃｏ／[UNK]	0
1328491442159890433	[CLS][UNK]ヶ月ぶりに電車[UNK][UNK]（＠大橋駅ｉｎ福岡市，福岡県）[UNK]：／／ｔ．ｃｏ／[UNK][UNK]	2
1328489038836162560	[CLS]福岡空港から[UNK]行き乗車。電車はＪＲ九州の[UNK]系。[UNK]後[UNK]分弱で地下鉄に[UNK]、[UNK]駅で博多だから噂に[UNK]ぬアクセスの良さ。[UNK]：／／ｔ．ｃｏ／Ｃ[UNK][UNK]	1
1329212687805386753	[CLS]出勤	1
1329211313214554113	[CLS]西鉄電車の大晦日から元日にかけての「[UNK]運転」はどうなるのだろうか？＃西鉄電車＃[UNK]天満宮＃[UNK][UNK]：／／ｔ．ｃｏ／[UNK][UNK][UNK]	2
1329185097484931073	[CLS]早いと病院駐車場もほとんど車が無い。これからみんな出勤してくる。[UNK]の看護師さんは遠くからでも手を振ってくれるのが[UNK]。投げ[UNK][UNK]でもしよう[UNK]（笑）。	0
1329156802219364353	[CLS][UNK]も[UNK]：[UNK]からＯｐｅｎです[UNK]出勤は[UNK]時[UNK]さん[UNK]時[UNK]さん[UNK]時[UNK]さん[UNK]時半[UNK]さん[UNK]時[UNK]さん[UNK]時[UNK]さん[UNK]時[UNK]さん[UNK]時[UNK]さんですよ[UNK]ご予約お待ちしております[UNK]オフィシャル[UNK]：／／ｔ．ｃｏ／[UNK][UNK][UNK][UNK][UNK][UNK]：／／ｔ．ｃｏ／[UNK][UNK][UNK]：／／ｔ．ｃｏ／[UNK][UNK][UNK]	2
1329104967722967043	[CLS]博多でたくさん食べたから有酸素運動[UNK]お[UNK]と[UNK]すダンス大根のダンスが一番[UNK]のに保存されてなくて[UNK][UNK]私は銀さん役らしい笑すぐ[UNK]う笑＃[UNK]すダンス＃[UNK]めす＃ダンス＃有酸素運動＃ダイエット＃博多＃福岡＃姉妹旅行＃旅行＃ホテル＃[UNK]トラベル＃[UNK]＃[UNK]：／／ｔ．ｃｏ／[UNK][UNK][UNK][UNK]	0
1329102092363993089	[CLS]夜行バスで関西に戻って出勤まで一時間あるから[UNK][UNK]！ｗ[UNK][UNK]したこと、二回ある。	2
1329074040598712328	[CLS][UNK][UNK]は[UNK][UNK]私は相変わらず[UNK]、[UNK]やらで外出は、する[UNK]殆ど[UNK]の中か[UNK]デパート行っても座り込みながら動いてマス。[UNK][UNK]の[UNK][UNK][UNK]にイカの塩焼き。[UNK]：／／ｔ．ｃｏ／[UNK][UNK]ｓ[UNK]	0
1329068195924168705	[CLS][UNK]発生で電車[UNK]分遅れ犯人逃亡のため運電再開します	1
1329061657755090944	[CLS]福岡旅行[UNK]宴会会場禁煙だから外の喫煙所で写真撮った[UNK]なぎ、[UNK]と飲むの[UNK]面白いけど治安悪くなり過ぎるから[UNK]わ[UNK]日本酒何合飲んだかわからん（・ω・）＃福岡[UNK]：／／ｔ．ｃｏ／[UNK]ｍｘ[UNK][UNK][UNK]	1
1329054276342087680	[CLS]＠[UNK][UNK]自己[UNK]けどそう言って[UNK]と[UNK]です[UNK][UNK]ちゃんたちにも旅行[UNK]してもらいます！[UNK]	0
1329050837272776708	[CLS]ＤＪ練習[UNK]ますが、普通の営業してますよ。[UNK]なく飲みに来て[UNK]んですよ[UNK][UNK]バックミュージック程度で、やってますので。	0
1329049348454424577	[CLS]＠[UNK]北海道は感染者増えていますが、[UNK]さんは今の所かかって無いのでもし来る事が出来るのなら是非来て下さい。[UNK][UNK]を新劇場を見て欲しいんです。勿論当選が大前提なんですが。私は自粛期間でも天神とか外出して遊んでました。気にしないのです。	1
1329033450217635840	[CLS]面白そうなの見つけたのでやってみた。国内旅行好きだが、こうやってみると東が[UNK]すぎ。[UNK]には愛知県に移住予定。東日本攻め[UNK][UNK]（笑）[UNK]：／／ｔ．ｃｏ／ｂ[UNK][UNK][UNK][UNK]：／／ｔ．ｃｏ／ｐ[UNK][UNK][UNK]ｈ[UNK]Ｃ[UNK]ｖ	1
1329031805727477763	[CLS]＠[UNK]北海道物産展が福岡県の[UNK]、お店でやっています。[UNK]物や[UNK]など[UNK]物[UNK]。いつか北海道に旅行行って[UNK]物食べ[UNK]たいです。北海道の人は慣れてしまって[UNK]の方が良いのか[UNK]。	0
1329031244860989440	[CLS][UNK][UNK]仕事[UNK]うまく[UNK]のにこの差[UNK]逆に飲みに行く[UNK]もなくなった。	0
1329017162023854081	[CLS]海外旅行に行けないのが[UNK]もストレスになるとは思ってもみなかった	2
1329014151088201729	[CLS]＠[UNK][UNK]仕事と必要な[UNK]以外、外出しない事ですね。	0
1329365975288881152	[CLS]昨今のマスクマナーと、喫煙を[UNK]で[UNK]コメンテーターがいましたが、ちょっと違うと思う。言われている事は分かりますが。「昔は映画館でも、オフィスでも、電車内でも喫煙してましたが、今は誰も[UNK]る人はいない[UNK]。マスクも同じく、デパート内、タクシーなどするのが新しい習慣です」と。	0
1328996363174957056	[CLS][UNK]出勤からの[UNK]終了の[UNK]。[UNK]上手くいかなくとも、[UNK][UNK]事ばかりでも、コーヒーを飲む[UNK]くらいは欲しいものだ。＃仕事帰り＃[UNK][UNK]：／／ｔ．ｃｏ／ｏ[UNK][UNK]	2
1328992376254152705	[CLS][UNK]月に行った旅行の[UNK][UNK]金[UNK]がまだ[UNK]れてません。＃[UNK]＃[UNK]トラベル	2
1328980600913477632	[CLS]日本医師会「我慢の[UNK][UNK]」、週末の外出自粛呼びかけ｜[UNK]：／／ｔ．ｃｏ／[UNK][UNK][UNK]Ｙ	2
1328966405069352963	[CLS]＠[UNK][UNK]ぬ。[UNK]の出勤は木[UNK]です（；[UNK][UNK]）	1
1328962009279442944	[CLS]西鉄福岡（天神）駅[UNK]：[UNK]発の急行電車の[UNK]駅行きで、[UNK]駅迄[UNK]！！[UNK]（[UNK]両[UNK]ドア）[UNK]：／／ｔ．ｃｏ／Ｐ[UNK][UNK][UNK]Ｚ	2
1328959920700596226	[CLS]Ｉ’[UNK]西鉄電車・バス天神定期券発売所ｉｎ[UNK]，福岡県[UNK]：／／ｔ．ｃｏ／ｘ[UNK][UNK][UNK][UNK]	0
1328943258471436290	[CLS]今日の北海道のコロナ感染者数は[UNK]人です。札幌の最新は[UNK]人です。北海道は事実上の不要不[UNK]外出禁止令のロックダウンです。北海道の[UNK]自分自身と家族の命を守る行動をしてください。[UNK][UNK][UNK][UNK][UNK]	2
1328936504715059204	[CLS]またコロナ増えてるじゃん……飛行機乗りたいのにまた延期になるの[UNK][UNK][UNK][UNK]さすぎて悲しいまずは[UNK]からの[UNK][UNK]。	2
1328933912756805638	[CLS]＃佐世保＃[UNK]超楽しい[UNK]を[UNK]してきました[UNK][UNK]この情報はこれからネットにサイトができますので楽しみお待ちください[UNK]お世話になった佐世保の[UNK]広告代理店の[UNK]制作スタッフの[UNK]ありがとう[UNK][UNK]そして[UNK][UNK]佐世保・[UNK]へ[UNK]ください！＃ＲＦＣチア[UNK]：／／ｔ．ｃｏ／[UNK][UNK][UNK]	0
1328915311811149824	[CLS][UNK]’[UNK]と言うやつです！[UNK]出勤しております！[UNK]：[UNK]〜[UNK]：[UNK]：[UNK]．[UNK][UNK][UNK]：[UNK]．[UNK]：／／ｔ．ｃｏ／[UNK]	0
1328906354170335232	[CLS]お茶を飲みに、お[UNK]やす[UNK]平日は[UNK]〜[UNK]時まで！！＃コミ天のお隣だよ[UNK][UNK]＃ＯＮＥ[UNK]ミュージアム＃そのぎ茶＃[UNK]茶＃長崎＃熊本＃大名[UNK]：／／ｔ．ｃｏ／[UNK][UNK]ｃ[UNK][UNK]：／／ｔ．ｃｏ／[UNK]	0
1328900726509080576	[CLS]化粧して買い物行こうかな。でも[UNK]、明日も外出だから[UNK]、、	1
1328898152842162176	[CLS][UNK]／[UNK]（水）のオープンマイクエントリーの[UNK]です。残り枠あと少し、[UNK]です！観覧の方は予約不要なので気軽に飲みにきてくださいね。[UNK]さん[UNK][UNK]さん[UNK]さん松本さんに[UNK]点さん井久美子さんジムさん[UNK]：／／ｔ．ｃｏ／[UNK][UNK][UNK]	0
1328879216062992386	[CLS]出勤までも少し時間があるからちょっと軽めのお散歩を〜[UNK]ＢＧＭは[UNK]で〜[UNK]ｈｔｔｐｓ：／／ｔ．ｃｏ／[UNK][UNK]	1
1328878325746393088	[CLS]出勤！	0
1328870793363681280	[CLS]今日の佐賀は[UNK]ます＃[UNK]＃佐賀市＃[UNK][UNK]：／／ｔ．ｃｏ／[UNK][UNK]	2
1329571356032208898	[CLS]今日の久留米市今は[UNK]です＃[UNK]＃久留米市＃福岡県＃[UNK][UNK]：／／ｔ．ｃｏ／Ｕ[UNK]Ｄ[UNK][UNK][UNK]	2
1329562874939785217	[CLS]明日[UNK]／[UNK]（土）[UNK]：[UNK]～出勤予定です[UNK]事前予約受付中[UNK][UNK]：／／ｔ．ｃｏ／[UNK][UNK]ＦＲ	2
1329547966445547520	[CLS][UNK]。ちょっとそこまで。[UNK]：／／ｔ．ｃｏ／[UNK]	1
1329531714679443457	[CLS][UNK]も[UNK]：[UNK]からＯｐｅｎです[UNK]出勤は[UNK]時[UNK]さん[UNK]時[UNK]さん[UNK]時半[UNK]さん[UNK]時[UNK]さん[UNK]時[UNK]さん[UNK]時[UNK]さんですよ[UNK]ご予約お待ちしております[UNK]オフィシャル[UNK]：／／ｔ．ｃｏ／[UNK][UNK][UNK][UNK][UNK][UNK]：／／ｔ．ｃｏ／[UNK][UNK][UNK]：／／ｔ．ｃｏ／[UNK][UNK][UNK]	0
1329516276956360707	[CLS]おはようござい[UNK]＾＿＾[UNK]過ぎて、寝れずに出勤することになりました[UNK]週末は推し事しにまた福岡行く予定だからお仕事も[UNK]＾＿＾ｈｔｔｐｓ：／／ｔ．ｃｏ／[UNK]	0
1329431055225516034	[CLS][UNK]の、西村さん、もし、そういうこと言うなら、東京は、外出自粛お願いしなさい、[UNK]：／／ｔ．ｃｏ／[UNK][UNK][UNK][UNK]Ｉ	2
1329429176743444482	[CLS]＠[UNK]感動しますよね！って、向かい側にメッセージ！まだ次の電車に[UNK]ので、ダッシュします[UNK]ありがとう[UNK][UNK]	0
1329424101211979776	[CLS]＠[UNK]＠[UNK]＿[UNK][UNK]ひどい事になると最近の業者は容赦無いから（＾－＾；余裕こいて適当な事で言ってたら[UNK][UNK]より対応早いかも[UNK][UNK]しかし、飛行機[UNK]、ホテル、旅館[UNK]マス君[UNK]買わないと旅行出来ん[UNK]あ、次は電車だろうか？[UNK]	1
1329412914290290688	[CLS][UNK]飲みに来た（＠吉野家ｉｎ福岡市，福岡県）[UNK]：／／ｔ．ｃｏ／[UNK][UNK][UNK][UNK]	0
1329401728379174913	[CLS][UNK]トラベルって[UNK]言われてるけど[UNK]五輪需要[UNK]で投資して反動で全滅の旅行業界をギリギリ瀕死に留めつつかつこれ関連の感染者[UNK]桁に抑えてる[UNK]ええ事業やと[UNK]な	2
1329400216110338055	[CLS]てか[UNK]以降どの電車乗るのか決めんと	2
1329395059536478208	[CLS][UNK]今回の九州旅行初っ端から大当たりや	1
1329383980383178752	[CLS]＠[UNK][UNK]月の[UNK]戦は、、西鉄旅行バスツアーに申し込みしました。Ｙ君達と[UNK]移動で参戦です[UNK]	0
1329383941468430337	[CLS]博多駅行って切符受け取ってその後[UNK][UNK]ながら酒飲みつつ予約する電車[UNK]	0
1329381807414931458	[CLS]職場すぐそばにある高級ホテルに[UNK]そのまま出勤したい！[UNK]年前から抱き続けている夢が[UNK]ました。[UNK]のお宿はこちらです！老舗ホテル上層階の[UNK]としたお部屋で一晩過ごします。明日はここから徒歩[UNK]分の職場に出勤します[UNK]：／／ｔ．ｃｏ／[UNK][UNK][UNK][UNK][UNK]：／／ｔ．ｃｏ／[UNK][UNK][UNK][UNK]	0
1329743576381550593	[CLS][UNK][UNK]に旅行中です[UNK]たまには、ね[UNK][UNK]：／／ｔ．ｃｏ／[UNK][UNK]Ｃ[UNK]Ｄｒ	1
1329364160480571393	[CLS][UNK]や[UNK]の[UNK]時に[UNK]飲みに行こうとしたら[UNK]ました。[UNK]：／／ｔ．ｃｏ／[UNK][UNK][UNK]	0
1329364134857633792	[CLS]＠[UNK][UNK]＠[UNK]＿[UNK]昔旅行関係の仕事してた私の[UNK]感想[UNK][UNK]宿泊の拒否はされてない！[UNK]時に[UNK]消毒、マスク[UNK]をお願いされた、お願いは[UNK]けど拒否！[UNK][UNK]！[UNK]ホテル側の宿泊拒否の発言を[UNK][UNK][UNK]を[UNK]口論[UNK][UNK]から警察[UNK]！こんな感じ[UNK][UNK]	2
1329356462024376321	[CLS][UNK]無事に記者発表が終了しました。関係者の[UNK]、ありがとう[UNK]！世界初！ウイルス対策「ナノ構造制御型次世代光触媒」技術を[UNK]電車全車両導入！｜プレスリリース｜[UNK]｜九州工業大学[UNK]：／／ｔ．ｃｏ／Ｘ[UNK][UNK][UNK][UNK]	0
1329346957639176194	[CLS]時差出勤とは？？	2
1329346831671644160	[CLS]うちの会社の時差出勤してる人普通に定時で上がってるんだがええんか？？	2
1329330422228996096	[CLS]買い物したいだけ食事したいだけで外出のために化粧するの、生きづらい。	2
1329309309176598530	[CLS]近くの[UNK]大社一年間の福岡旅行の無事と[UNK]の釣り運[UNK]を[UNK]！＃福岡県＃[UNK]市＃[UNK]大社＃一人旅場所：宗像大社[UNK]：／／ｔ．ｃｏ／[UNK][UNK][UNK][UNK][UNK]	0
1329302969985105926	[CLS]兵庫県のコロナ感染拡大は過去最多の[UNK]人です。兵庫県は不要不[UNK]外出禁止令です。兵庫県の[UNK]は自分自身と家族の命を守る行動をしてください。	2
1329301772809031681	[CLS]北海道のコロナ感染者数は[UNK]人以上です。札幌だけで[UNK]人です。北海道は絶望的なコロナ感染拡大は止まりません。北海道の[UNK]は絶望的に不要不[UNK]外出禁止令です。観光客の[UNK]は直ちに北海道を脱出してください。北海道の[UNK]は自分自身と家族の命を守る行動をしてください。[UNK][UNK][UNK][UNK][UNK]	2
1329275489463091207	[CLS]福岡旅行[UNK]日目[UNK]天満宮[UNK][UNK]神社[UNK][UNK]〜[UNK]の[UNK]日間。搭乗時間ギリギリで[UNK]ｍダッシュは[UNK][UNK]笑[UNK]：／／ｔ．ｃｏ／[UNK][UNK][UNK][UNK][UNK]	1
1329260901422092289	[CLS]＠[UNK][UNK]福岡旅行一番の目的ですからね！！！！！	0
1329244430012846080	[CLS]＠[UNK]＿ｓ千代町の文字が見え、ダイヤモンドクロスがあるので、福岡の千代町電停付近と思われます。が、電車の[UNK]が車輪マークなのか？撮影時期の[UNK]年と特定するのは難しいですね。	1
1329240222551347200	[CLS]朝[UNK]時の大阪駅で[UNK]ながら電車[UNK]としたら女性専用車両で[UNK]んだよ[UNK][UNK]お縄だった	2
1329238928537255937	[CLS]佐賀市は雨がふり[UNK]＃[UNK]＃佐賀市＃[UNK][UNK]：／／ｔ．ｃｏ／[UNK][UNK][UNK][UNK][UNK]	2
1329238717265895426	[CLS]西鉄電車、クーラー入ってる[UNK]	0
1329219465813188608	[CLS]おはよう[UNK][UNK][UNK]入社[UNK]日目！今日は天神に来てますが…電車遅延午後雨[UNK]汗かく笑など、[UNK]人生[UNK]こんなこともありますよ。今日も楽しく行きましょう♪	0
1329933437298372608	[CLS]二階が[UNK][UNK][UNK][UNK]日本経済の活性化？旅行業界ばかり[UNK]して、他の産業には自粛の強制ばかり。日本はそもそも観光[UNK]なのか？モノ作りの国じゃないのか？やはりどの業界も、上に便利なお[UNK]さんがいるところが勝つって構図か。[UNK]：／／ｔ．ｃｏ／[UNK][UNK][UNK]ｓ	2
1329930063362461696	[CLS]＠[UNK]＿[UNK]＠[UNK]＿[UNK]気にかけて[UNK]ありがとう[UNK][UNK][UNK]コメント[UNK]しまっていました。優しい方に[UNK]いた[UNK]、発信して[UNK]、旅行が楽しく続ける事ができます[UNK]	0
1329928804026834944	[CLS]＠[UNK][UNK]時の飯田線[UNK][UNK]ね。そしてレールパーク行くときの電車！ってイメージが未だに消えませんｗ	2
1329924542937096194	[CLS]＠[UNK][UNK]おはよう[UNK][UNK]寝落ちからの復活です[UNK]世間は[UNK][UNK]って事で[UNK]か[UNK]です[UNK][UNK][UNK][UNK]乗用車も増えるでしょうからお気をつけてです[UNK]（[UNK][UNK][UNK]‘[UNK]）	0
1329923982422810624	[CLS]＠[UNK]＿[UNK][UNK]いつもの公園は、[UNK]マスク着用マスク[UNK]して散歩してるよ[UNK][UNK]も不要不[UNK]外出し無いけれど、感染には気をつける[UNK][UNK]に[UNK]は、[UNK]からと言ってね[UNK][UNK]：／／ｔ．ｃｏ／[UNK][UNK][UNK][UNK]Ｗｉ	2
1329911173634875394	[CLS]＠[UNK][UNK]＠[UNK]＿[UNK]あ！そうか！そもそも、都会の方は、電車はどんどんくるけど、、福岡や佐賀の[UNK]駅は、[UNK]時間に[UNK]本位しか電車来ません[UNK][UNK][UNK]一本逃すと、[UNK]、[UNK]分遅れます[UNK]	2
1329907741503102977	[CLS]＠[UNK][UNK]＠[UNK]＿[UNK]私は曜日の感覚がなく[UNK]電車の時刻表、、平日と[UNK]見間違え[UNK]来ない電車に一瞬[UNK]したけど、新幹線の時間には[UNK]ことが判明[UNK][UNK][UNK]〜〜[UNK]＃一本早めの行動設定にしてて良かった＃[UNK][UNK]ない時間帯＃[UNK]福岡脱出[UNK][UNK]＃福岡と佐賀の県境の田舎から[UNK]ます[UNK][UNK]：／／ｔ．ｃｏ／[UNK][UNK][UNK][UNK][UNK]	1
1329903563657474048	[CLS]休日出勤…。早上がりだけどね。[UNK]：／／ｔ．ｃｏ／[UNK][UNK][UNK][UNK][UNK]	1
1329896727067774985	[CLS][UNK]の全国のコロナ感染者数は[UNK]人です。依然として過去最多レベルです。日本医師会は明確に[UNK]キャンペーンが第三波の原因と明言しました。北海道も不要不[UNK]外出禁止令を要請しました。北海道は事実上の緊急事態宣言です。各都道府県知事は不要[UNK]を外出禁止令要請及び高齢者保護を要請です	2
1329889769392910354	[CLS]コロナ後はじめての鉄道旅行。十分気をつけていってきます。（＠飯塚駅ｉｎ飯塚市，福岡県）[UNK]：／／ｔ．ｃｏ／[UNK][UNK][UNK][UNK]：／／ｔ．ｃｏ／[UNK][UNK]	0
1329886643105382401	[CLS][UNK]も[UNK]：[UNK]からＯｐｅｎです[UNK]出勤は[UNK][UNK]時半[UNK]さん[UNK]時[UNK]さん、ジルさん[UNK]時[UNK]さん[UNK]時[UNK]さん[UNK]時[UNK]さんですよ[UNK]ご予約お待ちしております[UNK]オフィシャル[UNK]：／／ｔ．ｃｏ／[UNK][UNK][UNK][UNK][UNK][UNK]：／／ｔ．ｃｏ／[UNK][UNK][UNK]：／／ｔ．ｃｏ／[UNK][UNK][UNK]	0
1329831367513837574	[CLS]正直コロナもそうですが、今年に入って悲しい別れや心折れそうな出来事があり。仕事を埋める事でなんとかしてましたが、限界でした。友達の「飲みにお[UNK]」に救われました。	0
1329807165276577799	[CLS]＠[UNK]おお[UNK]それは家出る前にチェックを促す[UNK]をセットしておきましょう[UNK]息子さんと電車いいですね！！電車に乗ってスタジアムでサッカーの応援なんて、きっと大人になってからも覚えてる思い出になりますよ[UNK][UNK]	0
1329767044082909192	[CLS][UNK]、今回の福岡旅行の[UNK]事項はこちら。実質明日と[UNK]である程度利用しておかないとかなり[UNK]（最終日は[UNK]：[UNK]の便に搭乗するため、空港で土産を購入する時間が限られるから）。[UNK]：／／ｔ．ｃｏ／[UNK][UNK][UNK][UNK]	1
1329761168081051649	[CLS]ご[UNK]ありがとう[UNK][UNK][UNK]わたしもドリンク[UNK]と[UNK]たちと写真[UNK]せて[UNK]よかったと、後から思いました[UNK]また、[UNK][UNK]ドリンク飲みにいらしてください[UNK][UNK]：／／ｔ．ｃｏ／[UNK][UNK][UNK]	0
1330131803571691524	[CLS][UNK]。質問です。九州北部でおすすめの駅どこですか？教えてください。お願いします。大回り乗車の時とか普通の旅行の時に行きたいので。[UNK]：／／ｔ．ｃｏ／ｚ[UNK][UNK][UNK]	1
1329720223293865985	[CLS]開始[UNK][UNK]早めに出勤しようとバス停[UNK][UNK]分待ちで[UNK]る。[UNK][UNK][UNK]（[UNK][UNK][UNK][UNK][UNK]）[UNK]酒飲んで[UNK]（[UNK][UNK][UNK]·[UNK][UNK][UNK][UNK][UNK]）[UNK][UNK]：／／ｔ．ｃｏ／[UNK][UNK][UNK]	0
1329709436873502721	[CLS]まだまだ特別割引実施しております[UNK]この時間からの出勤[UNK]は[UNK]ジルさん[UNK]ミランダさん[UNK]マリーさん[UNK][UNK]さんです[UNK]ご予約お待ちしております[UNK]オフィシャル[UNK]：／／ｔ．ｃｏ／[UNK][UNK][UNK][UNK][UNK][UNK]：／／ｔ．ｃｏ／[UNK][UNK][UNK]：／／ｔ．ｃｏ／[UNK][UNK][UNK]	0
1329704682231525378	[CLS][UNK]年越しに念願[UNK]五島列島へ。島から島への移動、島内での移動、世界遺産巡り、食事、ホテルなど、時刻表や地図を見ながら考える。全部自分で自由に決められて、脳が活性化している気がする。ちなみに五島列島は両親の新婚旅行先だったとつい最近知った。親子の血って怖い。	0
1329698086747160576	[CLS][UNK]五島に旅行に行く！予約できるかとある人気飲食店に問い合わせの電話をしたら、対応が[UNK][UNK][UNK]。多分もう行くことはないな。他を[UNK]で[UNK]。早めに電話して[UNK]	2
1329696052149059590	[CLS]＠[UNK][UNK]ポイントのやつは[UNK][UNK]とか見てて気づいた。飲みに出たの、あなた達とが[UNK]わ。	1
1329694385877839872	[CLS]東京足立区のバス会社が実施した日帰りのバス旅行に参加した[UNK]人の女性が、新型コロナウイルスに感染していることが確認され…[UNK]：／／ｔ．ｃｏ／[UNK][UNK][UNK]ｋ[UNK][UNK]ここじゃないかもしれないが、バスの中でカラオケしたとか報道があったぞ！馬鹿か！[UNK]して[UNK]する	2
1329692058454347777	[CLS]講師の話によると、[UNK]なると旅行などのお金をかけた娯楽のかわりに[UNK]楽しめる映画館が賑わうという話。[UNK]年以上前に聞いたから、今でいえば映画館だけではなく、ネット[UNK]などの動画配信やネット漫画やゲームとかなのかな？	1
1329672003813457920	[CLS][UNK][UNK]まで[UNK]のに[UNK]外[UNK]風[UNK][UNK][UNK][UNK]に[UNK]為戻ってきたよ（・・；これ[UNK]したら絶対風邪[UNK]やつ[UNK]…[UNK]	2
1329657260339986432	[CLS][UNK]出勤はなんとか回避した。	2
1329615227088891904	[CLS]そういえば[UNK]の出勤が[UNK]日で[UNK]時間だったので危機感を感じています	1
1329601315522035712	[CLS]これから[UNK]に行くが、電車が超レトロ！[UNK]：／／ｔ．ｃｏ／[UNK][UNK][UNK][UNK]ｋ	1
1329594467150491650	[CLS]＠[UNK][UNK][UNK]以前より電車も[UNK]た気がしました[UNK]	1
1329583026792144899	[CLS]今日は[UNK]出勤日[UNK][UNK]早めに天神に到着して[UNK]でモーニングブレイクタイム[UNK]＃[UNK][UNK]出勤日＃モーニングブレイクタイム＃[UNK]天神地下街店＃[UNK][UNK]＃[UNK][UNK][UNK]：／／ｔ．ｃｏ／[UNK][UNK][UNK]	2
1329576016772169729	[CLS]職場から徒歩[UNK]分の場所で一晩過ごすとはいえ、起きる時間は普段と変わらない。朝食[UNK]や[UNK]があるからな！というわけで無事に出勤しました。目標達成！[UNK]：／／ｔ．ｃｏ／[UNK][UNK][UNK]：／／ｔ．ｃｏ／[UNK][UNK][UNK]	1
1330296270456573952	[CLS][UNK][UNK]：／／ｔ．ｃｏ／[UNK][UNK][UNK][UNK]	0
1330285251625709575	[CLS]政治家や専門家が考える旅行と、私たちが普段楽しんでる旅行の見解が[UNK]異なる気がするよ。一人旅、二人旅くらいで観光地巡って[UNK]もの食べるだけならしっかり感染対策したらリスクなんてどこにある[UNK]。お[UNK]さんは旅行といえば接待を伴うものと勘違いしてない？[UNK]：／／ｔ．ｃｏ／[UNK]	2
1330281545446338562	[CLS]おはよう、今日は日曜日出勤[UNK]…………	1
1330272412085182464	[CLS][UNK]言葉「休日出勤」行ってきます…[UNK]ｈｔｔｐｓ：／／ｔ．ｃｏ／[UNK][UNK][UNK]	1
1330268061274959872	[CLS]＠[UNK][UNK][UNK][UNK][UNK]おはよう[UNK][UNK][UNK][UNK]こちらは[UNK]℃、日中は[UNK]℃とまだまだ暖かいですね。今日は、[UNK]時の出勤です。一日[UNK]で[UNK]ましょう[UNK][UNK]	0
1330266900241264648	[CLS][UNK]両編成の電車が[UNK]走っているあたり、福岡と札幌は違うよ[UNK]	2
1330261759849078790	[CLS][UNK]も[UNK]：[UNK]からＯｐｅｎです[UNK]出勤は[UNK][UNK]時[UNK]さん[UNK]時半[UNK]さん[UNK]時[UNK]さん、ジルさん、ローズさん[UNK][UNK]シェリーさん[UNK]時[UNK]さんですよ[UNK]ご予約お待ちしております[UNK]オフィシャル[UNK]：／／ｔ．ｃｏ／[UNK][UNK][UNK][UNK][UNK][UNK]：／／ｔ．ｃｏ／[UNK][UNK][UNK]：／／ｔ．ｃｏ／[UNK][UNK][UNK]	0
1330252153168990209	[CLS][UNK]、出勤。	0
1330228890414047233	[CLS]以前、[UNK]飲食店があったが、その店の目的は[UNK]料理を食べたいだけであり、店主と個人的に仲良くなりたい訳でもなかった。でも、店主が、携帯番号聞いてきて、[UNK]と飲みに[UNK]きて、飲食店以外にやっている、保険の勧誘や、新聞の勧誘をしてきて、[UNK]絶縁しました。	2
1330219777420390403	[CLS]経済を停滞させてはいけないし、緊急事態宣言を[UNK]倒産件数、人員削減、失業者が増加して、自殺者が増え、給付金、社会保障で、国や地方の財政も困窮するとは言え、今、コンサートや、イベントや、スポーツ観戦や、旅行などをするのは、新型コロナを[UNK]見すぎていると思う。	0
1330212609598103554	[CLS]羽田空港が激[UNK]、新幹線[UNK]の列、高速大渋滞とのニュースを見て、三[UNK]後、感染者数は、[UNK]増加している事が予測されます。ＳＮＳを見ていると、キャンセル料[UNK]さに、体調不良でも旅行を決行しているケースもあるようで、コロナ拡散され続ける[UNK]ね。	2
1330161622975975425	[CLS]＠[UNK][UNK]明日こうやって出勤したいわｗ	2
1330160523627868160	[CLS]昨年人吉へ行った時もＳＬ人吉が普通に走っている姿を見る事が出来なかったので、ＳＬ人吉の走る姿を見るべく昼過ぎに近所へ[UNK]してみた。[UNK]には[UNK]ｍｍも興味が無いし、[UNK]とさえ思わない[UNK]、この『無限』というロゴ？がなんか[UNK]。。。[UNK]：／／ｔ．ｃｏ／[UNK][UNK][UNK]：／／ｔ．ｃｏ／[UNK]	2
1330158087530033152	[CLS]休日出勤の帰りにラーメン天[UNK]に行って来ました[UNK][UNK]特製ラーメンと[UNK]を[UNK]ました[UNK][UNK][UNK]＃北九州のラーメン＃北九州の[UNK]＃ラーメン[UNK]＃[UNK]特製ラーメン＃[UNK][UNK]：／／ｔ．ｃｏ／ｉ[UNK][UNK]	0
1330155927488647171	[CLS]今日の仕事を終えた電車が[UNK]乗り場に停車中。朝が来るのを待ちます。[UNK]：／／ｔ．ｃｏ／[UNK]	2
1330155259918946306	[CLS][UNK][UNK]福岡旅行一日目で[UNK]発動	2
1330149807814545421	[CLS][UNK]西鉄電車に乗車！[UNK]：／／ｔ．ｃｏ／[UNK][UNK]	0
1329964168498139136	[CLS]勤労感謝の日って、必要なのだろうか…？ならばすべての働いている人が[UNK]ないと意味ない[UNK]たくさんの人働いてるし、うちの会社は強制出勤させられるんですが？[UNK]	2
1330129076393287680	[CLS][UNK]から京都へ旅行コロナが少し[UNK]けど京都はまだ感染者少なめでホッ[UNK][UNK]最近は旅行は好きで行きたいけど[UNK]と[UNK]が[UNK][UNK]ここだけの話．．．夫との旅行は少し[UNK]（笑）気の合うお友達とハワイ旅行に行きたい〜〜〜[UNK]	1
1330128041251655691	[CLS]今の現状が国家規模の対策の結果だとしたら[UNK]も[UNK]すぎて[UNK]なる備蓄期間を設けて[UNK]ヶ月外出禁止令を出し違反者は隔離、検査これを[UNK]収束できるだろうに…このまま[UNK]と[UNK]れるように生活するのは[UNK]！	2
1330111386635137026	[CLS][UNK]、車で来たのに電車で帰るところだったぜ☆	2
1330093047141572610	[CLS]＠[UNK]時代は常駐先に『出勤』でしたね。	1
1330091073063034881	[CLS]これから北の方角へ電車で向かいます[UNK][UNK][UNK]：／／ｔ．ｃｏ／ｌ[UNK][UNK]	1
1330086605843992579	[CLS]電車で前に立ってる人がもろにＰＫを[UNK]る[UNK][UNK][UNK]	1
1330086019555856386	[CLS]そして、[UNK]さんとも[UNK]を[UNK]（実は、声を掛けるまでかなりの緊張に襲われていたのですが、とても[UNK]接していた[UNK]、ありがとう[UNK]。）帰りにもお仲間と一緒に駅まで、電車まで[UNK]明日は、実践編です。今日のことを活かして、更に多くの学びを得たいと思います。	0
1330073861346496518	[CLS]今日外出先で背中漏れを起こした息子。共に行事参加していた先輩が[UNK][UNK]交換と[UNK]をしてくださいました！「介護でこんなの慣れているから！」みたいなことを言っていて、「あ、うちの[UNK]と同じだ！」（介護経験あり！）と思いました！	0
1330073362857664517	[CLS]旅行や飲食…身近なコトだからこそ[UNK]に挙げられやすいのはわかる。しかし誰よりも血を流したし、感染対策だってやってきた。そしてこれらの戦いは続くのも事実。ただ一つだけマスメディアや批判だけする人は、自らを[UNK]としなくてよいのか？[UNK]年後に生き残るのはどちらか。逆に[UNK]なる。	0
1330065655031279621	[CLS][UNK]山[UNK]のホームで電車を待っていた女の子達が無限列車の回送を見て皆[UNK]「[UNK]」言ってたｗ[UNK]は無限列車になって人気者である。	0
1330063758178328578	[CLS]＠[UNK]＿[UNK]航空株、旅行関連株、[UNK]から[UNK]そうな展開。	0
1330053129895866374	[CLS]ちょっと[UNK]したので、[UNK]補給。福島[UNK]さんは、老舗のお店。メインは[UNK]ですが、こちらもヨシ。お見知り置きを[UNK][UNK]：／／ｔ．ｃｏ／[UNK]	0
1330048866348118018	[CLS][UNK]出勤中に[UNK][UNK]の[UNK]見た[UNK]	2
1330040261548838914	[CLS][UNK][UNK][UNK][UNK]今度はゆっくり飲みに来たいな[UNK][UNK]：／／ｔ．ｃｏ／[UNK]	1
1330039746299637760	[CLS]＠[UNK]＿＿[UNK][UNK][UNK]＠[UNK]＿[UNK]電車の中で銃[UNK]バグもありますよね（笑）	0
1330039491722158081	[CLS][UNK]保育園のみんなは、天気の良い日はお散歩に[UNK]します[UNK][UNK][UNK]みんな元気[UNK][UNK]から、先生たちも[UNK][UNK][UNK]保育園のブログ[UNK][UNK]：／／ｔ．ｃｏ／[UNK]＃[UNK]保育園＃[UNK]区＃保育園＃ケアプラザ倶楽部[UNK]＃社会福祉法人も[UNK][UNK]会[UNK]：／／ｔ．ｃｏ／Ｂ[UNK]Ｊ[UNK][UNK]	0
1330037637822996486	[CLS][UNK]のカフェ・[UNK]では、お[UNK]さんへ[UNK]しました[UNK][UNK]を買って帰り、[UNK]と[UNK]へ植えました[UNK]これからは毎日[UNK]お花に[UNK]れますね[UNK]カフェ・[UNK]のブログ[UNK][UNK]：／／ｔ．ｃｏ／[UNK][UNK][UNK]＃[UNK]＃[UNK]区＃カフェ[UNK]＃社会福祉法人も[UNK]聖友会	0
1330032288063774720	[CLS]これで出かけたけど、、[UNK]見られるｗ[UNK]？（笑）＃[UNK][UNK]：／／ｔ．ｃｏ／[UNK][UNK]Ｂ[UNK]Ｓ	1
1330032031078756356	[CLS][UNK]号小（[UNK]）倉北高[UNK]西鉄天神高速ＢＴ→高速千代ＮＴ＃[UNK]にバスナビ[UNK]に最適な天気、ちょっと遠くまで乗ってみる。九州道北九州方面、光の当たり具合が最高！実は『高速○○バス停』初利用。本当に都市[UNK]上で[UNK]れるんだ[UNK][UNK]：／／ｔ．ｃｏ／[UNK]	0
1330031114455552000	[CLS]旅行中の＃Ｓｕｉｃａペンギン（社長）すぐに外に出られるようにウエスト[UNK]に旅行中はいる。＃Ｓｕｉｃａ＃ＪＲ九州＃旅行好きな人と繋がりたい＃ペンギン好き[UNK]：／／ｔ．ｃｏ／[UNK][UNK][UNK][UNK]	0
1330030302379577345	[CLS]＠[UNK]＿[UNK][UNK][UNK]します[UNK]私は、[UNK]骨折で入院[UNK]週間目、医療現場もコロナ対応で、病棟から[UNK][UNK]し面会[UNK][UNK]も[UNK][UNK]ガラスドア[UNK]に[UNK]籠の鳥状態でストレスＭＡＸ一時帰宅も外出も[UNK]リハビリ早めに[UNK]自主退院しかないな[UNK]	0
1330027301837402114	[CLS]＠Ｏ[UNK][UNK][UNK][UNK][UNK]部隊にもよりますが、[UNK]者にとって、一番の楽しみは外出な[UNK]、これを奪うのが[UNK]懲罰でした。ほとんどの[UNK]は、心が[UNK][UNK]退職か脱柵して懲戒免職になるか、どちらかでした。厳しい懲罰がいじめ撲滅の一歩だと思います。	2
1330023436089917447	[CLS]自分らの頃は[UNK]奴を[UNK]、[UNK]で気をつけの姿勢を[UNK]とやらしました[UNK]締めあげるよりも一番辛い事をやらせるほうが効果がありますから。次やった時は、退職するまで無期限の外出禁止にしてました。[UNK]：／／ｔ．ｃｏ／[UNK][UNK][UNK]	1
1330018197706141697	[CLS][UNK]博多駅に戻りましてこれよりソニックで＠[UNK]＿[UNK]さんが一番行きたいあの聖地へ[UNK]ます。また[UNK]まで隣のホームでは[UNK]列車が止まってい[UNK]。＃旅行＃福岡市＃鉄道[UNK]：／／ｔ．ｃｏ／[UNK][UNK][UNK]	0
1329997838349074433	[CLS]＠[UNK][UNK]さんも含めてみんな全力で楽しめる旅行したいなら今は自粛してほしいですよね[UNK]	2
1329997055352217607	[CLS]今日もコロナ対応で身体を張ってる医療従事者がどんだけ自分を犠牲にしているかを[UNK]べし。感染リスク減らしたいなら旅行キャンセルすべし。キャンセル料[UNK]コロナウイルスに感染するリスクを自ら高めたいのかな？[UNK]：／／ｔ．ｃｏ／ｋ[UNK]Ｏ[UNK][UNK][UNK]ｇ	2
1329996730071334914	[CLS]＠[UNK][UNK]博多[UNK]、もう次の電車に乗りましたけど。また[UNK]時前後に来ます。夕方にはラウンドワン佐賀	0
1329995199548801024	[CLS]私[UNK]回目の結婚記念日の旅行を[UNK]月に予定してたが目的地でコロナ感染者が急増したので[UNK]の思いで渡航日[UNK]週間前にキャンセル料払ってキャンセルした。旅行は[UNK]生きて[UNK]いつでも行ける。ｗｉｔｈコロナで安全性の高いワクチン接種してからでも遅くない。リスクは低いが一番。[UNK]：／／ｔ．ｃｏ／[UNK][UNK][UNK]	2
1329985920846622721	[CLS]中学生で[UNK]人で福岡旅行…	1
1329978300714782720	[CLS]今日から我慢の[UNK][UNK]です。日本全国の[UNK]この[UNK][UNK]は遠方[UNK]はせずに自分自身の都道府県内で楽しく過ごしてください。たったの[UNK]日間です！！日本全国の[UNK]地元を楽しんで地元商店、飲食店、旅館、ホテル「ラブホテルも含む」とにかく[UNK][UNK]地元で楽しく過ごしてください。地元愛も[UNK]	0
1329972661057818624	[CLS]なんか[UNK]でトラブルがあったらしく電車[UNK]った…	1
1329942447468683266	[CLS]おはよう[UNK][UNK][UNK]は土曜日出勤の日です！福岡は[UNK]います[UNK][UNK]朝はみんなで会社の周りを[UNK]、清掃しました[UNK][UNK]〜〜[UNK]も最後まで[UNK]ましょう！[UNK]＃企業公式が[UNK]地元の天気を言い合う＃企業公式冬のフォロー祭り＃福岡＃天気＃[UNK]＃清掃活動[UNK]：／／ｔ．ｃｏ／[UNK][UNK][UNK]	0
1329960060731047936	[CLS][UNK]トラベルの前にやめることがある[UNK]。満員電車とか飲み会とか。[UNK]はないけどｗ	1
1329957377471246339	[CLS]西鉄[UNK]行旅人淡い色合いが[UNK][UNK]のイメージを良く表しています。＃鉄道＃電車＃西鉄[UNK]：／／ｔ．ｃｏ／[UNK][UNK][UNK][UNK][UNK]	0
1329955404424622081	[CLS]十数年前毎日出勤で使ってたな。（＠赤坂駅[UNK]，福岡県）[UNK]：／／ｔ．ｃｏ／[UNK][UNK][UNK][UNK]	1
1329945534577004544	[CLS][UNK]。外出たくない	2
1329943815860350976	[CLS]今日は[UNK]電車で[UNK]へ[UNK]：／／ｔ．ｃｏ／[UNK][UNK][UNK]	2
1329943455271845888	[CLS]＠[UNK][UNK][UNK]利に円を配布すれば、外食、旅行、貯金、投資、循環して、[UNK]	0
1329942783696674816	[CLS]＠[UNK]おはよう[UNK]。[UNK]宿の外[UNK][UNK]よりも風が[UNK]なってました。[UNK]日は出てるのでまだ暖かいのですが…。今日はもう少し九州走って夕方くらいに本州[UNK]と思ってます。[UNK]	1
